country,year,c_cdr_lo
afg,2000,13.0
afg,2001,17.0
afg,2002,23.0
afg,2003,22.0
afg,2004,28.0
afg,2005,32.0
afg,2006,36.0
afg,2007,39.0
afg,2008,38.0
afg,2009,34.0
afg,2010,36.0
afg,2011,34.0
afg,2012,34.0
afg,2013,35.0
afg,2014,35.0
afg,2015,39.0
afg,2016,44.0
afg,2017,48.0
afg,2018,48.0
afg,2019,51.0
alb,2000,75.0
alb,2001,75.0
alb,2002,75.0
alb,2003,75.0
alb,2004,75.0
alb,2005,75.0
alb,2006,75.0
alb,2007,75.0
alb,2008,75.0
alb,2009,75.0
alb,2010,75.0
alb,2011,75.0
alb,2012,75.0
alb,2013,75.0
alb,2014,75.0
alb,2015,75.0
alb,2016,75.0
alb,2017,75.0
alb,2018,75.0
alb,2019,75.0
dza,2000,63.0
dza,2001,63.0
dza,2002,63.0
dza,2003,63.0
dza,2004,63.0
dza,2005,63.0
dza,2006,63.0
dza,2007,63.0
dza,2008,63.0
dza,2009,63.0
dza,2010,63.0
dza,2011,63.0
dza,2012,63.0
dza,2013,63.0
dza,2014,63.0
dza,2015,63.0
dza,2016,63.0
dza,2017,63.0
dza,2018,63.0
dza,2019,63.0
asm,2000,75.0
asm,2001,75.0
asm,2002,75.0
asm,2003,75.0
asm,2004,75.0
asm,2005,75.0
asm,2006,75.0
asm,2007,75.0
asm,2008,75.0
asm,2009,75.0
asm,2010,75.0
asm,2011,75.0
asm,2015,75.0
asm,2017,75.0
asm,2019,75.0
and,2000,75.0
and,2001,75.0
and,2002,75.0
and,2003,75.0
and,2004,75.0
and,2005,75.0
and,2006,75.0
and,2007,75.0
and,2008,75.0
and,2009,75.0
and,2010,75.0
and,2011,75.0
and,2012,75.0
and,2013,75.0
and,2014,75.0
and,2015,75.0
and,2016,75.0
and,2017,75.0
and,2018,75.0
and,2019,75.0
ago,2000,23.0
ago,2001,29.0
ago,2002,37.0
ago,2003,42.0
ago,2004,38.0
ago,2005,36.0
ago,2006,51.0
ago,2007,36.0
ago,2008,38.0
ago,2009,33.0
ago,2010,35.0
ago,2011,36.0
ago,2012,38.0
ago,2013,42.0
ago,2014,38.0
ago,2015,41.0
ago,2016,40.0
ago,2017,36.0
ago,2018,42.0
ago,2019,46.0
aia,2001,0.0
aia,2002,0.0
aia,2003,0.0
aia,2004,0.0
aia,2006,0.0
aia,2007,0.0
aia,2010,25.0
aia,2011,0.0
aia,2012,0.0
aia,2013,0.0
aia,2014,22.0
aia,2015,0.0
aia,2016,0.0
aia,2018,0.0
atg,2000,75.0
atg,2001,75.0
atg,2002,75.0
atg,2003,75.0
atg,2005,75.0
atg,2006,75.0
atg,2007,75.0
atg,2008,75.0
atg,2009,75.0
atg,2010,75.0
atg,2011,75.0
atg,2012,75.0
atg,2013,75.0
atg,2014,75.0
atg,2016,75.0
atg,2017,75.0
atg,2018,75.0
arg,2000,75.0
arg,2001,75.0
arg,2002,75.0
arg,2003,75.0
arg,2004,75.0
arg,2005,75.0
arg,2006,75.0
arg,2007,75.0
arg,2008,75.0
arg,2009,75.0
arg,2010,75.0
arg,2011,75.0
arg,2012,75.0
arg,2013,75.0
arg,2014,75.0
arg,2015,75.0
arg,2016,75.0
arg,2017,75.0
arg,2018,75.0
arg,2019,75.0
arm,2000,63.0
arm,2001,63.0
arm,2002,63.0
arm,2003,63.0
arm,2004,63.0
arm,2005,63.0
arm,2006,63.0
arm,2007,63.0
arm,2008,63.0
arm,2009,63.0
arm,2010,63.0
arm,2011,63.0
arm,2012,63.0
arm,2013,63.0
arm,2014,63.0
arm,2015,63.0
arm,2016,63.0
arm,2017,63.0
arm,2018,63.0
arm,2019,63.0
abw,2010,75.0
abw,2011,75.0
abw,2012,75.0
abw,2013,75.0
abw,2014,75.0
abw,2016,75.0
abw,2017,75.0
abw,2018,75.0
abw,2019,75.0
aus,2000,75.0
aus,2001,75.0
aus,2002,75.0
aus,2003,75.0
aus,2004,75.0
aus,2005,75.0
aus,2006,75.0
aus,2007,75.0
aus,2008,75.0
aus,2009,75.0
aus,2010,75.0
aus,2011,75.0
aus,2012,75.0
aus,2013,75.0
aus,2014,75.0
aus,2015,75.0
aus,2016,75.0
aus,2017,75.0
aus,2018,75.0
aus,2019,75.0
aut,2000,75.0
aut,2001,75.0
aut,2002,75.0
aut,2003,75.0
aut,2004,75.0
aut,2005,75.0
aut,2006,75.0
aut,2007,75.0
aut,2009,75.0
aut,2010,75.0
aut,2011,75.0
aut,2012,75.0
aut,2013,75.0
aut,2014,75.0
aut,2015,75.0
aut,2016,75.0
aut,2017,75.0
aut,2018,75.0
aut,2019,72.0
aze,2000,63.0
aze,2001,63.0
aze,2002,63.0
aze,2003,63.0
aze,2004,63.0
aze,2005,63.0
aze,2006,63.0
aze,2007,63.0
aze,2008,63.0
aze,2009,63.0
aze,2010,63.0
aze,2011,63.0
aze,2012,63.0
aze,2013,63.0
aze,2014,63.0
aze,2015,63.0
aze,2016,63.0
aze,2017,63.0
aze,2018,63.0
aze,2019,63.0
bhs,2000,75.0
bhs,2002,75.0
bhs,2003,75.0
bhs,2004,75.0
bhs,2005,75.0
bhs,2006,75.0
bhs,2007,75.0
bhs,2008,75.0
bhs,2009,75.0
bhs,2010,75.0
bhs,2011,75.0
bhs,2012,75.0
bhs,2013,75.0
bhs,2014,75.0
bhs,2015,75.0
bhs,2016,75.0
bhs,2017,75.0
bhs,2018,75.0
bhs,2019,75.0
bhr,2000,75.0
bhr,2001,75.0
bhr,2002,75.0
bhr,2003,75.0
bhr,2004,75.0
bhr,2005,75.0
bhr,2006,75.0
bhr,2007,75.0
bhr,2008,75.0
bhr,2009,75.0
bhr,2010,75.0
bhr,2011,75.0
bhr,2012,75.0
bhr,2013,75.0
bhr,2016,75.0
bhr,2017,75.0
bhr,2018,75.0
bhr,2019,75.0
bgd,2000,20.0
bgd,2001,20.0
bgd,2002,22.0
bgd,2003,22.0
bgd,2004,25.0
bgd,2005,30.0
bgd,2006,35.0
bgd,2007,36.0
bgd,2008,36.0
bgd,2009,38.0
bgd,2010,36.0
bgd,2011,36.0
bgd,2012,38.0
bgd,2013,42.0
bgd,2014,43.0
bgd,2015,46.0
bgd,2016,48.0
bgd,2017,52.0
bgd,2018,57.0
bgd,2019,61.0
brb,2000,75.0
brb,2001,75.0
brb,2002,75.0
brb,2004,75.0
brb,2006,75.0
brb,2007,75.0
brb,2008,75.0
brb,2009,75.0
brb,2010,75.0
brb,2012,75.0
brb,2013,75.0
brb,2014,75.0
brb,2016,75.0
brb,2018,75.0
blr,2000,63.0
blr,2001,63.0
blr,2002,63.0
blr,2003,63.0
blr,2004,63.0
blr,2005,63.0
blr,2006,63.0
blr,2007,63.0
blr,2008,63.0
blr,2009,63.0
blr,2010,63.0
blr,2011,63.0
blr,2012,63.0
blr,2013,63.0
blr,2014,63.0
blr,2015,63.0
blr,2016,63.0
blr,2017,63.0
blr,2018,63.0
blr,2019,63.0
bel,2000,75.0
bel,2001,75.0
bel,2002,75.0
bel,2003,75.0
bel,2004,75.0
bel,2005,75.0
bel,2006,75.0
bel,2007,75.0
bel,2008,75.0
bel,2009,75.0
bel,2010,75.0
bel,2011,75.0
bel,2012,75.0
bel,2013,75.0
bel,2014,75.0
bel,2015,75.0
bel,2016,75.0
bel,2017,75.0
bel,2018,75.0
bel,2019,75.0
blz,2000,75.0
blz,2001,75.0
blz,2002,75.0
blz,2003,75.0
blz,2004,75.0
blz,2005,75.0
blz,2006,75.0
blz,2007,75.0
blz,2008,75.0
blz,2009,75.0
blz,2010,75.0
blz,2011,75.0
blz,2012,75.0
blz,2013,75.0
blz,2014,75.0
blz,2015,75.0
blz,2016,75.0
blz,2017,75.0
blz,2018,75.0
blz,2019,75.0
ben,2000,32.0
ben,2001,32.0
ben,2002,34.0
ben,2003,35.0
ben,2004,38.0
ben,2005,39.0
ben,2006,43.0
ben,2007,43.0
ben,2008,45.0
ben,2009,44.0
ben,2010,42.0
ben,2011,46.0
ben,2012,43.0
ben,2013,42.0
ben,2014,43.0
ben,2015,44.0
ben,2016,43.0
ben,2017,39.0
ben,2018,43.0
ben,2019,46.0
bmu,2004,75.0
bmu,2006,75.0
bmu,2010,75.0
bmu,2011,75.0
bmu,2012,75.0
bmu,2016,75.0
bmu,2017,75.0
bmu,2018,75.0
bmu,2019,75.0
btn,2000,63.0
btn,2001,63.0
btn,2002,63.0
btn,2003,63.0
btn,2004,63.0
btn,2005,63.0
btn,2006,63.0
btn,2007,63.0
btn,2008,63.0
btn,2009,63.0
btn,2010,63.0
btn,2011,63.0
btn,2012,63.0
btn,2013,63.0
btn,2014,63.0
btn,2015,63.0
btn,2016,63.0
btn,2017,63.0
btn,2018,63.0
btn,2019,63.0
bol,2000,46.0
bol,2001,52.0
bol,2002,50.0
bol,2003,46.0
bol,2004,49.0
bol,2005,50.0
bol,2006,44.0
bol,2007,42.0
bol,2008,45.0
bol,2009,45.0
bol,2010,43.0
bol,2011,45.0
bol,2012,44.0
bol,2013,45.0
bol,2014,44.0
bol,2015,43.0
bol,2016,43.0
bol,2017,43.0
bol,2018,44.0
bol,2019,43.0
bih,2000,63.0
bih,2001,63.0
bih,2002,63.0
bih,2003,63.0
bih,2004,63.0
bih,2005,63.0
bih,2006,63.0
bih,2007,63.0
bih,2008,63.0
bih,2009,63.0
bih,2010,63.0
bih,2011,63.0
bih,2012,63.0
bih,2013,63.0
bih,2014,63.0
bih,2015,63.0
bih,2016,63.0
bih,2017,63.0
bih,2018,63.0
bih,2019,51.0
bwa,2000,43.0
bwa,2001,45.0
bwa,2002,52.0
bwa,2003,52.0
bwa,2004,57.0
bwa,2005,60.0
bwa,2006,48.0
bwa,2007,46.0
bwa,2008,62.0
bwa,2009,61.0
bwa,2010,48.0
bwa,2011,48.0
bwa,2012,58.0
bwa,2013,64.0
bwa,2014,57.0
bwa,2015,46.0
bwa,2016,62.0
bwa,2017,64.0
bwa,2018,60.0
bwa,2019,42.0
bra,2000,75.0
bra,2001,75.0
bra,2002,75.0
bra,2003,75.0
bra,2004,75.0
bra,2005,75.0
bra,2006,75.0
bra,2007,75.0
bra,2008,75.0
bra,2009,75.0
bra,2010,75.0
bra,2011,75.0
bra,2012,75.0
bra,2013,75.0
bra,2014,75.0
bra,2015,75.0
bra,2016,75.0
bra,2017,75.0
bra,2018,75.0
bra,2019,75.0
vgb,2000,75.0
vgb,2001,75.0
vgb,2002,75.0
vgb,2003,75.0
vgb,2004,75.0
vgb,2010,75.0
vgb,2013,75.0
vgb,2018,75.0
brn,2000,75.0
brn,2001,75.0
brn,2002,75.0
brn,2003,75.0
brn,2004,75.0
brn,2005,75.0
brn,2006,75.0
brn,2007,75.0
brn,2008,75.0
brn,2009,75.0
brn,2010,75.0
brn,2011,75.0
brn,2012,75.0
brn,2013,75.0
brn,2014,75.0
brn,2015,75.0
brn,2016,75.0
brn,2017,75.0
brn,2018,75.0
brn,2019,75.0
bgr,2000,63.0
bgr,2001,63.0
bgr,2002,63.0
bgr,2003,63.0
bgr,2004,63.0
bgr,2005,63.0
bgr,2006,63.0
bgr,2007,63.0
bgr,2008,63.0
bgr,2009,63.0
bgr,2010,63.0
bgr,2011,63.0
bgr,2012,63.0
bgr,2013,63.0
bgr,2014,63.0
bgr,2015,63.0
bgr,2016,63.0
bgr,2017,63.0
bgr,2018,63.0
bgr,2019,71.0
bfa,2000,20.0
bfa,2001,21.0
bfa,2002,20.0
bfa,2003,22.0
bfa,2004,24.0
bfa,2005,28.0
bfa,2006,31.0
bfa,2007,31.0
bfa,2008,33.0
bfa,2009,37.0
bfa,2010,37.0
bfa,2011,41.0
bfa,2012,40.0
bfa,2013,41.0
bfa,2014,41.0
bfa,2015,42.0
bfa,2016,42.0
bfa,2017,41.0
bfa,2018,44.0
bfa,2019,36.0
bdi,2000,24.0
bdi,2001,26.0
bdi,2002,27.0
bdi,2003,30.0
bdi,2004,32.0
bdi,2005,32.0
bdi,2006,31.0
bdi,2007,33.0
bdi,2008,37.0
bdi,2009,40.0
bdi,2010,43.0
bdi,2011,38.0
bdi,2012,39.0
bdi,2013,43.0
bdi,2014,41.0
bdi,2015,39.0
bdi,2016,43.0
bdi,2017,44.0
bdi,2018,41.0
bdi,2019,38.0
cpv,2001,63.0
cpv,2002,63.0
cpv,2003,63.0
cpv,2004,63.0
cpv,2005,63.0
cpv,2006,63.0
cpv,2007,63.0
cpv,2008,63.0
cpv,2009,63.0
cpv,2010,63.0
cpv,2011,63.0
cpv,2012,63.0
cpv,2013,63.0
cpv,2014,63.0
cpv,2015,63.0
cpv,2016,63.0
cpv,2017,63.0
cpv,2018,63.0
cpv,2019,63.0
khm,2000,19.0
khm,2001,19.0
khm,2002,25.0
khm,2003,29.0
khm,2004,32.0
khm,2005,37.0
khm,2006,36.0
khm,2007,38.0
khm,2008,42.0
khm,2009,43.0
khm,2010,45.0
khm,2011,44.0
khm,2012,46.0
khm,2013,44.0
khm,2014,52.0
khm,2015,43.0
khm,2016,43.0
khm,2017,46.0
khm,2018,40.0
khm,2019,44.0
cmr,2000,7.7
cmr,2001,16.0
cmr,2002,15.0
cmr,2003,21.0
cmr,2004,23.0
cmr,2005,27.0
cmr,2006,30.0
cmr,2007,31.0
cmr,2008,32.0
cmr,2009,32.0
cmr,2010,32.0
cmr,2011,33.0
cmr,2012,33.0
cmr,2013,35.0
cmr,2014,37.0
cmr,2015,37.0
cmr,2016,37.0
cmr,2017,36.0
cmr,2018,35.0
cmr,2019,37.0
can,2000,75.0
can,2001,75.0
can,2002,75.0
can,2003,75.0
can,2004,75.0
can,2005,75.0
can,2006,75.0
can,2007,75.0
can,2008,75.0
can,2009,75.0
can,2010,75.0
can,2011,75.0
can,2012,75.0
can,2013,75.0
can,2014,75.0
can,2015,75.0
can,2016,75.0
can,2017,75.0
can,2018,75.0
can,2019,80.0
cym,2000,75.0
cym,2001,75.0
cym,2004,75.0
cym,2007,75.0
cym,2008,75.0
cym,2009,75.0
cym,2010,75.0
cym,2011,75.0
cym,2012,75.0
cym,2013,75.0
cym,2015,75.0
cym,2016,75.0
cym,2017,75.0
cym,2018,75.0
caf,2001,8.9
caf,2002,16.0
caf,2003,13.0
caf,2004,13.0
caf,2005,10.0
caf,2006,19.0
caf,2008,21.0
caf,2009,26.0
caf,2010,20.0
caf,2011,16.0
caf,2012,24.0
caf,2013,25.0
caf,2014,30.0
caf,2015,30.0
caf,2016,30.0
caf,2017,27.0
caf,2018,30.0
caf,2019,33.0
tcd,2002,26.0
tcd,2003,23.0
tcd,2004,24.0
tcd,2005,29.0
tcd,2007,25.0
tcd,2008,29.0
tcd,2009,34.0
tcd,2010,38.0
tcd,2011,41.0
tcd,2012,40.0
tcd,2013,41.0
tcd,2014,42.0
tcd,2015,39.0
tcd,2016,36.0
tcd,2017,38.0
tcd,2018,42.0
tcd,2019,42.0
chl,2000,75.0
chl,2001,75.0
chl,2002,75.0
chl,2003,75.0
chl,2004,75.0
chl,2005,75.0
chl,2006,75.0
chl,2007,75.0
chl,2008,75.0
chl,2009,75.0
chl,2010,75.0
chl,2011,75.0
chl,2012,75.0
chl,2013,75.0
chl,2014,75.0
chl,2015,75.0
chl,2016,75.0
chl,2017,75.0
chl,2018,75.0
chl,2019,75.0
chn,2000,25.0
chn,2001,27.0
chn,2002,28.0
chn,2003,39.0
chn,2004,52.0
chn,2005,62.0
chn,2006,67.0
chn,2007,73.0
chn,2008,76.0
chn,2009,76.0
chn,2010,76.0
chn,2011,76.0
chn,2012,76.0
chn,2013,76.0
chn,2014,76.0
chn,2015,76.0
chn,2016,76.0
chn,2017,76.0
chn,2018,79.0
chn,2019,76.0
hkg,2000,75.0
hkg,2001,75.0
hkg,2002,75.0
hkg,2003,75.0
hkg,2004,75.0
hkg,2005,75.0
hkg,2006,75.0
hkg,2007,75.0
hkg,2008,75.0
hkg,2009,75.0
hkg,2010,75.0
hkg,2011,75.0
hkg,2012,75.0
hkg,2013,75.0
hkg,2014,75.0
hkg,2015,75.0
hkg,2016,75.0
hkg,2017,75.0
hkg,2018,75.0
hkg,2019,75.0
mac,2000,75.0
mac,2001,75.0
mac,2002,75.0
mac,2003,75.0
mac,2004,75.0
mac,2005,75.0
mac,2006,75.0
mac,2007,75.0
mac,2008,75.0
mac,2009,75.0
mac,2010,75.0
mac,2011,75.0
mac,2012,75.0
mac,2013,75.0
mac,2014,75.0
mac,2015,75.0
mac,2016,75.0
mac,2017,75.0
mac,2018,75.0
mac,2019,75.0
col,2000,63.0
col,2001,63.0
col,2002,63.0
col,2003,63.0
col,2004,63.0
col,2005,63.0
col,2006,63.0
col,2007,63.0
col,2008,63.0
col,2009,63.0
col,2010,63.0
col,2011,63.0
col,2012,63.0
col,2013,63.0
col,2014,63.0
col,2015,63.0
col,2016,63.0
col,2017,63.0
col,2018,63.0
col,2019,63.0
com,2000,40.0
com,2001,46.0
com,2002,36.0
com,2003,24.0
com,2004,29.0
com,2005,35.0
com,2006,35.0
com,2008,42.0
com,2009,40.0
com,2011,34.0
com,2012,34.0
com,2013,33.0
com,2014,40.0
com,2016,41.0
com,2017,32.0
com,2018,29.0
cog,2000,71.0
cog,2001,67.0
cog,2002,60.0
cog,2003,39.0
cog,2004,49.0
cog,2005,45.0
cog,2006,38.0
cog,2007,39.0
cog,2008,38.0
cog,2009,42.0
cog,2010,43.0
cog,2011,49.0
cog,2012,49.0
cog,2013,42.0
cog,2014,39.0
cog,2015,38.0
cog,2016,38.0
cog,2017,36.0
cog,2018,38.0
cog,2019,41.0
cok,2000,75.0
cok,2001,75.0
cok,2002,75.0
cok,2004,75.0
cok,2005,75.0
cok,2006,75.0
cok,2008,75.0
cok,2009,75.0
cok,2011,75.0
cok,2012,75.0
cok,2013,75.0
cok,2014,75.0
cok,2016,75.0
cok,2019,75.0
cri,2000,63.0
cri,2001,63.0
cri,2002,63.0
cri,2003,63.0
cri,2004,63.0
cri,2005,63.0
cri,2006,63.0
cri,2007,63.0
cri,2008,63.0
cri,2009,63.0
cri,2010,63.0
cri,2011,63.0
cri,2012,63.0
cri,2013,63.0
cri,2014,63.0
cri,2015,63.0
cri,2016,63.0
cri,2017,63.0
cri,2018,63.0
cri,2019,63.0
civ,2000,18.0
civ,2001,20.0
civ,2002,20.0
civ,2003,23.0
civ,2004,27.0
civ,2005,28.0
civ,2006,31.0
civ,2007,36.0
civ,2008,39.0
civ,2009,38.0
civ,2010,40.0
civ,2011,40.0
civ,2012,43.0
civ,2013,49.0
civ,2014,44.0
civ,2015,43.0
civ,2016,41.0
civ,2017,40.0
civ,2018,41.0
civ,2019,42.0
hrv,2000,75.0
hrv,2001,75.0
hrv,2002,75.0
hrv,2003,75.0
hrv,2004,75.0
hrv,2005,75.0
hrv,2006,75.0
hrv,2007,75.0
hrv,2008,75.0
hrv,2009,75.0
hrv,2010,75.0
hrv,2011,75.0
hrv,2012,75.0
hrv,2013,75.0
hrv,2014,75.0
hrv,2015,75.0
hrv,2016,75.0
hrv,2017,75.0
hrv,2018,75.0
hrv,2019,78.0
cub,2000,75.0
cub,2001,75.0
cub,2002,75.0
cub,2003,75.0
cub,2004,75.0
cub,2005,75.0
cub,2006,75.0
cub,2007,75.0
cub,2008,75.0
cub,2009,75.0
cub,2010,75.0
cub,2011,75.0
cub,2012,75.0
cub,2013,75.0
cub,2014,75.0
cub,2015,75.0
cub,2016,75.0
cub,2017,75.0
cub,2018,75.0
cub,2019,75.0
cuw,2010,75.0
cuw,2011,75.0
cuw,2012,75.0
cuw,2013,75.0
cuw,2014,75.0
cuw,2015,75.0
cuw,2016,75.0
cuw,2017,75.0
cyp,2000,75.0
cyp,2001,75.0
cyp,2002,75.0
cyp,2003,75.0
cyp,2004,75.0
cyp,2005,75.0
cyp,2006,75.0
cyp,2007,75.0
cyp,2008,75.0
cyp,2009,75.0
cyp,2010,75.0
cyp,2011,75.0
cyp,2012,75.0
cyp,2013,75.0
cyp,2014,75.0
cyp,2015,75.0
cyp,2016,75.0
cyp,2017,75.0
cyp,2018,75.0
cyp,2019,90.0
cze,2000,75.0
cze,2001,75.0
cze,2002,75.0
cze,2003,75.0
cze,2004,75.0
cze,2005,75.0
cze,2006,75.0
cze,2007,75.0
cze,2008,75.0
cze,2009,75.0
cze,2010,75.0
cze,2011,75.0
cze,2012,75.0
cze,2013,75.0
cze,2014,75.0
cze,2015,75.0
cze,2016,75.0
cze,2017,75.0
cze,2018,75.0
cze,2019,75.0
prk,2000,25.0
prk,2001,22.0
prk,2002,29.0
prk,2003,36.0
prk,2004,32.0
prk,2005,31.0
prk,2006,32.0
prk,2007,42.0
prk,2008,51.0
prk,2009,54.0
prk,2010,59.0
prk,2011,63.0
prk,2012,63.0
prk,2013,67.0
prk,2014,70.0
prk,2015,77.0
prk,2016,76.0
prk,2017,68.0
prk,2018,60.0
prk,2019,64.0
cod,2000,28.0
cod,2001,30.0
cod,2002,30.0
cod,2003,33.0
cod,2004,38.0
cod,2005,38.0
cod,2006,36.0
cod,2007,37.0
cod,2008,37.0
cod,2009,38.0
cod,2010,38.0
cod,2011,35.0
cod,2012,34.0
cod,2013,34.0
cod,2014,34.0
cod,2015,34.0
cod,2016,36.0
cod,2017,40.0
cod,2018,44.0
cod,2019,45.0
dnk,2000,75.0
dnk,2001,75.0
dnk,2002,75.0
dnk,2003,75.0
dnk,2004,75.0
dnk,2005,75.0
dnk,2006,75.0
dnk,2007,75.0
dnk,2008,75.0
dnk,2009,75.0
dnk,2010,75.0
dnk,2011,75.0
dnk,2012,75.0
dnk,2013,75.0
dnk,2014,75.0
dnk,2015,75.0
dnk,2016,75.0
dnk,2017,75.0
dnk,2018,75.0
dnk,2019,77.0
dji,2000,63.0
dji,2001,63.0
dji,2002,63.0
dji,2003,63.0
dji,2004,63.0
dji,2005,63.0
dji,2006,63.0
dji,2007,63.0
dji,2008,63.0
dji,2009,63.0
dji,2010,63.0
dji,2011,63.0
dji,2012,63.0
dji,2013,63.0
dji,2014,63.0
dji,2015,63.0
dji,2016,63.0
dji,2017,63.0
dji,2018,63.0
dji,2019,63.0
dma,2002,75.0
dma,2006,75.0
dma,2007,75.0
dma,2008,75.0
dma,2009,75.0
dma,2010,75.0
dma,2011,75.0
dma,2012,75.0
dma,2013,75.0
dma,2014,75.0
dma,2015,75.0
dma,2016,75.0
dma,2017,75.0
dma,2018,75.0
dma,2019,75.0
dom,2000,63.0
dom,2001,63.0
dom,2002,63.0
dom,2003,63.0
dom,2004,63.0
dom,2005,63.0
dom,2006,63.0
dom,2007,63.0
dom,2008,63.0
dom,2009,63.0
dom,2010,63.0
dom,2011,63.0
dom,2012,63.0
dom,2013,63.0
dom,2014,63.0
dom,2015,63.0
dom,2016,63.0
dom,2017,63.0
dom,2018,63.0
dom,2019,63.0
ecu,2000,63.0
ecu,2001,63.0
ecu,2002,63.0
ecu,2003,63.0
ecu,2004,63.0
ecu,2005,63.0
ecu,2006,63.0
ecu,2007,63.0
ecu,2008,63.0
ecu,2009,63.0
ecu,2010,63.0
ecu,2011,63.0
ecu,2012,63.0
ecu,2013,63.0
ecu,2014,63.0
ecu,2015,63.0
ecu,2016,63.0
ecu,2017,63.0
ecu,2018,63.0
ecu,2019,63.0
egy,2000,57.0
egy,2001,57.0
egy,2002,62.0
egy,2003,65.0
egy,2004,67.0
egy,2005,67.0
egy,2006,60.0
egy,2007,60.0
egy,2008,59.0
egy,2009,60.0
egy,2010,57.0
egy,2011,56.0
egy,2012,53.0
egy,2013,49.0
egy,2014,48.0
egy,2015,53.0
egy,2016,55.0
egy,2017,58.0
egy,2018,61.0
egy,2019,62.0
slv,2000,63.0
slv,2001,63.0
slv,2002,63.0
slv,2003,63.0
slv,2004,63.0
slv,2005,63.0
slv,2006,63.0
slv,2007,63.0
slv,2008,63.0
slv,2009,63.0
slv,2010,63.0
slv,2011,63.0
slv,2012,63.0
slv,2013,63.0
slv,2014,63.0
slv,2015,63.0
slv,2016,63.0
slv,2017,63.0
slv,2018,63.0
slv,2019,63.0
gnq,2004,64.0
gnq,2008,63.0
gnq,2009,56.0
gnq,2010,59.0
gnq,2011,58.0
gnq,2014,57.0
gnq,2015,56.0
gnq,2016,57.0
gnq,2017,56.0
gnq,2018,50.0
gnq,2019,56.0
eri,2000,120.0
eri,2001,50.0
eri,2002,50.0
eri,2003,35.0
eri,2004,35.0
eri,2005,35.0
eri,2006,35.0
eri,2007,35.0
eri,2008,35.0
eri,2009,35.0
eri,2010,35.0
eri,2011,35.0
eri,2012,35.0
eri,2013,35.0
eri,2014,35.0
eri,2015,35.0
eri,2016,35.0
eri,2017,35.0
eri,2018,35.0
eri,2019,35.0
est,2000,75.0
est,2001,75.0
est,2002,75.0
est,2003,75.0
est,2004,75.0
est,2005,75.0
est,2006,75.0
est,2007,75.0
est,2008,75.0
est,2009,75.0
est,2010,75.0
est,2011,75.0
est,2012,75.0
est,2013,75.0
est,2014,75.0
est,2015,75.0
est,2016,75.0
est,2017,75.0
est,2018,75.0
est,2019,75.0
swz,2000,41.0
swz,2001,41.0
swz,2002,41.0
swz,2003,41.0
swz,2004,41.0
swz,2005,41.0
swz,2006,41.0
swz,2007,41.0
swz,2008,41.0
swz,2009,41.0
swz,2010,41.0
swz,2011,41.0
swz,2012,41.0
swz,2013,41.0
swz,2014,41.0
swz,2015,41.0
swz,2016,41.0
swz,2017,41.0
swz,2018,41.0
swz,2019,48.0
eth,2000,23.0
eth,2001,24.0
eth,2002,28.0
eth,2003,30.0
eth,2004,32.0
eth,2005,33.0
eth,2006,34.0
eth,2007,36.0
eth,2008,40.0
eth,2009,43.0
eth,2010,46.0
eth,2011,52.0
eth,2012,46.0
eth,2013,43.0
eth,2014,41.0
eth,2015,54.0
eth,2016,51.0
eth,2017,50.0
eth,2018,51.0
eth,2019,53.0
fji,2000,63.0
fji,2001,63.0
fji,2002,63.0
fji,2003,63.0
fji,2004,63.0
fji,2005,63.0
fji,2006,63.0
fji,2007,63.0
fji,2008,63.0
fji,2009,63.0
fji,2010,63.0
fji,2011,63.0
fji,2012,63.0
fji,2013,63.0
fji,2014,63.0
fji,2015,63.0
fji,2016,63.0
fji,2017,63.0
fji,2018,63.0
fji,2019,63.0
fin,2000,75.0
fin,2001,75.0
fin,2002,75.0
fin,2003,75.0
fin,2004,75.0
fin,2005,75.0
fin,2006,75.0
fin,2007,75.0
fin,2008,75.0
fin,2009,75.0
fin,2010,75.0
fin,2011,75.0
fin,2012,75.0
fin,2013,75.0
fin,2014,75.0
fin,2015,75.0
fin,2016,75.0
fin,2017,75.0
fin,2018,75.0
fin,2019,75.0
fra,2000,73.0
fra,2001,73.0
fra,2002,73.0
fra,2003,73.0
fra,2004,73.0
fra,2005,73.0
fra,2006,73.0
fra,2007,73.0
fra,2008,73.0
fra,2009,73.0
fra,2010,73.0
fra,2011,73.0
fra,2012,73.0
fra,2013,73.0
fra,2014,73.0
fra,2015,73.0
fra,2016,73.0
fra,2017,73.0
fra,2018,73.0
fra,2019,76.0
pyf,2000,75.0
pyf,2001,75.0
pyf,2002,75.0
pyf,2003,75.0
pyf,2004,75.0
pyf,2005,75.0
pyf,2006,75.0
pyf,2007,75.0
pyf,2008,75.0
pyf,2009,75.0
pyf,2010,75.0
pyf,2011,75.0
pyf,2012,75.0
pyf,2013,75.0
pyf,2014,75.0
pyf,2015,75.0
pyf,2016,75.0
pyf,2017,75.0
pyf,2018,75.0
gab,2001,25.0
gab,2002,20.0
gab,2003,20.0
gab,2004,22.0
gab,2005,21.0
gab,2006,26.0
gab,2007,31.0
gab,2008,37.0
gab,2009,24.0
gab,2010,29.0
gab,2011,33.0
gab,2012,36.0
gab,2013,37.0
gab,2014,38.0
gab,2015,38.0
gab,2016,36.0
gab,2017,33.0
gab,2018,36.0
gab,2019,33.0
gmb,2000,47.0
gmb,2001,51.0
gmb,2002,55.0
gmb,2003,56.0
gmb,2004,62.0
gmb,2005,54.0
gmb,2006,42.0
gmb,2007,44.0
gmb,2008,54.0
gmb,2009,52.0
gmb,2010,43.0
gmb,2011,55.0
gmb,2012,54.0
gmb,2013,52.0
gmb,2014,56.0
gmb,2015,54.0
gmb,2016,53.0
gmb,2017,52.0
gmb,2018,50.0
gmb,2019,55.0
geo,2000,28.0
geo,2001,27.0
geo,2002,32.0
geo,2003,42.0
geo,2004,35.0
geo,2005,43.0
geo,2006,47.0
geo,2007,48.0
geo,2008,59.0
geo,2009,94.0
geo,2010,79.0
geo,2011,82.0
geo,2012,68.0
geo,2013,57.0
geo,2014,59.0
geo,2015,65.0
geo,2016,68.0
geo,2017,64.0
geo,2018,62.0
geo,2019,62.0
deu,2000,90.0
deu,2001,90.0
deu,2002,90.0
deu,2003,90.0
deu,2004,90.0
deu,2005,90.0
deu,2006,90.0
deu,2007,90.0
deu,2008,90.0
deu,2009,90.0
deu,2010,90.0
deu,2011,90.0
deu,2012,90.0
deu,2013,90.0
deu,2014,90.0
deu,2015,90.0
deu,2016,90.0
deu,2017,90.0
deu,2018,90.0
deu,2019,90.0
gha,2000,15.0
gha,2001,17.0
gha,2002,16.0
gha,2003,16.0
gha,2004,16.0
gha,2005,16.0
gha,2006,17.0
gha,2007,17.0
gha,2008,19.0
gha,2009,20.0
gha,2010,19.0
gha,2011,20.0
gha,2012,19.0
gha,2013,20.0
gha,2014,19.0
gha,2015,19.0
gha,2016,19.0
gha,2017,19.0
gha,2018,19.0
gha,2019,20.0
grc,2000,75.0
grc,2001,75.0
grc,2002,75.0
grc,2003,75.0
grc,2004,75.0
grc,2005,75.0
grc,2006,75.0
grc,2007,75.0
grc,2008,75.0
grc,2009,75.0
grc,2010,75.0
grc,2011,75.0
grc,2012,75.0
grc,2013,75.0
grc,2014,75.0
grc,2015,75.0
grc,2016,75.0
grc,2017,75.0
grc,2018,75.0
grc,2019,83.0
grl,2009,75.0
grl,2010,75.0
grl,2011,75.0
grl,2012,75.0
grl,2013,75.0
grl,2014,75.0
grl,2015,75.0
grl,2016,75.0
grl,2017,75.0
grl,2018,75.0
grl,2019,75.0
grd,2002,75.0
grd,2003,75.0
grd,2004,75.0
grd,2006,75.0
grd,2007,75.0
grd,2008,75.0
grd,2009,75.0
grd,2010,75.0
grd,2011,75.0
grd,2012,75.0
grd,2015,75.0
grd,2016,75.0
grd,2017,75.0
grd,2018,75.0
grd,2019,75.0
gum,2000,75.0
gum,2001,75.0
gum,2002,75.0
gum,2003,75.0
gum,2004,75.0
gum,2005,75.0
gum,2006,75.0
gum,2007,75.0
gum,2008,75.0
gum,2009,75.0
gum,2010,75.0
gum,2011,75.0
gum,2012,75.0
gum,2013,75.0
gum,2014,75.0
gum,2015,75.0
gum,2016,75.0
gum,2017,75.0
gum,2018,75.0
gum,2019,75.0
gtm,2000,63.0
gtm,2001,63.0
gtm,2002,63.0
gtm,2003,63.0
gtm,2004,63.0
gtm,2005,63.0
gtm,2006,63.0
gtm,2007,63.0
gtm,2008,63.0
gtm,2009,63.0
gtm,2010,63.0
gtm,2011,63.0
gtm,2012,63.0
gtm,2013,63.0
gtm,2014,63.0
gtm,2015,63.0
gtm,2016,63.0
gtm,2017,63.0
gtm,2018,63.0
gtm,2019,63.0
gin,2000,20.0
gin,2001,22.0
gin,2002,23.0
gin,2003,25.0
gin,2004,27.0
gin,2005,25.0
gin,2006,32.0
gin,2007,35.0
gin,2008,37.0
gin,2009,31.0
gin,2010,41.0
gin,2011,42.0
gin,2012,42.0
gin,2013,41.0
gin,2014,42.0
gin,2015,42.0
gin,2016,43.0
gin,2017,45.0
gin,2018,46.0
gin,2019,51.0
gnb,2000,24.0
gnb,2002,26.0
gnb,2003,26.0
gnb,2004,28.0
gnb,2005,26.0
gnb,2006,30.0
gnb,2008,28.0
gnb,2009,28.0
gnb,2010,28.0
gnb,2011,26.0
gnb,2012,23.0
gnb,2013,25.0
gnb,2014,26.0
gnb,2015,24.0
gnb,2016,24.0
gnb,2017,24.0
gnb,2018,21.0
gnb,2019,24.0
guy,2000,63.0
guy,2001,63.0
guy,2002,63.0
guy,2003,63.0
guy,2004,63.0
guy,2005,63.0
guy,2006,63.0
guy,2007,63.0
guy,2008,63.0
guy,2009,63.0
guy,2010,63.0
guy,2011,63.0
guy,2012,63.0
guy,2013,63.0
guy,2014,63.0
guy,2015,63.0
guy,2016,63.0
guy,2017,63.0
guy,2018,63.0
guy,2019,63.0
hti,2000,32.0
hti,2001,30.0
hti,2002,35.0
hti,2003,40.0
hti,2004,41.0
hti,2005,40.0
hti,2006,39.0
hti,2007,40.0
hti,2008,43.0
hti,2009,44.0
hti,2010,44.0
hti,2011,51.0
hti,2012,61.0
hti,2013,65.0
hti,2014,59.0
hti,2015,64.0
hti,2016,60.0
hti,2017,59.0
hti,2018,54.0
hti,2019,54.0
hnd,2000,63.0
hnd,2001,63.0
hnd,2002,63.0
hnd,2003,63.0
hnd,2004,63.0
hnd,2005,63.0
hnd,2006,63.0
hnd,2007,63.0
hnd,2008,63.0
hnd,2009,63.0
hnd,2010,63.0
hnd,2011,63.0
hnd,2012,63.0
hnd,2013,63.0
hnd,2014,63.0
hnd,2015,63.0
hnd,2016,63.0
hnd,2017,63.0
hnd,2018,63.0
hnd,2019,63.0
hun,2000,75.0
hun,2001,75.0
hun,2002,75.0
hun,2003,75.0
hun,2004,75.0
hun,2005,75.0
hun,2006,75.0
hun,2007,75.0
hun,2008,75.0
hun,2009,75.0
hun,2010,75.0
hun,2011,75.0
hun,2012,75.0
hun,2013,75.0
hun,2014,75.0
hun,2015,75.0
hun,2016,75.0
hun,2017,75.0
hun,2018,75.0
hun,2019,75.0
isl,2000,75.0
isl,2001,75.0
isl,2002,75.0
isl,2003,75.0
isl,2004,75.0
isl,2005,75.0
isl,2006,75.0
isl,2007,75.0
isl,2008,75.0
isl,2009,75.0
isl,2010,75.0
isl,2011,75.0
isl,2012,75.0
isl,2013,75.0
isl,2014,75.0
isl,2015,75.0
isl,2016,75.0
isl,2017,75.0
isl,2018,75.0
isl,2019,75.0
ind,2000,22.0
ind,2001,21.0
ind,2002,21.0
ind,2003,21.0
ind,2004,22.0
ind,2005,22.0
ind,2006,24.0
ind,2007,25.0
ind,2008,26.0
ind,2009,27.0
ind,2010,27.0
ind,2011,27.0
ind,2012,27.0
ind,2013,26.0
ind,2014,37.0
ind,2015,40.0
ind,2016,45.0
ind,2017,44.0
ind,2018,52.0
ind,2019,60.0
idn,2000,9.9
idn,2001,11.0
idn,2002,18.0
idn,2003,20.0
idn,2004,24.0
idn,2005,29.0
idn,2006,31.0
idn,2007,31.0
idn,2008,33.0
idn,2009,33.0
idn,2010,33.0
idn,2011,35.0
idn,2012,36.0
idn,2013,36.0
idn,2014,35.0
idn,2015,36.0
idn,2016,40.0
idn,2017,48.0
idn,2018,62.0
idn,2019,61.0
irn,2000,63.0
irn,2001,63.0
irn,2002,63.0
irn,2003,63.0
irn,2004,63.0
irn,2005,63.0
irn,2006,63.0
irn,2007,63.0
irn,2008,63.0
irn,2009,63.0
irn,2010,63.0
irn,2011,63.0
irn,2012,63.0
irn,2013,63.0
irn,2014,63.0
irn,2015,63.0
irn,2016,63.0
irn,2017,63.0
irn,2018,63.0
irn,2019,63.0
irq,2000,72.0
irq,2001,77.0
irq,2002,85.0
irq,2003,82.0
irq,2004,73.0
irq,2005,65.0
irq,2006,54.0
irq,2007,53.0
irq,2008,61.0
irq,2009,62.0
irq,2010,63.0
irq,2011,56.0
irq,2012,54.0
irq,2013,51.0
irq,2014,49.0
irq,2015,47.0
irq,2016,41.0
irq,2017,43.0
irq,2018,39.0
irq,2019,36.0
irl,2000,75.0
irl,2001,75.0
irl,2002,75.0
irl,2003,75.0
irl,2004,75.0
irl,2005,75.0
irl,2006,75.0
irl,2007,75.0
irl,2008,75.0
irl,2009,75.0
irl,2010,75.0
irl,2011,75.0
irl,2012,75.0
irl,2013,75.0
irl,2014,75.0
irl,2015,75.0
irl,2016,75.0
irl,2017,75.0
irl,2018,75.0
irl,2019,75.0
isr,2000,75.0
isr,2001,75.0
isr,2002,75.0
isr,2003,75.0
isr,2004,75.0
isr,2005,75.0
isr,2006,75.0
isr,2007,75.0
isr,2008,75.0
isr,2009,75.0
isr,2010,75.0
isr,2011,75.0
isr,2012,75.0
isr,2013,75.0
isr,2014,75.0
isr,2015,75.0
isr,2016,75.0
isr,2017,75.0
isr,2018,75.0
isr,2019,75.0
ita,2000,75.0
ita,2001,75.0
ita,2002,75.0
ita,2003,75.0
ita,2004,75.0
ita,2005,75.0
ita,2006,75.0
ita,2007,75.0
ita,2008,75.0
ita,2009,75.0
ita,2010,75.0
ita,2011,75.0
ita,2012,75.0
ita,2013,75.0
ita,2015,75.0
ita,2016,75.0
ita,2017,75.0
ita,2018,75.0
ita,2019,64.0
jam,2000,63.0
jam,2001,63.0
jam,2002,63.0
jam,2003,63.0
jam,2004,63.0
jam,2005,63.0
jam,2006,63.0
jam,2007,63.0
jam,2008,63.0
jam,2009,63.0
jam,2010,63.0
jam,2011,63.0
jam,2012,63.0
jam,2013,63.0
jam,2014,63.0
jam,2015,63.0
jam,2016,63.0
jam,2017,63.0
jam,2018,63.0
jam,2019,63.0
jpn,2000,75.0
jpn,2001,75.0
jpn,2002,75.0
jpn,2003,75.0
jpn,2004,75.0
jpn,2005,75.0
jpn,2006,75.0
jpn,2007,75.0
jpn,2008,75.0
jpn,2009,75.0
jpn,2010,75.0
jpn,2011,75.0
jpn,2012,75.0
jpn,2013,75.0
jpn,2014,75.0
jpn,2015,75.0
jpn,2016,75.0
jpn,2017,75.0
jpn,2018,75.0
jpn,2019,75.0
jor,2000,63.0
jor,2001,63.0
jor,2002,63.0
jor,2003,63.0
jor,2004,63.0
jor,2005,63.0
jor,2006,63.0
jor,2007,63.0
jor,2008,63.0
jor,2009,63.0
jor,2010,63.0
jor,2011,63.0
jor,2012,63.0
jor,2013,63.0
jor,2014,63.0
jor,2015,63.0
jor,2016,63.0
jor,2017,63.0
jor,2018,63.0
jor,2019,63.0
kaz,2000,71.0
kaz,2001,67.0
kaz,2002,67.0
kaz,2003,83.0
kaz,2004,67.0
kaz,2005,70.0
kaz,2006,68.0
kaz,2007,73.0
kaz,2008,65.0
kaz,2009,71.0
kaz,2010,70.0
kaz,2011,79.0
kaz,2012,62.0
kaz,2013,73.0
kaz,2014,68.0
kaz,2015,69.0
kaz,2016,66.0
kaz,2017,70.0
kaz,2018,73.0
kaz,2019,69.0
ken,2000,30.0
ken,2001,30.0
ken,2002,30.0
ken,2003,30.0
ken,2004,30.0
ken,2005,30.0
ken,2006,30.0
ken,2007,30.0
ken,2008,30.0
ken,2009,30.0
ken,2010,30.0
ken,2011,30.0
ken,2012,30.0
ken,2013,30.0
ken,2014,30.0
ken,2015,30.0
ken,2016,30.0
ken,2017,35.0
ken,2018,43.0
ken,2019,41.0
kir,2000,63.0
kir,2001,63.0
kir,2002,63.0
kir,2003,63.0
kir,2004,63.0
kir,2005,63.0
kir,2006,63.0
kir,2007,63.0
kir,2008,63.0
kir,2009,63.0
kir,2010,63.0
kir,2011,63.0
kir,2012,63.0
kir,2013,63.0
kir,2014,63.0
kir,2015,63.0
kir,2016,63.0
kir,2017,63.0
kir,2018,63.0
kir,2019,63.0
kwt,2000,75.0
kwt,2001,75.0
kwt,2002,75.0
kwt,2003,75.0
kwt,2004,75.0
kwt,2005,75.0
kwt,2006,75.0
kwt,2007,75.0
kwt,2008,75.0
kwt,2009,75.0
kwt,2010,75.0
kwt,2011,75.0
kwt,2012,75.0
kwt,2013,75.0
kwt,2014,75.0
kwt,2015,75.0
kwt,2016,75.0
kwt,2017,75.0
kwt,2018,75.0
kwt,2019,75.0
kgz,2000,75.0
kgz,2001,75.0
kgz,2002,75.0
kgz,2003,160.0
kgz,2004,75.0
kgz,2005,75.0
kgz,2006,75.0
kgz,2007,75.0
kgz,2008,75.0
kgz,2009,75.0
kgz,2010,75.0
kgz,2011,75.0
kgz,2012,75.0
kgz,2013,75.0
kgz,2014,75.0
kgz,2015,75.0
kgz,2016,75.0
kgz,2017,75.0
kgz,2018,75.0
kgz,2019,75.0
lao,2000,8.9
lao,2001,9.9
lao,2002,11.0
lao,2003,12.0
lao,2004,14.0
lao,2005,17.0
lao,2006,19.0
lao,2007,19.0
lao,2008,20.0
lao,2009,19.0
lao,2010,21.0
lao,2011,23.0
lao,2012,22.0
lao,2013,22.0
lao,2014,24.0
lao,2015,26.0
lao,2016,29.0
lao,2017,34.0
lao,2018,40.0
lao,2019,43.0
lva,2000,75.0
lva,2001,75.0
lva,2002,75.0
lva,2003,75.0
lva,2004,75.0
lva,2005,75.0
lva,2006,75.0
lva,2007,75.0
lva,2008,75.0
lva,2009,75.0
lva,2010,75.0
lva,2011,75.0
lva,2012,75.0
lva,2013,75.0
lva,2014,75.0
lva,2015,75.0
lva,2016,75.0
lva,2017,75.0
lbn,2000,75.0
lbn,2001,75.0
lbn,2002,75.0
lbn,2003,75.0
lbn,2004,75.0
lbn,2005,75.0
lbn,2006,75.0
lbn,2007,75.0
lbn,2008,75.0
lbn,2009,75.0
lbn,2010,75.0
lbn,2011,75.0
lbn,2012,75.0
lbn,2013,75.0
lbn,2014,75.0
lbn,2015,75.0
lbn,2016,75.0
lbn,2017,75.0
lbn,2018,75.0
lbn,2019,75.0
lso,2000,40.0
lso,2001,26.0
lso,2002,34.0
lso,2003,40.0
lso,2004,34.0
lso,2005,31.0
lso,2006,34.0
lso,2007,37.0
lso,2008,33.0
lso,2009,34.0
lso,2010,34.0
lso,2011,35.0
lso,2012,35.0
lso,2013,34.0
lso,2014,35.0
lso,2015,32.0
lso,2016,33.0
lso,2017,34.0
lso,2018,35.0
lso,2019,35.0
lbr,2000,15.0
lbr,2001,17.0
lbr,2002,32.0
lbr,2003,22.0
lbr,2004,37.0
lbr,2005,28.0
lbr,2006,34.0
lbr,2008,34.0
lbr,2009,38.0
lbr,2010,40.0
lbr,2011,46.0
lbr,2012,45.0
lbr,2013,40.0
lbr,2014,26.0
lbr,2015,30.0
lbr,2016,35.0
lbr,2017,37.0
lbr,2018,37.0
lbr,2019,38.0
lby,2000,44.0
lby,2002,70.0
lby,2003,75.0
lby,2004,56.0
lby,2005,83.0
lby,2006,75.0
lby,2007,79.0
lby,2008,70.0
lby,2009,74.0
lby,2011,43.0
lby,2012,43.0
lby,2013,37.0
lby,2014,32.0
lby,2015,26.0
lby,2016,30.0
lby,2017,36.0
lby,2018,47.0
lby,2019,38.0
ltu,2000,75.0
ltu,2001,75.0
ltu,2002,75.0
ltu,2003,75.0
ltu,2004,75.0
ltu,2005,75.0
ltu,2006,75.0
ltu,2007,75.0
ltu,2008,75.0
ltu,2009,75.0
ltu,2010,75.0
ltu,2011,75.0
ltu,2012,75.0
ltu,2013,75.0
ltu,2014,75.0
ltu,2015,75.0
ltu,2016,75.0
ltu,2017,75.0
ltu,2018,75.0
ltu,2019,75.0
lux,2000,75.0
lux,2001,75.0
lux,2002,75.0
lux,2003,75.0
lux,2004,75.0
lux,2005,75.0
lux,2006,75.0
lux,2007,75.0
lux,2008,75.0
lux,2009,75.0
lux,2010,75.0
lux,2011,75.0
lux,2012,75.0
lux,2013,75.0
lux,2014,75.0
lux,2015,75.0
lux,2016,75.0
lux,2017,75.0
lux,2018,75.0
lux,2019,75.0
mdg,2001,25.0
mdg,2002,26.0
mdg,2003,29.0
mdg,2004,29.0
mdg,2005,28.0
mdg,2006,32.0
mdg,2007,31.0
mdg,2008,31.0
mdg,2009,32.0
mdg,2010,34.0
mdg,2011,35.0
mdg,2012,34.0
mdg,2013,35.0
mdg,2014,36.0
mdg,2015,37.0
mdg,2016,35.0
mdg,2017,37.0
mdg,2018,39.0
mdg,2019,41.0
mwi,2000,34.0
mwi,2001,36.0
mwi,2002,33.0
mwi,2003,36.0
mwi,2004,34.0
mwi,2005,32.0
mwi,2006,31.0
mwi,2007,30.0
mwi,2008,29.0
mwi,2009,28.0
mwi,2010,27.0
mwi,2011,25.0
mwi,2012,28.0
mwi,2013,27.0
mwi,2014,27.0
mwi,2015,30.0
mwi,2016,32.0
mwi,2017,36.0
mwi,2018,35.0
mwi,2019,39.0
mys,2000,75.0
mys,2001,75.0
mys,2002,75.0
mys,2003,75.0
mys,2004,75.0
mys,2005,75.0
mys,2006,75.0
mys,2007,75.0
mys,2008,75.0
mys,2009,75.0
mys,2010,75.0
mys,2011,75.0
mys,2012,75.0
mys,2013,75.0
mys,2014,75.0
mys,2015,75.0
mys,2016,75.0
mys,2017,75.0
mys,2018,75.0
mys,2019,75.0
mdv,2000,63.0
mdv,2001,63.0
mdv,2002,63.0
mdv,2003,63.0
mdv,2004,63.0
mdv,2005,63.0
mdv,2006,63.0
mdv,2007,63.0
mdv,2008,63.0
mdv,2009,63.0
mdv,2010,63.0
mdv,2011,63.0
mdv,2012,63.0
mdv,2013,63.0
mdv,2014,63.0
mdv,2015,63.0
mdv,2016,63.0
mdv,2017,63.0
mdv,2018,63.0
mdv,2019,63.0
mli,2000,35.0
mli,2001,37.0
mli,2002,36.0
mli,2003,36.0
mli,2004,36.0
mli,2005,37.0
mli,2006,39.0
mli,2007,40.0
mli,2008,46.0
mli,2009,54.0
mli,2010,39.0
mli,2011,40.0
mli,2012,39.0
mli,2013,41.0
mli,2014,42.0
mli,2015,47.0
mli,2016,48.0
mli,2017,45.0
mli,2018,48.0
mli,2019,48.0
mlt,2000,75.0
mlt,2001,75.0
mlt,2002,75.0
mlt,2003,75.0
mlt,2004,75.0
mlt,2005,75.0
mlt,2006,75.0
mlt,2007,75.0
mlt,2008,75.0
mlt,2009,75.0
mlt,2010,75.0
mlt,2011,75.0
mlt,2012,75.0
mlt,2013,75.0
mlt,2014,75.0
mlt,2015,75.0
mlt,2016,75.0
mlt,2017,75.0
mlt,2018,75.0
mlt,2019,140.0
mhl,2000,63.0
mhl,2001,63.0
mhl,2002,63.0
mhl,2003,63.0
mhl,2004,63.0
mhl,2005,63.0
mhl,2006,63.0
mhl,2007,63.0
mhl,2008,63.0
mhl,2009,63.0
mhl,2010,63.0
mhl,2011,63.0
mhl,2012,63.0
mhl,2013,63.0
mhl,2014,63.0
mhl,2015,63.0
mhl,2016,63.0
mhl,2017,63.0
mhl,2018,63.0
mhl,2019,63.0
mrt,2000,33.0
mrt,2004,41.0
mrt,2005,28.0
mrt,2006,36.0
mrt,2007,40.0
mrt,2008,38.0
mrt,2009,38.0
mrt,2010,36.0
mrt,2011,27.0
mrt,2012,41.0
mrt,2013,36.0
mrt,2014,39.0
mrt,2015,35.0
mrt,2016,39.0
mrt,2017,41.0
mrt,2018,41.0
mrt,2019,43.0
mus,2000,63.0
mus,2001,63.0
mus,2002,63.0
mus,2003,63.0
mus,2004,63.0
mus,2005,63.0
mus,2006,63.0
mus,2007,63.0
mus,2008,63.0
mus,2009,63.0
mus,2010,63.0
mus,2011,63.0
mus,2012,63.0
mus,2013,63.0
mus,2014,63.0
mus,2015,63.0
mus,2016,63.0
mus,2017,63.0
mus,2018,63.0
mus,2019,63.0
mex,2000,63.0
mex,2001,63.0
mex,2002,63.0
mex,2003,63.0
mex,2004,63.0
mex,2005,63.0
mex,2006,63.0
mex,2007,63.0
mex,2008,63.0
mex,2009,63.0
mex,2010,63.0
mex,2011,63.0
mex,2012,63.0
mex,2013,63.0
mex,2014,63.0
mex,2015,63.0
mex,2016,63.0
mex,2017,63.0
mex,2018,63.0
mex,2019,63.0
fsm,2000,63.0
fsm,2001,63.0
fsm,2002,63.0
fsm,2003,63.0
fsm,2004,63.0
fsm,2005,63.0
fsm,2006,63.0
fsm,2007,63.0
fsm,2008,63.0
fsm,2009,63.0
fsm,2010,63.0
fsm,2011,63.0
fsm,2012,63.0
fsm,2014,63.0
fsm,2015,63.0
fsm,2016,63.0
fsm,2017,63.0
fsm,2018,63.0
fsm,2019,63.0
mco,2010,75.0
mng,2000,18.0
mng,2001,21.0
mng,2002,22.0
mng,2003,23.0
mng,2004,26.0
mng,2005,26.0
mng,2006,28.0
mng,2007,26.0
mng,2008,24.0
mng,2009,24.0
mng,2010,23.0
mng,2011,22.0
mng,2012,21.0
mng,2013,21.0
mng,2014,22.0
mng,2015,22.0
mng,2016,21.0
mng,2017,19.0
mng,2018,17.0
mng,2019,19.0
mne,2005,75.0
mne,2006,75.0
mne,2007,75.0
mne,2008,75.0
mne,2009,75.0
mne,2010,75.0
mne,2011,75.0
mne,2012,75.0
mne,2013,75.0
mne,2014,75.0
mne,2015,75.0
mne,2016,75.0
mne,2017,75.0
mne,2018,75.0
mne,2019,75.0
msr,2003,75.0
msr,2005,75.0
msr,2007,75.0
mar,2000,75.0
mar,2001,75.0
mar,2002,75.0
mar,2003,75.0
mar,2004,75.0
mar,2005,75.0
mar,2006,75.0
mar,2007,75.0
mar,2008,75.0
mar,2009,75.0
mar,2010,75.0
mar,2011,75.0
mar,2012,75.0
mar,2013,75.0
mar,2014,75.0
mar,2015,75.0
mar,2016,75.0
mar,2017,75.0
mar,2018,75.0
mar,2019,75.0
moz,2000,24.0
moz,2001,24.0
moz,2002,27.0
moz,2003,30.0
moz,2004,31.0
moz,2005,32.0
moz,2006,33.0
moz,2007,34.0
moz,2008,34.0
moz,2009,36.0
moz,2010,35.0
moz,2011,35.0
moz,2012,36.0
moz,2013,39.0
moz,2014,41.0
moz,2015,41.0
moz,2016,49.0
moz,2017,56.0
moz,2018,59.0
moz,2019,59.0
mmr,2000,7.7
mmr,2001,11.0
mmr,2002,14.0
mmr,2003,19.0
mmr,2004,24.0
mmr,2005,26.0
mmr,2006,30.0
mmr,2007,32.0
mmr,2008,31.0
mmr,2009,32.0
mmr,2010,34.0
mmr,2011,37.0
mmr,2012,41.0
mmr,2013,41.0
mmr,2014,44.0
mmr,2015,46.0
mmr,2016,48.0
mmr,2017,48.0
mmr,2018,54.0
mmr,2019,55.0
nam,2000,46.0
nam,2001,49.0
nam,2002,45.0
nam,2003,47.0
nam,2004,47.0
nam,2005,46.0
nam,2006,46.0
nam,2007,45.0
nam,2008,47.0
nam,2009,44.0
nam,2010,45.0
nam,2011,46.0
nam,2012,45.0
nam,2013,45.0
nam,2014,45.0
nam,2015,49.0
nam,2016,47.0
nam,2017,47.0
nam,2018,46.0
nam,2019,48.0
nru,2000,75.0
nru,2001,75.0
nru,2002,75.0
nru,2003,75.0
nru,2005,75.0
nru,2006,75.0
nru,2007,75.0
nru,2008,75.0
nru,2009,75.0
nru,2010,75.0
nru,2011,75.0
nru,2014,75.0
nru,2015,75.0
nru,2016,75.0
nru,2017,75.0
nru,2018,75.0
nru,2019,75.0
npl,2000,23.0
npl,2001,23.0
npl,2002,24.0
npl,2003,26.0
npl,2004,25.0
npl,2005,27.0
npl,2006,26.0
npl,2007,27.0
npl,2008,27.0
npl,2009,29.0
npl,2010,29.0
npl,2011,30.0
npl,2012,31.0
npl,2013,30.0
npl,2014,33.0
npl,2015,31.0
npl,2016,30.0
npl,2017,30.0
npl,2018,31.0
npl,2019,31.0
ant,2000,75.0
ant,2001,75.0
ant,2002,75.0
ant,2003,75.0
ant,2004,75.0
ant,2006,75.0
nld,2000,75.0
nld,2001,75.0
nld,2002,75.0
nld,2003,75.0
nld,2004,75.0
nld,2005,75.0
nld,2006,75.0
nld,2007,75.0
nld,2008,75.0
nld,2009,75.0
nld,2010,75.0
nld,2011,75.0
nld,2012,75.0
nld,2013,75.0
nld,2014,75.0
nld,2015,75.0
nld,2016,75.0
nld,2017,75.0
nld,2018,75.0
nld,2019,75.0
ncl,2000,75.0
ncl,2001,75.0
ncl,2002,75.0
ncl,2003,75.0
ncl,2004,75.0
ncl,2005,75.0
ncl,2006,75.0
ncl,2007,75.0
ncl,2008,75.0
ncl,2009,75.0
ncl,2010,75.0
ncl,2011,75.0
ncl,2012,75.0
ncl,2014,75.0
ncl,2015,75.0
ncl,2016,75.0
ncl,2017,75.0
ncl,2018,75.0
ncl,2019,75.0
nzl,2000,75.0
nzl,2001,75.0
nzl,2002,75.0
nzl,2003,75.0
nzl,2004,75.0
nzl,2005,75.0
nzl,2006,75.0
nzl,2007,75.0
nzl,2008,75.0
nzl,2009,75.0
nzl,2010,75.0
nzl,2011,75.0
nzl,2012,75.0
nzl,2013,75.0
nzl,2014,75.0
nzl,2015,75.0
nzl,2016,75.0
nzl,2017,75.0
nzl,2018,75.0
nzl,2019,75.0
nic,2000,63.0
nic,2001,63.0
nic,2002,63.0
nic,2003,63.0
nic,2004,63.0
nic,2005,63.0
nic,2006,63.0
nic,2007,63.0
nic,2008,63.0
nic,2009,63.0
nic,2010,63.0
nic,2011,63.0
nic,2012,63.0
nic,2013,63.0
nic,2014,63.0
nic,2015,63.0
nic,2016,63.0
nic,2017,63.0
nic,2018,63.0
nic,2019,63.0
ner,2000,15.0
ner,2001,17.0
ner,2002,18.0
ner,2003,25.0
ner,2004,24.0
ner,2005,28.0
ner,2006,31.0
ner,2007,34.0
ner,2008,34.0
ner,2009,38.0
ner,2010,38.0
ner,2011,39.0
ner,2012,41.0
ner,2013,42.0
ner,2014,40.0
ner,2015,38.0
ner,2016,36.0
ner,2017,38.0
ner,2018,38.0
ner,2019,41.0
nga,2000,6.8
nga,2001,12.0
nga,2002,9.7
nga,2003,11.0
nga,2004,14.0
nga,2005,15.0
nga,2006,16.0
nga,2007,18.0
nga,2008,18.0
nga,2009,18.0
nga,2010,17.0
nga,2011,17.0
nga,2012,18.0
nga,2013,18.0
nga,2014,16.0
nga,2015,15.0
nga,2016,17.0
nga,2017,17.0
nga,2018,17.0
nga,2019,19.0
niu,2002,75.0
niu,2011,75.0
niu,2018,75.0
mkd,2000,63.0
mkd,2001,63.0
mkd,2002,63.0
mkd,2003,63.0
mkd,2004,63.0
mkd,2005,63.0
mkd,2006,63.0
mkd,2007,63.0
mkd,2008,63.0
mkd,2009,63.0
mkd,2010,63.0
mkd,2011,63.0
mkd,2012,63.0
mkd,2013,63.0
mkd,2014,63.0
mkd,2015,63.0
mkd,2016,63.0
mkd,2017,63.0
mkd,2018,63.0
mkd,2019,63.0
mnp,2000,75.0
mnp,2001,75.0
mnp,2002,75.0
mnp,2003,75.0
mnp,2004,75.0
mnp,2005,75.0
mnp,2006,75.0
mnp,2007,75.0
mnp,2008,75.0
mnp,2009,75.0
mnp,2010,75.0
mnp,2011,75.0
mnp,2012,75.0
mnp,2013,75.0
mnp,2014,75.0
mnp,2015,75.0
mnp,2016,75.0
mnp,2017,75.0
mnp,2018,75.0
mnp,2019,75.0
nor,2000,75.0
nor,2001,75.0
nor,2002,75.0
nor,2003,75.0
nor,2004,75.0
nor,2005,75.0
nor,2006,75.0
nor,2007,75.0
nor,2008,75.0
nor,2009,75.0
nor,2010,75.0
nor,2011,75.0
nor,2012,75.0
nor,2013,75.0
nor,2014,75.0
nor,2015,75.0
nor,2016,75.0
nor,2017,75.0
nor,2018,75.0
nor,2019,75.0
pse,2000,63.0
pse,2001,63.0
pse,2003,63.0
pse,2004,63.0
pse,2005,63.0
pse,2006,63.0
pse,2007,63.0
pse,2008,63.0
pse,2009,63.0
pse,2010,63.0
pse,2011,63.0
pse,2012,63.0
pse,2014,63.0
pse,2015,63.0
pse,2016,63.0
pse,2017,63.0
pse,2018,63.0
pse,2019,63.0
omn,2000,75.0
omn,2001,75.0
omn,2002,75.0
omn,2003,75.0
omn,2004,75.0
omn,2005,75.0
omn,2006,75.0
omn,2007,75.0
omn,2008,75.0
omn,2009,75.0
omn,2010,75.0
omn,2011,75.0
omn,2012,75.0
omn,2013,75.0
omn,2014,75.0
omn,2015,75.0
omn,2016,75.0
omn,2017,75.0
omn,2018,75.0
omn,2019,75.0
pak,2000,2.0
pak,2001,3.6
pak,2002,8.2
pak,2003,12.0
pak,2004,15.0
pak,2005,23.0
pak,2006,27.0
pak,2007,35.0
pak,2008,36.0
pak,2009,38.0
pak,2010,37.0
pak,2011,37.0
pak,2012,36.0
pak,2013,38.0
pak,2014,41.0
pak,2015,43.0
pak,2016,49.0
pak,2017,48.0
pak,2018,48.0
pak,2019,43.0
plw,2002,75.0
plw,2003,75.0
plw,2004,75.0
plw,2005,75.0
plw,2006,75.0
plw,2007,75.0
plw,2009,75.0
plw,2010,75.0
plw,2011,75.0
plw,2012,75.0
plw,2013,75.0
plw,2014,75.0
plw,2015,75.0
plw,2016,75.0
plw,2017,75.0
plw,2018,75.0
plw,2019,75.0
pan,2000,63.0
pan,2001,63.0
pan,2002,63.0
pan,2003,63.0
pan,2004,63.0
pan,2005,63.0
pan,2006,63.0
pan,2007,63.0
pan,2008,63.0
pan,2009,63.0
pan,2010,63.0
pan,2011,63.0
pan,2012,63.0
pan,2013,63.0
pan,2014,63.0
pan,2015,63.0
pan,2016,63.0
pan,2017,63.0
pan,2018,63.0
pan,2019,63.0
png,2000,29.0
png,2001,34.0
png,2002,30.0
png,2003,33.0
png,2004,32.0
png,2005,31.0
png,2006,31.0
png,2007,36.0
png,2008,32.0
png,2009,28.0
png,2010,32.0
png,2011,32.0
png,2012,44.0
png,2013,52.0
png,2014,64.0
png,2015,62.0
png,2016,64.0
png,2017,60.0
png,2018,62.0
png,2019,66.0
pry,2000,75.0
pry,2001,75.0
pry,2002,75.0
pry,2003,75.0
pry,2004,75.0
pry,2005,75.0
pry,2006,75.0
pry,2007,75.0
pry,2008,75.0
pry,2009,75.0
pry,2010,75.0
pry,2011,75.0
pry,2012,75.0
pry,2013,75.0
pry,2014,75.0
pry,2015,75.0
pry,2016,75.0
pry,2017,75.0
pry,2018,75.0
pry,2019,75.0
per,2000,63.0
per,2001,63.0
per,2002,63.0
per,2003,63.0
per,2004,63.0
per,2005,63.0
per,2006,63.0
per,2007,63.0
per,2008,63.0
per,2009,63.0
per,2010,63.0
per,2011,63.0
per,2012,63.0
per,2013,63.0
per,2014,63.0
per,2015,63.0
per,2016,63.0
per,2017,63.0
per,2018,65.0
per,2019,65.0
phl,2000,16.0
phl,2001,15.0
phl,2002,16.0
phl,2003,18.0
phl,2004,18.0
phl,2005,19.0
phl,2006,20.0
phl,2007,19.0
phl,2008,18.0
phl,2009,19.0
phl,2010,21.0
phl,2011,24.0
phl,2012,26.0
phl,2013,27.0
phl,2014,28.0
phl,2015,31.0
phl,2016,37.0
phl,2017,35.0
phl,2018,40.0
phl,2019,44.0
pol,2000,75.0
pol,2001,75.0
pol,2002,75.0
pol,2003,75.0
pol,2004,75.0
pol,2005,75.0
pol,2006,75.0
pol,2007,75.0
pol,2008,75.0
pol,2009,75.0
pol,2010,75.0
pol,2011,75.0
pol,2012,75.0
pol,2013,75.0
pol,2014,75.0
pol,2015,75.0
pol,2016,75.0
pol,2017,75.0
pol,2018,75.0
pol,2019,75.0
prt,2000,75.0
prt,2001,75.0
prt,2002,75.0
prt,2003,75.0
prt,2004,75.0
prt,2005,75.0
prt,2006,75.0
prt,2007,75.0
prt,2008,75.0
prt,2009,75.0
prt,2010,75.0
prt,2011,75.0
prt,2012,75.0
prt,2013,75.0
prt,2014,75.0
prt,2015,75.0
prt,2016,75.0
prt,2017,75.0
prt,2018,75.0
prt,2019,75.0
pri,2000,75.0
pri,2001,75.0
pri,2002,75.0
pri,2003,75.0
pri,2004,75.0
pri,2005,75.0
pri,2006,75.0
pri,2007,75.0
pri,2008,75.0
pri,2009,75.0
pri,2010,75.0
pri,2011,75.0
pri,2012,75.0
pri,2013,75.0
pri,2014,75.0
pri,2015,75.0
pri,2016,75.0
pri,2017,75.0
pri,2018,75.0
pri,2019,75.0
qat,2000,75.0
qat,2001,75.0
qat,2002,75.0
qat,2003,75.0
qat,2004,75.0
qat,2005,75.0
qat,2006,75.0
qat,2007,75.0
qat,2008,75.0
qat,2009,75.0
qat,2010,75.0
qat,2011,75.0
qat,2012,75.0
qat,2014,75.0
qat,2015,75.0
qat,2016,75.0
qat,2017,75.0
qat,2018,75.0
qat,2019,75.0
kor,2000,87.0
kor,2001,87.0
kor,2002,87.0
kor,2003,87.0
kor,2004,87.0
kor,2005,87.0
kor,2006,87.0
kor,2007,87.0
kor,2008,87.0
kor,2009,87.0
kor,2010,87.0
kor,2011,87.0
kor,2012,87.0
kor,2013,87.0
kor,2014,87.0
kor,2015,87.0
kor,2016,87.0
kor,2017,87.0
kor,2018,87.0
kor,2019,87.0
mda,2000,75.0
mda,2001,75.0
mda,2002,75.0
mda,2003,140.0
mda,2004,75.0
mda,2005,75.0
mda,2006,75.0
mda,2007,75.0
mda,2008,75.0
mda,2009,75.0
mda,2010,75.0
mda,2011,75.0
mda,2012,75.0
mda,2013,75.0
mda,2014,75.0
mda,2015,75.0
mda,2016,75.0
mda,2017,75.0
mda,2018,75.0
mda,2019,75.0
rou,2000,75.0
rou,2001,75.0
rou,2002,75.0
rou,2003,75.0
rou,2004,75.0
rou,2005,75.0
rou,2006,75.0
rou,2007,75.0
rou,2008,75.0
rou,2009,75.0
rou,2010,75.0
rou,2011,75.0
rou,2012,75.0
rou,2013,75.0
rou,2014,75.0
rou,2015,75.0
rou,2016,75.0
rou,2017,75.0
rou,2018,75.0
rou,2019,75.0
rus,2000,71.0
rus,2001,69.0
rus,2002,69.0
rus,2003,71.0
rus,2004,68.0
rus,2005,71.0
rus,2006,69.0
rus,2007,69.0
rus,2008,70.0
rus,2009,73.0
rus,2010,72.0
rus,2011,68.0
rus,2012,67.0
rus,2013,70.0
rus,2014,71.0
rus,2015,72.0
rus,2016,71.0
rus,2017,69.0
rus,2018,69.0
rus,2019,71.0
rwa,2000,63.0
rwa,2001,63.0
rwa,2002,63.0
rwa,2003,63.0
rwa,2004,63.0
rwa,2005,63.0
rwa,2006,63.0
rwa,2007,63.0
rwa,2008,63.0
rwa,2009,63.0
rwa,2010,63.0
rwa,2011,63.0
rwa,2012,63.0
rwa,2013,63.0
rwa,2014,63.0
rwa,2015,63.0
rwa,2016,63.0
rwa,2017,63.0
rwa,2018,63.0
rwa,2019,63.0
kna,2001,75.0
kna,2002,75.0
kna,2003,75.0
kna,2004,75.0
kna,2006,75.0
kna,2007,75.0
kna,2008,75.0
kna,2009,75.0
kna,2010,75.0
kna,2011,75.0
kna,2012,75.0
kna,2014,75.0
kna,2017,75.0
kna,2019,220.0
lca,2000,75.0
lca,2001,75.0
lca,2002,75.0
lca,2003,75.0
lca,2004,75.0
lca,2005,75.0
lca,2006,75.0
lca,2007,75.0
lca,2008,75.0
lca,2009,75.0
lca,2010,75.0
lca,2011,75.0
lca,2012,75.0
lca,2013,75.0
lca,2014,75.0
lca,2015,75.0
lca,2016,75.0
lca,2017,75.0
lca,2018,75.0
lca,2019,75.0
vct,2000,75.0
vct,2001,75.0
vct,2002,75.0
vct,2003,75.0
vct,2004,75.0
vct,2005,75.0
vct,2006,75.0
vct,2007,75.0
vct,2008,75.0
vct,2009,75.0
vct,2010,75.0
vct,2011,75.0
vct,2012,75.0
vct,2013,75.0
vct,2014,75.0
vct,2015,75.0
vct,2016,75.0
vct,2017,75.0
vct,2018,75.0
vct,2019,75.0
wsm,2000,75.0
wsm,2001,75.0
wsm,2002,75.0
wsm,2003,75.0
wsm,2004,75.0
wsm,2005,75.0
wsm,2006,75.0
wsm,2008,75.0
wsm,2009,75.0
wsm,2010,75.0
wsm,2011,75.0
wsm,2012,75.0
wsm,2013,75.0
wsm,2014,75.0
wsm,2015,75.0
wsm,2016,75.0
wsm,2017,75.0
wsm,2018,75.0
wsm,2019,75.0
smr,2000,75.0
smr,2002,75.0
smr,2003,75.0
stp,2000,30.0
stp,2001,30.0
stp,2002,30.0
stp,2003,130.0
stp,2004,30.0
stp,2005,30.0
stp,2006,30.0
stp,2007,30.0
stp,2008,30.0
stp,2009,30.0
stp,2010,30.0
stp,2011,30.0
stp,2012,30.0
stp,2013,30.0
stp,2014,30.0
stp,2015,30.0
stp,2016,30.0
stp,2017,30.0
stp,2018,30.0
stp,2019,30.0
sau,2000,75.0
sau,2001,75.0
sau,2002,75.0
sau,2003,75.0
sau,2004,75.0
sau,2005,75.0
sau,2006,75.0
sau,2007,75.0
sau,2008,75.0
sau,2009,75.0
sau,2010,75.0
sau,2011,75.0
sau,2012,75.0
sau,2013,75.0
sau,2014,75.0
sau,2015,75.0
sau,2016,75.0
sau,2017,75.0
sau,2018,75.0
sau,2019,75.0
sen,2000,42.0
sen,2001,42.0
sen,2002,41.0
sen,2003,45.0
sen,2004,44.0
sen,2005,47.0
sen,2006,48.0
sen,2007,48.0
sen,2008,51.0
sen,2009,50.0
sen,2010,49.0
sen,2011,48.0
sen,2012,53.0
sen,2013,56.0
sen,2014,56.0
sen,2015,55.0
sen,2016,53.0
sen,2017,54.0
sen,2018,53.0
sen,2019,53.0
scg,2000,75.0
scg,2001,75.0
scg,2002,75.0
scg,2003,75.0
scg,2004,75.0
srb,2005,75.0
srb,2006,75.0
srb,2007,75.0
srb,2008,75.0
srb,2009,75.0
srb,2010,75.0
srb,2011,75.0
srb,2012,75.0
srb,2013,75.0
srb,2014,75.0
srb,2015,75.0
srb,2016,75.0
srb,2017,75.0
srb,2018,75.0
srb,2019,75.0
syc,2000,75.0
syc,2001,75.0
syc,2002,75.0
syc,2003,75.0
syc,2004,75.0
syc,2005,75.0
syc,2008,75.0
syc,2009,75.0
syc,2010,75.0
syc,2011,75.0
syc,2012,75.0
syc,2013,75.0
syc,2014,75.0
syc,2015,75.0
syc,2016,75.0
syc,2017,75.0
syc,2018,75.0
syc,2019,75.0
sle,2000,19.0
sle,2001,22.0
sle,2002,22.0
sle,2003,23.0
sle,2004,23.0
sle,2005,26.0
sle,2006,30.0
sle,2007,35.0
sle,2008,39.0
sle,2009,40.0
sle,2010,48.0
sle,2011,46.0
sle,2012,47.0
sle,2013,39.0
sle,2014,40.0
sle,2015,38.0
sle,2016,44.0
sle,2017,49.0
sle,2018,53.0
sle,2019,54.0
sgp,2000,75.0
sgp,2001,75.0
sgp,2002,75.0
sgp,2003,75.0
sgp,2004,75.0
sgp,2005,75.0
sgp,2006,75.0
sgp,2007,75.0
sgp,2008,75.0
sgp,2009,75.0
sgp,2010,75.0
sgp,2011,75.0
sgp,2012,75.0
sgp,2013,75.0
sgp,2014,75.0
sgp,2015,75.0
sgp,2016,75.0
sgp,2017,75.0
sgp,2018,75.0
sgp,2019,75.0
sxm,2010,75.0
sxm,2011,75.0
sxm,2012,75.0
sxm,2013,75.0
sxm,2015,75.0
sxm,2017,75.0
sxm,2018,75.0
sxm,2019,75.0
svk,2000,75.0
svk,2001,75.0
svk,2002,75.0
svk,2003,75.0
svk,2004,75.0
svk,2005,75.0
svk,2006,75.0
svk,2007,75.0
svk,2008,75.0
svk,2009,75.0
svk,2010,75.0
svk,2011,75.0
svk,2012,75.0
svk,2013,75.0
svk,2014,75.0
svk,2015,75.0
svk,2016,75.0
svk,2017,75.0
svk,2018,75.0
svk,2019,75.0
svn,2000,75.0
svn,2001,75.0
svn,2002,75.0
svn,2003,75.0
svn,2004,75.0
svn,2005,75.0
svn,2006,75.0
svn,2007,75.0
svn,2008,75.0
svn,2009,75.0
svn,2010,75.0
svn,2011,75.0
svn,2012,75.0
svn,2013,75.0
svn,2014,75.0
svn,2015,75.0
svn,2016,75.0
svn,2017,75.0
svn,2018,75.0
svn,2019,75.0
slb,2000,63.0
slb,2001,63.0
slb,2002,63.0
slb,2003,63.0
slb,2004,63.0
slb,2005,63.0
slb,2006,63.0
slb,2007,63.0
slb,2008,63.0
slb,2009,63.0
slb,2010,63.0
slb,2011,63.0
slb,2012,63.0
slb,2013,63.0
slb,2014,63.0
slb,2015,63.0
slb,2016,63.0
slb,2017,63.0
slb,2018,63.0
slb,2019,63.0
som,2000,16.0
som,2001,18.0
som,2002,19.0
som,2003,23.0
som,2004,28.0
som,2005,30.0
som,2006,27.0
som,2007,25.0
som,2008,27.0
som,2009,23.0
som,2010,21.0
som,2011,23.0
som,2012,23.0
som,2013,24.0
som,2014,25.0
som,2015,26.0
som,2016,26.0
som,2017,30.0
som,2018,30.0
som,2019,30.0
zaf,2000,30.0
zaf,2001,26.0
zaf,2002,33.0
zaf,2003,31.0
zaf,2004,34.0
zaf,2005,32.0
zaf,2006,34.0
zaf,2007,34.0
zaf,2008,41.0
zaf,2009,43.0
zaf,2010,43.0
zaf,2011,45.0
zaf,2012,39.0
zaf,2013,39.0
zaf,2014,39.0
zaf,2015,39.0
zaf,2016,39.0
zaf,2017,43.0
zaf,2018,43.0
zaf,2019,43.0
ssd,2011,23.0
ssd,2012,26.0
ssd,2013,19.0
ssd,2014,24.0
ssd,2015,28.0
ssd,2016,31.0
ssd,2017,29.0
ssd,2018,41.0
ssd,2019,46.0
esp,2000,75.0
esp,2001,75.0
esp,2002,75.0
esp,2003,75.0
esp,2004,75.0
esp,2005,75.0
esp,2006,75.0
esp,2007,75.0
esp,2008,75.0
esp,2009,75.0
esp,2010,75.0
esp,2011,75.0
esp,2012,75.0
esp,2013,75.0
esp,2014,75.0
esp,2015,75.0
esp,2016,75.0
esp,2017,75.0
esp,2018,75.0
esp,2019,81.0
lka,2000,50.0
lka,2001,42.0
lka,2002,54.0
lka,2003,57.0
lka,2004,51.0
lka,2005,57.0
lka,2006,50.0
lka,2007,51.0
lka,2008,55.0
lka,2009,56.0
lka,2010,58.0
lka,2011,60.0
lka,2012,50.0
lka,2013,51.0
lka,2014,52.0
lka,2015,52.0
lka,2016,49.0
lka,2017,47.0
lka,2018,49.0
lka,2019,47.0
sdn,2000,31.0
sdn,2001,31.0
sdn,2002,31.0
sdn,2003,31.0
sdn,2004,31.0
sdn,2005,31.0
sdn,2006,31.0
sdn,2007,31.0
sdn,2008,31.0
sdn,2009,31.0
sdn,2010,31.0
sdn,2011,33.0
sdn,2012,32.0
sdn,2013,33.0
sdn,2014,34.0
sdn,2015,37.0
sdn,2016,45.0
sdn,2017,48.0
sdn,2018,49.0
sdn,2019,51.0
sur,2000,63.0
sur,2001,63.0
sur,2002,63.0
sur,2003,63.0
sur,2004,63.0
sur,2005,63.0
sur,2006,63.0
sur,2008,63.0
sur,2009,63.0
sur,2010,63.0
sur,2011,63.0
sur,2012,63.0
sur,2013,63.0
sur,2014,63.0
sur,2015,63.0
sur,2016,63.0
sur,2017,63.0
sur,2018,63.0
sur,2019,63.0
swe,2000,75.0
swe,2001,75.0
swe,2002,75.0
swe,2003,75.0
swe,2004,75.0
swe,2005,75.0
swe,2006,75.0
swe,2007,75.0
swe,2008,75.0
swe,2009,75.0
swe,2010,75.0
swe,2011,75.0
swe,2012,75.0
swe,2013,75.0
swe,2014,75.0
swe,2015,75.0
swe,2016,75.0
swe,2017,75.0
swe,2018,75.0
swe,2019,75.0
che,2000,75.0
che,2001,75.0
che,2002,75.0
che,2003,75.0
che,2004,75.0
che,2005,75.0
che,2006,75.0
che,2007,75.0
che,2008,75.0
che,2009,75.0
che,2010,75.0
che,2011,75.0
che,2012,75.0
che,2013,75.0
che,2014,75.0
che,2015,75.0
che,2016,75.0
che,2017,75.0
che,2018,75.0
che,2019,75.0
syr,2000,63.0
syr,2001,63.0
syr,2002,63.0
syr,2003,63.0
syr,2004,63.0
syr,2005,63.0
syr,2006,63.0
syr,2007,63.0
syr,2008,63.0
syr,2009,63.0
syr,2010,63.0
syr,2011,63.0
syr,2012,63.0
syr,2013,63.0
syr,2014,63.0
syr,2015,63.0
syr,2016,63.0
syr,2017,63.0
syr,2018,63.0
syr,2019,63.0
tjk,2000,16.0
tjk,2001,20.0
tjk,2002,23.0
tjk,2003,49.0
tjk,2004,26.0
tjk,2005,33.0
tjk,2006,34.0
tjk,2007,42.0
tjk,2008,46.0
tjk,2009,55.0
tjk,2010,58.0
tjk,2011,62.0
tjk,2012,61.0
tjk,2013,55.0
tjk,2014,61.0
tjk,2015,64.0
tjk,2016,64.0
tjk,2017,62.0
tjk,2018,60.0
tjk,2019,59.0
tha,2000,14.0
tha,2001,20.0
tha,2002,20.0
tha,2003,22.0
tha,2004,23.0
tha,2005,24.0
tha,2006,25.0
tha,2007,25.0
tha,2008,26.0
tha,2009,33.0
tha,2010,37.0
tha,2011,37.0
tha,2012,34.0
tha,2013,37.0
tha,2014,40.0
tha,2015,37.0
tha,2016,46.0
tha,2017,58.0
tha,2018,63.0
tha,2019,66.0
tls,2002,42.0
tls,2003,51.0
tls,2004,62.0
tls,2005,61.0
tls,2006,54.0
tls,2007,44.0
tls,2008,44.0
tls,2009,82.0
tls,2011,67.0
tls,2012,51.0
tls,2013,48.0
tls,2014,44.0
tls,2015,39.0
tls,2016,42.0
tls,2017,39.0
tls,2018,42.0
tls,2019,44.0
tgo,2000,39.0
tgo,2002,40.0
tgo,2003,40.0
tgo,2004,43.0
tgo,2005,45.0
tgo,2006,46.0
tgo,2007,38.0
tgo,2008,44.0
tgo,2009,43.0
tgo,2010,40.0
tgo,2011,42.0
tgo,2012,42.0
tgo,2013,41.0
tgo,2014,43.0
tgo,2015,51.0
tgo,2016,66.0
tgo,2017,67.0
tgo,2018,67.0
tgo,2019,71.0
tkl,2015,63.0
ton,2000,75.0
ton,2001,75.0
ton,2002,75.0
ton,2003,75.0
ton,2004,75.0
ton,2005,75.0
ton,2006,75.0
ton,2007,75.0
ton,2008,75.0
ton,2009,75.0
ton,2010,75.0
ton,2011,75.0
ton,2012,75.0
ton,2013,75.0
ton,2014,75.0
ton,2015,75.0
ton,2016,75.0
ton,2017,75.0
ton,2018,75.0
ton,2019,75.0
tto,2000,75.0
tto,2001,75.0
tto,2002,75.0
tto,2003,75.0
tto,2004,75.0
tto,2005,75.0
tto,2006,75.0
tto,2007,75.0
tto,2008,75.0
tto,2009,75.0
tto,2010,75.0
tto,2011,75.0
tto,2012,75.0
tto,2013,75.0
tto,2014,75.0
tto,2015,75.0
tto,2016,75.0
tto,2017,75.0
tto,2018,75.0
tto,2019,75.0
tun,2000,63.0
tun,2001,63.0
tun,2002,63.0
tun,2003,63.0
tun,2004,63.0
tun,2005,63.0
tun,2006,63.0
tun,2007,63.0
tun,2008,63.0
tun,2009,63.0
tun,2010,63.0
tun,2011,63.0
tun,2012,63.0
tun,2013,63.0
tun,2014,63.0
tun,2015,63.0
tun,2016,63.0
tun,2017,63.0
tun,2018,63.0
tun,2019,63.0
tur,2000,75.0
tur,2001,75.0
tur,2002,75.0
tur,2003,75.0
tur,2004,75.0
tur,2005,75.0
tur,2006,75.0
tur,2007,75.0
tur,2008,75.0
tur,2009,75.0
tur,2010,75.0
tur,2011,75.0
tur,2012,75.0
tur,2013,75.0
tur,2014,75.0
tur,2015,75.0
tur,2016,75.0
tur,2017,75.0
tur,2018,75.0
tur,2019,75.0
tkm,2000,63.0
tkm,2001,63.0
tkm,2002,63.0
tkm,2003,63.0
tkm,2004,63.0
tkm,2005,63.0
tkm,2006,63.0
tkm,2007,63.0
tkm,2008,63.0
tkm,2009,63.0
tkm,2010,63.0
tkm,2011,63.0
tkm,2012,63.0
tkm,2013,63.0
tkm,2014,63.0
tkm,2015,63.0
tkm,2016,63.0
tkm,2017,63.0
tkm,2018,63.0
tkm,2019,63.0
tca,2001,75.0
tca,2002,75.0
tca,2003,75.0
tca,2006,75.0
tca,2010,75.0
tca,2011,75.0
tca,2012,75.0
tca,2013,75.0
tca,2014,75.0
tca,2015,75.0
tca,2016,75.0
tca,2017,75.0
tca,2018,75.0
tca,2019,75.0
tuv,2000,75.0
tuv,2001,75.0
tuv,2002,75.0
tuv,2003,75.0
tuv,2005,75.0
tuv,2006,75.0
tuv,2007,75.0
tuv,2008,75.0
tuv,2009,75.0
tuv,2010,75.0
tuv,2011,75.0
tuv,2012,75.0
tuv,2013,75.0
tuv,2014,75.0
tuv,2015,75.0
tuv,2016,75.0
tuv,2017,75.0
tuv,2018,75.0
tuv,2019,75.0
uga,2000,29.0
uga,2001,39.0
uga,2002,45.0
uga,2003,49.0
uga,2004,50.0
uga,2005,46.0
uga,2006,45.0
uga,2007,44.0
uga,2008,46.0
uga,2009,44.0
uga,2010,45.0
uga,2011,49.0
uga,2012,45.0
uga,2013,44.0
uga,2014,41.0
uga,2015,36.0
uga,2016,36.0
uga,2017,36.0
uga,2018,43.0
uga,2019,49.0
ukr,2000,41.0
ukr,2001,45.0
ukr,2002,48.0
ukr,2003,91.0
ukr,2005,47.0
ukr,2006,49.0
ukr,2007,46.0
ukr,2008,48.0
ukr,2009,48.0
ukr,2010,47.0
ukr,2011,50.0
ukr,2012,63.0
ukr,2013,59.0
ukr,2014,52.0
ukr,2015,52.0
ukr,2016,52.0
ukr,2017,51.0
ukr,2018,52.0
ukr,2019,52.0
are,2000,75.0
are,2001,75.0
are,2002,75.0
are,2003,75.0
are,2004,75.0
are,2005,75.0
are,2006,75.0
are,2007,75.0
are,2008,75.0
are,2009,75.0
are,2010,75.0
are,2011,75.0
are,2012,75.0
are,2013,75.0
are,2014,75.0
are,2015,75.0
are,2016,75.0
are,2017,75.0
are,2018,75.0
are,2019,75.0
gbr,2000,81.0
gbr,2001,81.0
gbr,2002,81.0
gbr,2003,81.0
gbr,2004,81.0
gbr,2005,81.0
gbr,2006,81.0
gbr,2007,81.0
gbr,2008,81.0
gbr,2009,81.0
gbr,2010,81.0
gbr,2011,81.0
gbr,2012,81.0
gbr,2013,81.0
gbr,2014,81.0
gbr,2015,81.0
gbr,2016,81.0
gbr,2017,81.0
gbr,2018,81.0
gbr,2019,81.0
tza,2000,20.0
tza,2001,22.0
tza,2002,21.0
tza,2003,22.0
tza,2004,21.0
tza,2005,20.0
tza,2006,19.0
tza,2007,19.0
tza,2008,20.0
tza,2009,20.0
tza,2010,20.0
tza,2011,20.0
tza,2012,21.0
tza,2013,23.0
tza,2014,22.0
tza,2015,23.0
tza,2016,25.0
tza,2017,27.0
tza,2018,30.0
tza,2019,34.0
usa,2000,75.0
usa,2001,75.0
usa,2002,75.0
usa,2003,75.0
usa,2004,75.0
usa,2005,75.0
usa,2006,75.0
usa,2007,75.0
usa,2008,75.0
usa,2009,75.0
usa,2010,75.0
usa,2011,75.0
usa,2012,75.0
usa,2013,75.0
usa,2014,75.0
usa,2015,75.0
usa,2016,75.0
usa,2017,75.0
usa,2018,75.0
usa,2019,75.0
ury,2000,75.0
ury,2001,75.0
ury,2002,75.0
ury,2003,75.0
ury,2004,75.0
ury,2005,75.0
ury,2006,75.0
ury,2007,75.0
ury,2008,75.0
ury,2009,75.0
ury,2010,75.0
ury,2011,75.0
ury,2012,75.0
ury,2013,75.0
ury,2014,75.0
ury,2015,75.0
ury,2016,75.0
ury,2017,75.0
ury,2018,75.0
ury,2019,75.0
uzb,2000,45.0
uzb,2001,45.0
uzb,2002,55.0
uzb,2003,68.0
uzb,2004,46.0
uzb,2005,52.0
uzb,2006,63.0
uzb,2007,49.0
uzb,2008,41.0
uzb,2009,54.0
uzb,2010,43.0
uzb,2011,40.0
uzb,2012,39.0
uzb,2013,69.0
uzb,2014,58.0
uzb,2015,50.0
uzb,2016,49.0
uzb,2017,53.0
uzb,2018,53.0
uzb,2019,54.0
vut,2000,60.0
vut,2001,60.0
vut,2002,60.0
vut,2003,61.0
vut,2004,46.0
vut,2005,31.0
vut,2006,61.0
vut,2007,56.0
vut,2008,43.0
vut,2009,68.0
vut,2010,54.0
vut,2011,51.0
vut,2012,63.0
vut,2013,63.0
vut,2014,51.0
vut,2015,68.0
vut,2016,50.0
vut,2017,49.0
vut,2018,52.0
vut,2019,58.0
ven,2000,63.0
ven,2001,63.0
ven,2002,63.0
ven,2003,63.0
ven,2004,63.0
ven,2005,63.0
ven,2006,63.0
ven,2007,63.0
ven,2008,63.0
ven,2009,63.0
ven,2010,63.0
ven,2011,63.0
ven,2012,63.0
ven,2013,63.0
ven,2014,63.0
ven,2015,63.0
ven,2016,63.0
ven,2017,63.0
ven,2018,63.0
ven,2019,63.0
vnm,2000,23.0
vnm,2001,24.0
vnm,2002,26.0
vnm,2003,26.0
vnm,2004,28.0
vnm,2005,28.0
vnm,2006,29.0
vnm,2007,30.0
vnm,2008,31.0
vnm,2009,32.0
vnm,2010,32.0
vnm,2011,34.0
vnm,2012,36.0
vnm,2013,36.0
vnm,2014,37.0
vnm,2015,37.0
vnm,2016,39.0
vnm,2017,40.0
vnm,2018,40.0
vnm,2019,42.0
wlf,2001,75.0
wlf,2002,75.0
wlf,2003,75.0
wlf,2005,75.0
wlf,2007,75.0
wlf,2009,75.0
wlf,2011,75.0
wlf,2013,75.0
wlf,2019,75.0
yem,2000,62.0
yem,2001,61.0
yem,2002,58.0
yem,2003,54.0
yem,2004,55.0
yem,2005,52.0
yem,2006,53.0
yem,2007,57.0
yem,2008,59.0
yem,2009,63.0
yem,2010,67.0
yem,2011,66.0
yem,2012,74.0
yem,2013,76.0
yem,2014,69.0
yem,2015,53.0
yem,2016,64.0
yem,2017,64.0
yem,2018,63.0
yem,2019,65.0
zmb,2000,44.0
zmb,2001,42.0
zmb,2002,54.0
zmb,2003,62.0
zmb,2004,58.0
zmb,2005,52.0
zmb,2006,50.0
zmb,2007,47.0
zmb,2008,45.0
zmb,2009,46.0
zmb,2010,46.0
zmb,2011,46.0
zmb,2012,43.0
zmb,2013,44.0
zmb,2014,42.0
zmb,2015,41.0
zmb,2016,44.0
zmb,2017,42.0
zmb,2018,41.0
zmb,2019,43.0
zwe,2000,53.0
zwe,2001,59.0
zwe,2002,64.0
zwe,2003,60.0
zwe,2004,59.0
zwe,2005,50.0
zwe,2006,46.0
zwe,2007,44.0
zwe,2008,43.0
zwe,2009,58.0
zwe,2010,67.0
zwe,2011,59.0
zwe,2012,58.0
zwe,2013,63.0
zwe,2014,60.0
zwe,2015,62.0
zwe,2016,63.0
zwe,2017,63.0
zwe,2018,64.0
zwe,2019,56.0
