country,year,e_mort_tbhiv_num_lo
afg,2000,0
afg,2001,1
afg,2002,17
afg,2003,17
afg,2004,16
afg,2005,16
afg,2006,15
afg,2007,14
afg,2008,15
afg,2009,16
afg,2010,16
afg,2011,16
afg,2012,17
afg,2013,16
afg,2014,17
afg,2015,14
afg,2016,12
afg,2017,10
alb,2000,0
alb,2001,0
alb,2002,0
alb,2003,0
alb,2004,0
alb,2005,0
alb,2006,0
alb,2007,0
alb,2008,0
alb,2009,0
alb,2010,0
alb,2011,0
alb,2012,0
alb,2013,0
alb,2014,0
alb,2015,0
alb,2016,0
alb,2017,0
dza,2000,10
dza,2001,9
dza,2002,8
dza,2003,8
dza,2004,8
dza,2005,9
dza,2006,9
dza,2007,10
dza,2008,10
dza,2009,11
dza,2010,12
dza,2011,12
dza,2012,13
dza,2013,13
dza,2014,16
dza,2015,17
dza,2016,17
dza,2017,18
asm,2000,0
asm,2001,0
asm,2002,0
asm,2003,0
asm,2004,0
asm,2005,0
asm,2006,0
asm,2007,0
asm,2008,0
asm,2009,0
asm,2010,0
asm,2011,0
asm,2012,0
asm,2013,0
asm,2014,0
asm,2015,0
asm,2016,0
asm,2017,0
and,2000,0
and,2001,0
and,2002,0
and,2003,0
and,2004,0
and,2005,0
and,2006,0
and,2007,0
and,2008,0
and,2009,0
and,2010,0
and,2011,0
and,2012,0
and,2013,0
and,2014,0
and,2015,0
and,2016,0
and,2017,0
ago,2000,64
ago,2001,290
ago,2002,2100
ago,2003,1900
ago,2004,2200
ago,2005,2400
ago,2006,2100
ago,2007,2700
ago,2008,2800
ago,2009,3200
ago,2010,3200
ago,2011,3300
ago,2012,3200
ago,2013,3100
ago,2014,3700
ago,2015,3400
ago,2016,3500
ago,2017,3800
aia,2000,0
aia,2001,0
aia,2002,0
aia,2003,0
aia,2004,0
aia,2005,0
aia,2006,0
aia,2007,0
aia,2008,0
aia,2009,0
aia,2010,0
aia,2011,0
aia,2012,0
aia,2013,0
aia,2014,0
aia,2015,0
aia,2016,0
aia,2017,0
atg,2000,0
atg,2001,0
atg,2002,0
atg,2003,0
atg,2004,0
atg,2005,0
atg,2006,0
atg,2007,0
atg,2008,0
atg,2009,0
atg,2010,0
atg,2011,0
atg,2012,0
atg,2013,1
atg,2014,0
atg,2015,0
atg,2016,0
atg,2017,0
arg,2000,79
arg,2001,80
arg,2002,84
arg,2003,82
arg,2004,89
arg,2005,86
arg,2006,81
arg,2007,70
arg,2008,72
arg,2009,71
arg,2010,87
arg,2011,95
arg,2012,130
arg,2013,64
arg,2014,64
arg,2015,97
arg,2016,190
arg,2017,140
arm,2000,3
arm,2001,3
arm,2002,4
arm,2003,4
arm,2004,4
arm,2005,6
arm,2006,5
arm,2007,5
arm,2008,5
arm,2009,4
arm,2010,4
arm,2011,7
arm,2012,12
arm,2013,13
arm,2014,16
arm,2015,15
arm,2016,10
arm,2017,11
abw,2000,0
abw,2001,0
abw,2002,0
abw,2003,0
abw,2004,0
abw,2005,0
abw,2006,0
abw,2007,0
abw,2008,0
abw,2009,0
abw,2010,0
abw,2011,0
abw,2012,0
abw,2013,0
abw,2014,0
abw,2015,0
abw,2016,0
abw,2017,0
aus,2000,4
aus,2001,4
aus,2002,4
aus,2003,4
aus,2004,4
aus,2005,4
aus,2006,6
aus,2007,5
aus,2008,6
aus,2009,5
aus,2010,4
aus,2011,3
aus,2012,3
aus,2013,3
aus,2014,3
aus,2015,3
aus,2016,3
aus,2017,4
aut,2000,2
aut,2001,2
aut,2002,2
aut,2003,2
aut,2004,2
aut,2005,2
aut,2006,2
aut,2007,2
aut,2008,2
aut,2009,2
aut,2010,3
aut,2011,2
aut,2012,3
aut,2013,1
aut,2014,1
aut,2015,2
aut,2016,3
aut,2017,2
aze,2000,6
aze,2001,5
aze,2002,6
aze,2003,4
aze,2004,6
aze,2005,7
aze,2006,6
aze,2007,6
aze,2008,8
aze,2009,10
aze,2010,8
aze,2011,13
aze,2012,21
aze,2013,18
aze,2014,20
aze,2015,20
aze,2016,18
aze,2017,17
bhs,2000,4
bhs,2001,3
bhs,2002,2
bhs,2003,2
bhs,2004,2
bhs,2005,2
bhs,2006,4
bhs,2007,2
bhs,2008,2
bhs,2009,2
bhs,2010,2
bhs,2011,2
bhs,2012,1
bhs,2013,1
bhs,2014,2
bhs,2015,3
bhs,2016,4
bhs,2017,3
bhr,2000,1
bhr,2001,1
bhr,2002,1
bhr,2003,1
bhr,2004,1
bhr,2005,1
bhr,2006,1
bhr,2007,1
bhr,2008,1
bhr,2009,1
bhr,2010,1
bhr,2011,2
bhr,2012,2
bhr,2013,1
bhr,2014,1
bhr,2015,1
bhr,2016,1
bhr,2017,1
bgd,2000,0
bgd,2001,3
bgd,2002,10
bgd,2003,78
bgd,2004,87
bgd,2005,92
bgd,2006,94
bgd,2007,100
bgd,2008,110
bgd,2009,100
bgd,2010,110
bgd,2011,110
bgd,2012,110
bgd,2013,100
bgd,2014,110
bgd,2015,99
bgd,2016,93
bgd,2017,84
brb,2000,0
brb,2001,0
brb,2002,0
brb,2003,0
brb,2004,1
brb,2005,0
brb,2006,0
brb,2007,2
brb,2008,0
brb,2009,0
brb,2010,0
brb,2011,0
brb,2012,1
brb,2013,1
brb,2014,1
brb,2015,0
brb,2016,0
brb,2017,0
blr,2000,1
blr,2001,11
blr,2002,11
blr,2003,12
blr,2004,11
blr,2005,15
blr,2006,18
blr,2007,24
blr,2008,27
blr,2009,32
blr,2010,33
blr,2011,35
blr,2012,40
blr,2013,43
blr,2014,47
blr,2015,48
blr,2016,42
blr,2017,42
bel,2000,10
bel,2001,10
bel,2002,9
bel,2003,8
bel,2004,9
bel,2005,8
bel,2006,7
bel,2007,6
bel,2008,6
bel,2009,6
bel,2010,6
bel,2011,7
bel,2012,7
bel,2013,7
bel,2014,8
bel,2015,8
bel,2016,9
bel,2017,9
blz,2000,2
blz,2001,2
blz,2002,2
blz,2003,2
blz,2004,1
blz,2005,3
blz,2006,1
blz,2007,1
blz,2008,2
blz,2009,2
blz,2010,3
blz,2011,2
blz,2012,2
blz,2013,3
blz,2014,2
blz,2015,3
blz,2016,4
blz,2017,3
ben,2000,260
ben,2001,260
ben,2002,240
ben,2003,230
ben,2004,220
ben,2005,210
ben,2006,190
ben,2007,210
ben,2008,230
ben,2009,230
ben,2010,230
ben,2011,230
ben,2012,230
ben,2013,240
ben,2014,230
ben,2015,210
ben,2016,210
ben,2017,240
bmu,2000,0
bmu,2001,0
bmu,2002,0
bmu,2003,0
bmu,2004,0
bmu,2005,0
bmu,2006,0
bmu,2007,0
bmu,2008,0
bmu,2009,0
bmu,2010,0
bmu,2011,0
bmu,2012,0
bmu,2013,0
bmu,2014,0
bmu,2015,0
bmu,2016,0
bmu,2017,0
btn,2000,0
btn,2001,0
btn,2002,0
btn,2003,0
btn,2004,0
btn,2005,0
btn,2006,0
btn,2007,0
btn,2008,0
btn,2009,0
btn,2010,0
btn,2011,0
btn,2012,0
btn,2013,1
btn,2014,2
btn,2015,2
btn,2016,1
btn,2017,1
bol,2000,100
bol,2001,100
bol,2002,100
bol,2003,99
bol,2004,100
bol,2005,100
bol,2006,100
bol,2007,100
bol,2008,94
bol,2009,93
bol,2010,95
bol,2011,89
bol,2012,88
bol,2013,76
bol,2014,110
bol,2015,120
bol,2016,110
bol,2017,120
bes,2010,0
bes,2011,0
bes,2012,0
bes,2013,0
bes,2014,0
bes,2015,0
bes,2016,0
bes,2017,0
bih,2000,0
bih,2001,0
bih,2002,0
bih,2003,0
bih,2004,0
bih,2005,0
bih,2006,0
bih,2007,0
bih,2008,0
bih,2009,0
bih,2010,0
bih,2011,0
bih,2012,0
bih,2013,0
bih,2014,0
bih,2015,0
bih,2016,0
bih,2017,0
bwa,2000,2500
bwa,2001,2300
bwa,2002,2100
bwa,2003,2000
bwa,2004,1800
bwa,2005,1600
bwa,2006,1700
bwa,2007,1600
bwa,2008,1300
bwa,2009,1300
bwa,2010,1300
bwa,2011,1300
bwa,2012,1100
bwa,2013,900
bwa,2014,950
bwa,2015,970
bwa,2016,740
bwa,2017,530
bra,2000,1600
bra,2001,1500
bra,2002,1600
bra,2003,1700
bra,2004,1700
bra,2005,2100
bra,2006,1900
bra,2007,1900
bra,2008,2000
bra,2009,1900
bra,2010,1800
bra,2011,1800
bra,2012,1700
bra,2013,1400
bra,2014,1300
bra,2015,1500
bra,2016,1400
bra,2017,1400
vgb,2000,0
vgb,2001,0
vgb,2002,0
vgb,2003,0
vgb,2004,0
vgb,2005,0
vgb,2006,0
vgb,2007,0
vgb,2008,0
vgb,2009,0
vgb,2010,0
vgb,2011,0
vgb,2012,0
vgb,2013,0
vgb,2014,0
vgb,2015,0
vgb,2016,0
vgb,2017,0
brn,2000,0
brn,2001,0
brn,2002,0
brn,2003,0
brn,2004,0
brn,2005,0
brn,2006,0
brn,2007,0
brn,2008,0
brn,2009,0
brn,2010,0
brn,2011,0
brn,2012,0
brn,2013,0
brn,2014,0
brn,2015,0
brn,2016,0
brn,2017,0
bgr,2000,1
bgr,2001,1
bgr,2002,1
bgr,2003,1
bgr,2004,1
bgr,2005,1
bgr,2006,1
bgr,2007,1
bgr,2008,1
bgr,2009,1
bgr,2010,1
bgr,2011,1
bgr,2012,1
bgr,2013,1
bgr,2014,1
bgr,2015,0
bgr,2016,0
bgr,2017,1
bfa,2000,860
bfa,2001,850
bfa,2002,860
bfa,2003,850
bfa,2004,830
bfa,2005,780
bfa,2006,740
bfa,2007,630
bfa,2008,570
bfa,2009,460
bfa,2010,420
bfa,2011,360
bfa,2012,320
bfa,2013,270
bfa,2014,250
bfa,2015,220
bfa,2016,200
bfa,2017,200
bdi,2000,1400
bdi,2001,1300
bdi,2002,1300
bdi,2003,1100
bdi,2004,1000
bdi,2005,970
bdi,2006,950
bdi,2007,890
bdi,2008,800
bdi,2009,730
bdi,2010,670
bdi,2011,670
bdi,2012,560
bdi,2013,420
bdi,2014,400
bdi,2015,400
bdi,2016,320
bdi,2017,300
cpv,2000,10
cpv,2001,10
cpv,2002,12
cpv,2003,10
cpv,2004,11
cpv,2005,11
cpv,2006,18
cpv,2007,26
cpv,2008,32
cpv,2009,37
cpv,2010,36
cpv,2011,28
cpv,2012,18
cpv,2013,20
cpv,2014,21
cpv,2015,27
cpv,2016,20
cpv,2017,27
khm,2000,2800
khm,2001,2700
khm,2002,2400
khm,2003,2100
khm,2004,1800
khm,2005,1500
khm,2006,1400
khm,2007,1300
khm,2008,1100
khm,2009,1100
khm,2010,790
khm,2011,680
khm,2012,540
khm,2013,450
khm,2014,380
khm,2015,320
khm,2016,290
khm,2017,270
cmr,2000,7800
cmr,2001,7400
cmr,2002,7800
cmr,2003,7200
cmr,2004,7200
cmr,2005,6600
cmr,2006,6300
cmr,2007,6200
cmr,2008,5900
cmr,2009,5500
cmr,2010,5500
cmr,2011,5600
cmr,2012,5300
cmr,2013,5100
cmr,2014,4600
cmr,2015,4300
cmr,2016,4000
cmr,2017,3800
can,2000,25
can,2001,26
can,2002,24
can,2003,23
can,2004,22
can,2005,22
can,2006,22
can,2007,22
can,2008,22
can,2009,8
can,2010,6
can,2011,5
can,2012,9
can,2013,12
can,2014,14
can,2015,15
can,2016,16
can,2017,16
cym,2000,0
cym,2001,0
cym,2002,0
cym,2003,0
cym,2004,0
cym,2005,0
cym,2006,0
cym,2007,0
cym,2008,0
cym,2009,0
cym,2010,0
cym,2011,0
cym,2012,0
cym,2013,0
cym,2014,0
cym,2015,0
cym,2016,0
cym,2017,0
caf,2000,520
caf,2001,970
caf,2002,1800
caf,2003,7900
caf,2004,6500
caf,2005,5600
caf,2006,4200
caf,2007,3600
caf,2008,2900
caf,2009,2200
caf,2010,2200
caf,2011,2000
caf,2012,1500
caf,2013,1300
caf,2014,1200
caf,2015,1200
caf,2016,1300
caf,2017,1400
tcd,2000,790
tcd,2001,830
tcd,2002,860
tcd,2003,940
tcd,2004,960
tcd,2005,900
tcd,2006,960
tcd,2007,1000
tcd,2008,1000
tcd,2009,940
tcd,2010,910
tcd,2011,880
tcd,2012,920
tcd,2013,940
tcd,2014,1000
tcd,2015,1200
tcd,2016,1300
tcd,2017,1200
chl,2000,16
chl,2001,17
chl,2002,15
chl,2003,14
chl,2004,18
chl,2005,18
chl,2006,19
chl,2007,15
chl,2008,15
chl,2009,21
chl,2010,28
chl,2011,24
chl,2012,38
chl,2013,19
chl,2014,23
chl,2015,31
chl,2016,46
chl,2017,40
chn,2000,8500
chn,2001,6900
chn,2002,5700
chn,2003,4100
chn,2004,2700
chn,2005,2000
chn,2006,1700
chn,2007,1400
chn,2008,1200
chn,2009,1200
chn,2010,1100
chn,2011,1100
chn,2012,1000
chn,2013,1000
chn,2014,1100
chn,2015,1000
chn,2016,990
chn,2017,820
hkg,2000,1
hkg,2001,1
hkg,2002,1
hkg,2003,1
hkg,2004,2
hkg,2005,4
hkg,2006,5
hkg,2007,6
hkg,2008,3
hkg,2009,6
hkg,2010,5
hkg,2011,4
hkg,2012,3
hkg,2013,3
hkg,2014,3
hkg,2015,4
hkg,2016,5
hkg,2017,6
mac,2000,0
mac,2001,0
mac,2002,0
mac,2003,0
mac,2004,0
mac,2005,0
mac,2006,0
mac,2007,0
mac,2008,0
mac,2009,0
mac,2010,0
mac,2011,0
mac,2012,1
mac,2013,1
mac,2014,0
mac,2015,0
mac,2016,0
mac,2017,0
col,2000,100
col,2001,98
col,2002,97
col,2003,100
col,2004,96
col,2005,89
col,2006,88
col,2007,100
col,2008,110
col,2009,160
col,2010,280
col,2011,400
col,2012,400
col,2013,350
col,2014,330
col,2015,310
col,2016,310
col,2017,320
com,2000,0
com,2001,0
com,2002,0
com,2003,0
com,2004,0
com,2005,1
com,2006,1
com,2007,0
com,2008,0
com,2009,0
com,2010,0
com,2011,0
com,2012,2
com,2013,2
com,2014,2
com,2015,2
com,2016,2
com,2017,2
cog,2000,1100
cog,2001,1100
cog,2002,1100
cog,2003,1400
cog,2004,1100
cog,2005,1100
cog,2006,1200
cog,2007,1100
cog,2008,1100
cog,2009,1000
cog,2010,960
cog,2011,950
cog,2012,960
cog,2013,990
cog,2014,1200
cog,2015,1200
cog,2016,1100
cog,2017,1200
cok,2000,0
cok,2001,0
cok,2002,0
cok,2003,0
cok,2004,0
cok,2005,0
cok,2006,0
cok,2007,0
cok,2008,0
cok,2009,0
cok,2010,0
cok,2011,0
cok,2012,0
cok,2013,0
cok,2014,0
cok,2015,0
cok,2016,0
cok,2017,0
cri,2000,5
cri,2001,6
cri,2002,5
cri,2003,6
cri,2004,9
cri,2005,8
cri,2006,8
cri,2007,10
cri,2008,8
cri,2009,7
cri,2010,9
cri,2011,7
cri,2012,8
cri,2013,6
cri,2014,7
cri,2015,6
cri,2016,6
cri,2017,6
civ,2000,6900
civ,2001,6500
civ,2002,6200
civ,2003,5700
civ,2004,5000
civ,2005,4600
civ,2006,4100
civ,2007,3600
civ,2008,3200
civ,2009,2900
civ,2010,2600
civ,2011,2400
civ,2012,2200
civ,2013,2000
civ,2014,1900
civ,2015,1900
civ,2016,1800
civ,2017,1600
hrv,2000,1
hrv,2001,1
hrv,2002,1
hrv,2003,1
hrv,2004,1
hrv,2005,1
hrv,2006,1
hrv,2007,1
hrv,2008,1
hrv,2009,1
hrv,2010,1
hrv,2011,1
hrv,2012,1
hrv,2013,0
hrv,2014,0
hrv,2015,1
hrv,2016,1
hrv,2017,1
cub,2000,0
cub,2001,0
cub,2002,0
cub,2003,0
cub,2004,0
cub,2005,0
cub,2006,0
cub,2007,0
cub,2008,1
cub,2009,6
cub,2010,7
cub,2011,8
cub,2012,9
cub,2013,11
cub,2014,11
cub,2015,10
cub,2016,8
cub,2017,8
cuw,2010,0
cuw,2011,0
cuw,2012,0
cuw,2013,0
cuw,2014,0
cuw,2015,0
cuw,2016,0
cuw,2017,0
cyp,2000,0
cyp,2001,0
cyp,2002,0
cyp,2003,0
cyp,2004,0
cyp,2005,0
cyp,2006,0
cyp,2007,0
cyp,2008,0
cyp,2009,0
cyp,2010,0
cyp,2011,0
cyp,2012,0
cyp,2013,0
cyp,2014,0
cyp,2015,0
cyp,2016,0
cyp,2017,0
cze,2000,0
cze,2001,0
cze,2002,0
cze,2003,0
cze,2004,0
cze,2005,0
cze,2006,0
cze,2007,0
cze,2008,0
cze,2009,0
cze,2010,0
cze,2011,0
cze,2012,1
cze,2013,0
cze,2014,0
cze,2015,0
cze,2016,1
cze,2017,1
prk,2000,0
prk,2001,0
prk,2002,1
prk,2003,4
prk,2004,6
prk,2005,8
prk,2006,51
prk,2007,43
prk,2008,35
prk,2009,33
prk,2010,28
prk,2011,25
prk,2012,24
prk,2013,22
prk,2014,21
prk,2015,15
prk,2016,15
prk,2017,22
cod,2000,17000
cod,2001,14000
cod,2002,12000
cod,2003,9700
cod,2004,7900
cod,2005,7300
cod,2006,7100
cod,2007,6700
cod,2008,6100
cod,2009,5500
cod,2010,5200
cod,2011,5200
cod,2012,5000
cod,2013,4800
cod,2014,4900
cod,2015,4500
cod,2016,4000
cod,2017,3500
dnk,2000,1
dnk,2001,1
dnk,2002,1
dnk,2003,1
dnk,2004,1
dnk,2005,0
dnk,2006,0
dnk,2007,0
dnk,2008,0
dnk,2009,1
dnk,2010,1
dnk,2011,1
dnk,2012,1
dnk,2013,1
dnk,2014,1
dnk,2015,1
dnk,2016,1
dnk,2017,1
dji,2000,100
dji,2001,110
dji,2002,81
dji,2003,82
dji,2004,75
dji,2005,79
dji,2006,76
dji,2007,81
dji,2008,86
dji,2009,83
dji,2010,87
dji,2011,64
dji,2012,78
dji,2013,68
dji,2014,37
dji,2015,30
dji,2016,24
dji,2017,20
dma,2000,0
dma,2001,0
dma,2002,0
dma,2003,0
dma,2004,0
dma,2005,0
dma,2006,1
dma,2007,0
dma,2008,0
dma,2009,0
dma,2010,0
dma,2011,0
dma,2012,1
dma,2013,0
dma,2014,0
dma,2015,0
dma,2016,0
dma,2017,0
dom,2000,70
dom,2001,63
dom,2002,53
dom,2003,63
dom,2004,60
dom,2005,76
dom,2006,62
dom,2007,59
dom,2008,63
dom,2009,83
dom,2010,85
dom,2011,100
dom,2012,150
dom,2013,180
dom,2014,210
dom,2015,230
dom,2016,210
dom,2017,180
ecu,2000,89
ecu,2001,77
ecu,2002,75
ecu,2003,88
ecu,2004,81
ecu,2005,57
ecu,2006,59
ecu,2007,63
ecu,2008,63
ecu,2009,62
ecu,2010,65
ecu,2011,94
ecu,2012,120
ecu,2013,120
ecu,2014,120
ecu,2015,120
ecu,2016,120
ecu,2017,140
egy,2000,7
egy,2001,6
egy,2002,5
egy,2003,4
egy,2004,4
egy,2005,4
egy,2006,5
egy,2007,5
egy,2008,5
egy,2009,5
egy,2010,5
egy,2011,6
egy,2012,6
egy,2013,7
egy,2014,8
egy,2015,8
egy,2016,7
egy,2017,7
slv,2000,25
slv,2001,24
slv,2002,26
slv,2003,23
slv,2004,27
slv,2005,38
slv,2006,36
slv,2007,41
slv,2008,42
slv,2009,42
slv,2010,36
slv,2011,37
slv,2012,40
slv,2013,39
slv,2014,38
slv,2015,35
slv,2016,37
slv,2017,30
gnq,2000,6
gnq,2001,6
gnq,2002,7
gnq,2003,8
gnq,2004,8
gnq,2005,9
gnq,2006,10
gnq,2007,11
gnq,2008,13
gnq,2009,30
gnq,2010,87
gnq,2011,120
gnq,2012,130
gnq,2013,150
gnq,2014,190
gnq,2015,260
gnq,2016,240
gnq,2017,260
eri,2000,43
eri,2001,350
eri,2002,350
eri,2003,240
eri,2004,220
eri,2005,180
eri,2006,150
eri,2007,190
eri,2008,150
eri,2009,150
eri,2010,150
eri,2011,160
eri,2012,82
eri,2013,55
eri,2014,40
eri,2015,30
eri,2016,36
eri,2017,24
est,2000,5
est,2001,5
est,2002,4
est,2003,4
est,2004,4
est,2005,4
est,2006,4
est,2007,5
est,2008,4
est,2009,6
est,2010,4
est,2011,5
est,2012,5
est,2013,5
est,2014,3
est,2015,3
est,2016,2
est,2017,2
swz,2000,960
swz,2001,1000
swz,2002,1100
swz,2003,1300
swz,2004,1300
swz,2005,1400
swz,2006,1500
swz,2007,1500
swz,2008,1500
swz,2009,1700
swz,2010,1600
swz,2011,1300
swz,2012,1000
swz,2013,930
swz,2014,770
swz,2015,550
swz,2016,450
swz,2017,430
eth,2000,11000
eth,2001,11000
eth,2002,10000
eth,2003,9600
eth,2004,9100
eth,2005,8700
eth,2006,8500
eth,2007,7900
eth,2008,7000
eth,2009,6300
eth,2010,5700
eth,2011,5600
eth,2012,5300
eth,2013,5200
eth,2014,4500
eth,2015,3100
eth,2016,2700
eth,2017,2500
fji,2000,0
fji,2001,0
fji,2002,0
fji,2003,0
fji,2004,0
fji,2005,0
fji,2006,0
fji,2007,0
fji,2008,0
fji,2009,0
fji,2010,0
fji,2011,1
fji,2012,1
fji,2013,2
fji,2014,2
fji,2015,2
fji,2016,2
fji,2017,2
fin,2000,0
fin,2001,0
fin,2002,0
fin,2003,0
fin,2004,0
fin,2005,0
fin,2006,0
fin,2007,0
fin,2008,0
fin,2009,1
fin,2010,1
fin,2011,1
fin,2012,1
fin,2013,0
fin,2014,0
fin,2015,1
fin,2016,1
fin,2017,1
fra,2000,52
fra,2001,52
fra,2002,55
fra,2003,61
fra,2004,55
fra,2005,58
fra,2006,60
fra,2007,55
fra,2008,52
fra,2009,67
fra,2010,85
fra,2011,69
fra,2012,110
fra,2013,50
fra,2014,47
fra,2015,67
fra,2016,100
fra,2017,81
pyf,2000,0
pyf,2001,0
pyf,2002,0
pyf,2003,0
pyf,2004,0
pyf,2005,0
pyf,2006,0
pyf,2007,0
pyf,2008,0
pyf,2009,0
pyf,2010,0
pyf,2011,0
pyf,2012,0
pyf,2013,0
pyf,2014,0
pyf,2015,0
pyf,2016,0
pyf,2017,0
gab,2000,650
gab,2001,730
gab,2002,210
gab,2003,230
gab,2004,910
gab,2005,180
gab,2006,130
gab,2007,190
gab,2008,620
gab,2009,720
gab,2010,510
gab,2011,470
gab,2012,400
gab,2013,280
gab,2014,260
gab,2015,390
gab,2016,570
gab,2017,610
gmb,2000,79
gmb,2001,79
gmb,2002,78
gmb,2003,80
gmb,2004,72
gmb,2005,86
gmb,2006,99
gmb,2007,96
gmb,2008,92
gmb,2009,95
gmb,2010,110
gmb,2011,110
gmb,2012,97
gmb,2013,100
gmb,2014,120
gmb,2015,110
gmb,2016,130
gmb,2017,150
geo,2000,0
geo,2001,0
geo,2002,1
geo,2003,9
geo,2004,14
geo,2005,39
geo,2006,31
geo,2007,27
geo,2008,24
geo,2009,5
geo,2010,14
geo,2011,11
geo,2012,16
geo,2013,18
geo,2014,16
geo,2015,17
geo,2016,11
geo,2017,10
deu,2000,21
deu,2001,17
deu,2002,17
deu,2003,18
deu,2004,17
deu,2005,16
deu,2006,16
deu,2007,12
deu,2008,10
deu,2009,15
deu,2010,19
deu,2011,15
deu,2012,25
deu,2013,12
deu,2014,12
deu,2015,24
deu,2016,36
deu,2017,26
gha,2000,1600
gha,2001,1600
gha,2002,1700
gha,2003,1700
gha,2004,1700
gha,2005,1800
gha,2006,1800
gha,2007,1800
gha,2008,2200
gha,2009,2500
gha,2010,2800
gha,2011,2900
gha,2012,2800
gha,2013,2700
gha,2014,2700
gha,2015,2600
gha,2016,2600
gha,2017,2500
grc,2000,1
grc,2001,1
grc,2002,1
grc,2003,1
grc,2004,2
grc,2005,2
grc,2006,2
grc,2007,1
grc,2008,1
grc,2009,2
grc,2010,2
grc,2011,2
grc,2012,3
grc,2013,1
grc,2014,1
grc,2015,2
grc,2016,3
grc,2017,2
grl,2000,0
grl,2001,0
grl,2002,0
grl,2003,0
grl,2004,0
grl,2005,0
grl,2006,0
grl,2007,0
grl,2008,0
grl,2009,0
grl,2010,0
grl,2011,0
grl,2012,0
grl,2013,0
grl,2014,0
grl,2015,0
grl,2016,0
grl,2017,0
grd,2000,0
grd,2001,0
grd,2002,0
grd,2003,0
grd,2004,0
grd,2005,0
grd,2006,0
grd,2007,0
grd,2008,0
grd,2009,0
grd,2010,0
grd,2011,0
grd,2012,0
grd,2013,0
grd,2014,0
grd,2015,0
grd,2016,0
grd,2017,0
gum,2000,0
gum,2001,0
gum,2002,0
gum,2003,0
gum,2004,0
gum,2005,0
gum,2006,0
gum,2007,0
gum,2008,0
gum,2009,0
gum,2010,0
gum,2011,0
gum,2012,0
gum,2013,0
gum,2014,0
gum,2015,0
gum,2016,0
gum,2017,0
gtm,2000,98
gtm,2001,81
gtm,2002,98
gtm,2003,89
gtm,2004,130
gtm,2005,130
gtm,2006,120
gtm,2007,110
gtm,2008,110
gtm,2009,76
gtm,2010,78
gtm,2011,64
gtm,2012,68
gtm,2013,57
gtm,2014,47
gtm,2015,49
gtm,2016,44
gtm,2017,50
gin,2000,1400
gin,2001,1300
gin,2002,1300
gin,2003,1300
gin,2004,1200
gin,2005,1300
gin,2006,1100
gin,2007,1100
gin,2008,1000
gin,2009,1100
gin,2010,1200
gin,2011,1300
gin,2012,1200
gin,2013,1200
gin,2014,1200
gin,2015,1200
gin,2016,1300
gin,2017,1200
gnb,2000,88
gnb,2001,530
gnb,2002,560
gnb,2003,600
gnb,2004,610
gnb,2005,660
gnb,2006,640
gnb,2007,680
gnb,2008,700
gnb,2009,720
gnb,2010,750
gnb,2011,810
gnb,2012,870
gnb,2013,900
gnb,2014,760
gnb,2015,580
gnb,2016,650
gnb,2017,750
guy,2000,11
guy,2001,11
guy,2002,16
guy,2003,17
guy,2004,16
guy,2005,17
guy,2006,25
guy,2007,40
guy,2008,35
guy,2009,42
guy,2010,36
guy,2011,37
guy,2012,39
guy,2013,36
guy,2014,27
guy,2015,28
guy,2016,29
guy,2017,28
hti,2000,1700
hti,2001,1900
hti,2002,1700
hti,2003,1600
hti,2004,1600
hti,2005,1600
hti,2006,1600
hti,2007,1500
hti,2008,1300
hti,2009,1100
hti,2010,1100
hti,2011,960
hti,2012,810
hti,2013,700
hti,2014,710
hti,2015,580
hti,2016,570
hti,2017,510
hnd,2000,59
hnd,2001,47
hnd,2002,42
hnd,2003,38
hnd,2004,45
hnd,2005,52
hnd,2006,64
hnd,2007,64
hnd,2008,68
hnd,2009,69
hnd,2010,66
hnd,2011,72
hnd,2012,63
hnd,2013,59
hnd,2014,55
hnd,2015,52
hnd,2016,46
hnd,2017,35
hun,2000,1
hun,2001,1
hun,2002,1
hun,2003,1
hun,2004,1
hun,2005,1
hun,2006,1
hun,2007,1
hun,2008,1
hun,2009,1
hun,2010,1
hun,2011,1
hun,2012,1
hun,2013,1
hun,2014,0
hun,2015,1
hun,2016,1
hun,2017,1
isl,2000,0
isl,2001,0
isl,2002,0
isl,2003,0
isl,2004,0
isl,2005,0
isl,2006,0
isl,2007,0
isl,2008,0
isl,2009,0
isl,2010,0
isl,2011,0
isl,2012,0
isl,2013,0
isl,2014,0
isl,2015,0
isl,2016,0
isl,2017,0
ind,2000,45000
ind,2001,47000
ind,2002,49000
ind,2003,50000
ind,2004,48000
ind,2005,48000
ind,2006,46000
ind,2007,43000
ind,2008,31000
ind,2009,32000
ind,2010,33000
ind,2011,32000
ind,2012,29000
ind,2013,26000
ind,2014,17000
ind,2015,13000
ind,2016,8100
ind,2017,6500
idn,2000,0
idn,2001,0
idn,2002,0
idn,2003,3
idn,2004,70
idn,2005,390
idn,2006,950
idn,2007,1400
idn,2008,7700
idn,2009,8000
idn,2010,8000
idn,2011,7800
idn,2012,7700
idn,2013,8000
idn,2014,8700
idn,2015,8000
idn,2016,7000
idn,2017,4900
irn,2000,12
irn,2001,14
irn,2002,14
irn,2003,14
irn,2004,14
irn,2005,14
irn,2006,17
irn,2007,17
irn,2008,18
irn,2009,19
irn,2010,19
irn,2011,18
irn,2012,17
irn,2013,17
irn,2014,16
irn,2015,13
irn,2016,11
irn,2017,9
irq,2000,0
irq,2001,0
irq,2002,0
irq,2003,0
irq,2004,0
irq,2005,0
irq,2006,0
irq,2007,0
irq,2008,0
irq,2009,0
irq,2010,0
irq,2011,1
irq,2012,1
irq,2013,1
irq,2014,2
irq,2015,4
irq,2016,5
irq,2017,5
irl,2000,1
irl,2001,1
irl,2002,1
irl,2003,1
irl,2004,1
irl,2005,1
irl,2006,2
irl,2007,1
irl,2008,1
irl,2009,2
irl,2010,2
irl,2011,2
irl,2012,3
irl,2013,2
irl,2014,1
irl,2015,2
irl,2016,3
irl,2017,2
isr,2000,4
isr,2001,4
isr,2002,3
isr,2003,3
isr,2004,3
isr,2005,2
isr,2006,2
isr,2007,2
isr,2008,2
isr,2009,2
isr,2010,2
isr,2011,2
isr,2012,2
isr,2013,2
isr,2014,3
isr,2015,2
isr,2016,2
isr,2017,2
ita,2000,23
ita,2001,29
ita,2002,28
ita,2003,32
ita,2004,30
ita,2005,30
ita,2006,33
ita,2007,18
ita,2008,25
ita,2009,34
ita,2010,48
ita,2011,29
ita,2012,41
ita,2013,18
ita,2014,20
ita,2015,29
ita,2016,46
ita,2017,36
jam,2000,8
jam,2001,8
jam,2002,7
jam,2003,8
jam,2004,7
jam,2005,5
jam,2006,5
jam,2007,5
jam,2008,5
jam,2009,5
jam,2010,5
jam,2011,4
jam,2012,3
jam,2013,3
jam,2014,3
jam,2015,5
jam,2016,4
jam,2017,6
jpn,2000,16
jpn,2001,14
jpn,2002,13
jpn,2003,13
jpn,2004,12
jpn,2005,11
jpn,2006,10
jpn,2007,10
jpn,2008,13
jpn,2009,11
jpn,2010,11
jpn,2011,11
jpn,2012,10
jpn,2013,10
jpn,2014,10
jpn,2015,9
jpn,2016,9
jpn,2017,8
jor,2000,0
jor,2001,0
jor,2002,0
jor,2003,0
jor,2004,0
jor,2005,0
jor,2006,0
jor,2007,0
jor,2008,0
jor,2009,0
jor,2010,0
jor,2011,0
jor,2012,0
jor,2013,0
jor,2014,0
jor,2015,0
jor,2016,0
jor,2017,0
kaz,2000,2
kaz,2001,7
kaz,2002,9
kaz,2003,3
kaz,2004,9
kaz,2005,3
kaz,2006,6
kaz,2007,5
kaz,2008,17
kaz,2009,9
kaz,2010,13
kaz,2011,15
kaz,2012,42
kaz,2013,16
kaz,2014,33
kaz,2015,20
kaz,2016,23
kaz,2017,14
ken,2000,20000
ken,2001,23000
ken,2002,25000
ken,2003,30000
ken,2004,32000
ken,2005,32000
ken,2006,34000
ken,2007,31000
ken,2008,28000
ken,2009,28000
ken,2010,25000
ken,2011,23000
ken,2012,21000
ken,2013,20000
ken,2014,19000
ken,2015,16000
ken,2016,14000
ken,2017,11000
kir,2000,1
kir,2001,0
kir,2002,1
kir,2003,1
kir,2004,1
kir,2005,1
kir,2006,1
kir,2007,1
kir,2008,1
kir,2009,1
kir,2010,0
kir,2011,0
kir,2012,0
kir,2013,0
kir,2014,0
kir,2015,0
kir,2016,0
kir,2017,0
kwt,2000,0
kwt,2001,0
kwt,2002,0
kwt,2003,0
kwt,2004,0
kwt,2005,0
kwt,2006,0
kwt,2007,0
kwt,2008,0
kwt,2009,0
kwt,2010,0
kwt,2011,0
kwt,2012,1
kwt,2013,0
kwt,2014,1
kwt,2015,0
kwt,2016,0
kwt,2017,0
kgz,2000,0
kgz,2001,0
kgz,2002,0
kgz,2003,9
kgz,2004,4
kgz,2005,12
kgz,2006,37
kgz,2007,32
kgz,2008,25
kgz,2009,22
kgz,2010,27
kgz,2011,32
kgz,2012,27
kgz,2013,25
kgz,2014,44
kgz,2015,37
kgz,2016,44
kgz,2017,56
lao,2000,780
lao,2001,760
lao,2002,730
lao,2003,700
lao,2004,660
lao,2005,620
lao,2006,590
lao,2007,570
lao,2008,550
lao,2009,540
lao,2010,520
lao,2011,490
lao,2012,480
lao,2013,460
lao,2014,310
lao,2015,300
lao,2016,210
lao,2017,190
lva,2000,7
lva,2001,7
lva,2002,6
lva,2003,6
lva,2004,5
lva,2005,6
lva,2006,9
lva,2007,11
lva,2008,11
lva,2009,11
lva,2010,11
lva,2011,14
lva,2012,18
lva,2013,19
lva,2014,18
lva,2015,16
lva,2016,12
lva,2017,7
lbn,2000,5
lbn,2001,5
lbn,2002,4
lbn,2003,4
lbn,2004,4
lbn,2005,4
lbn,2006,4
lbn,2007,6
lbn,2008,6
lbn,2009,6
lbn,2010,2
lbn,2011,0
lbn,2012,1
lbn,2013,1
lbn,2014,1
lbn,2015,1
lbn,2016,1
lbn,2017,1
lso,2000,3700
lso,2001,5200
lso,2002,4800
lso,2003,4500
lso,2004,5300
lso,2005,5600
lso,2006,5300
lso,2007,4900
lso,2008,5100
lso,2009,4800
lso,2010,4600
lso,2011,4200
lso,2012,4000
lso,2013,3900
lso,2014,3600
lso,2015,3600
lso,2016,3200
lso,2017,2900
lbr,2000,210
lbr,2001,220
lbr,2002,180
lbr,2003,220
lbr,2004,180
lbr,2005,220
lbr,2006,200
lbr,2007,220
lbr,2008,230
lbr,2009,220
lbr,2010,230
lbr,2011,260
lbr,2012,360
lbr,2013,490
lbr,2014,620
lbr,2015,540
lbr,2016,600
lbr,2017,570
lby,2000,38
lby,2001,33
lby,2002,24
lby,2003,21
lby,2004,35
lby,2005,15
lby,2006,21
lby,2007,22
lby,2008,26
lby,2009,23
lby,2010,36
lby,2011,45
lby,2012,37
lby,2013,23
lby,2014,32
lby,2015,17
lby,2016,15
lby,2017,16
ltu,2000,1
ltu,2001,1
ltu,2002,1
ltu,2003,1
ltu,2004,1
ltu,2005,1
ltu,2006,1
ltu,2007,2
ltu,2008,2
ltu,2009,2
ltu,2010,3
ltu,2011,3
ltu,2012,5
ltu,2013,6
ltu,2014,5
ltu,2015,6
ltu,2016,5
ltu,2017,5
lux,2000,0
lux,2001,0
lux,2002,0
lux,2003,0
lux,2004,0
lux,2005,0
lux,2006,0
lux,2007,0
lux,2008,0
lux,2009,0
lux,2010,0
lux,2011,0
lux,2012,0
lux,2013,0
lux,2014,0
lux,2015,0
lux,2016,0
lux,2017,0
mdg,2000,0
mdg,2001,0
mdg,2002,12
mdg,2003,300
mdg,2004,270
mdg,2005,270
mdg,2006,230
mdg,2007,230
mdg,2008,220
mdg,2009,210
mdg,2010,200
mdg,2011,200
mdg,2012,210
mdg,2013,220
mdg,2014,250
mdg,2015,250
mdg,2016,280
mdg,2017,290
mwi,2000,7300
mwi,2001,7300
mwi,2002,8200
mwi,2003,7700
mwi,2004,8600
mwi,2005,9400
mwi,2006,9800
mwi,2007,9800
mwi,2008,9400
mwi,2009,9700
mwi,2010,8500
mwi,2011,8800
mwi,2012,7300
mwi,2013,6200
mwi,2014,5300
mwi,2015,4200
mwi,2016,3200
mwi,2017,1900
mys,2000,140
mys,2001,140
mys,2002,140
mys,2003,150
mys,2004,180
mys,2005,210
mys,2006,240
mys,2007,290
mys,2008,300
mys,2009,280
mys,2010,250
mys,2011,230
mys,2012,190
mys,2013,220
mys,2014,210
mys,2015,170
mys,2016,220
mys,2017,220
mdv,2000,0
mdv,2001,0
mdv,2002,0
mdv,2003,0
mdv,2004,0
mdv,2005,0
mdv,2006,0
mdv,2007,0
mdv,2008,0
mdv,2009,0
mdv,2010,0
mdv,2011,0
mdv,2012,0
mdv,2013,0
mdv,2014,0
mdv,2015,0
mdv,2016,0
mdv,2017,0
mli,2000,360
mli,2001,350
mli,2002,360
mli,2003,360
mli,2004,370
mli,2005,360
mli,2006,350
mli,2007,350
mli,2008,190
mli,2009,170
mli,2010,340
mli,2011,230
mli,2012,170
mli,2013,150
mli,2014,200
mli,2015,200
mli,2016,230
mli,2017,250
mlt,2000,0
mlt,2001,0
mlt,2002,0
mlt,2003,0
mlt,2004,0
mlt,2005,0
mlt,2006,0
mlt,2007,0
mlt,2008,1
mlt,2009,1
mlt,2010,0
mlt,2011,0
mlt,2012,0
mlt,2013,0
mlt,2014,0
mlt,2015,0
mlt,2016,0
mlt,2017,0
mhl,2000,0
mhl,2001,0
mhl,2002,0
mhl,2003,0
mhl,2004,0
mhl,2005,0
mhl,2006,0
mhl,2007,0
mhl,2008,0
mhl,2009,0
mhl,2010,0
mhl,2011,0
mhl,2012,0
mhl,2013,0
mhl,2014,0
mhl,2015,0
mhl,2016,0
mhl,2017,0
mrt,2000,36
mrt,2001,270
mrt,2002,210
mrt,2003,170
mrt,2004,130
mrt,2005,150
mrt,2006,110
mrt,2007,92
mrt,2008,85
mrt,2009,75
mrt,2010,68
mrt,2011,71
mrt,2012,48
mrt,2013,48
mrt,2014,43
mrt,2015,39
mrt,2016,32
mrt,2017,26
mus,2000,0
mus,2001,0
mus,2002,0
mus,2003,0
mus,2004,1
mus,2005,1
mus,2006,1
mus,2007,1
mus,2008,2
mus,2009,2
mus,2010,2
mus,2011,2
mus,2012,2
mus,2013,4
mus,2014,3
mus,2015,3
mus,2016,3
mus,2017,4
mex,2000,130
mex,2001,130
mex,2002,130
mex,2003,150
mex,2004,110
mex,2005,130
mex,2006,130
mex,2007,130
mex,2008,150
mex,2009,150
mex,2010,250
mex,2011,330
mex,2012,390
mex,2013,290
mex,2014,330
mex,2015,400
mex,2016,490
mex,2017,560
fsm,2000,0
fsm,2001,0
fsm,2002,0
fsm,2003,0
fsm,2004,0
fsm,2005,0
fsm,2006,0
fsm,2007,0
fsm,2008,0
fsm,2009,0
fsm,2010,0
fsm,2011,0
fsm,2012,0
fsm,2013,0
fsm,2014,0
fsm,2015,0
fsm,2016,0
fsm,2017,1
mco,2000,0
mco,2001,0
mco,2002,0
mco,2003,0
mco,2004,0
mco,2005,0
mco,2006,0
mco,2007,0
mco,2008,0
mco,2009,0
mco,2010,0
mco,2011,0
mco,2012,0
mco,2013,0
mco,2014,0
mco,2015,0
mco,2016,0
mco,2017,0
mng,2000,0
mng,2001,0
mng,2002,0
mng,2003,0
mng,2004,0
mng,2005,0
mng,2006,0
mng,2007,0
mng,2008,0
mng,2009,0
mng,2010,2
mng,2011,2
mng,2012,4
mng,2013,1
mng,2014,6
mng,2015,7
mng,2016,7
mng,2017,7
mne,2005,0
mne,2006,0
mne,2007,0
mne,2008,0
mne,2009,0
mne,2010,0
mne,2011,0
mne,2012,0
mne,2013,0
mne,2014,0
mne,2015,0
mne,2016,0
mne,2017,0
msr,2000,0
msr,2001,0
msr,2002,0
msr,2003,0
msr,2004,0
msr,2005,0
msr,2006,0
msr,2007,0
msr,2008,0
msr,2009,0
msr,2010,0
msr,2011,0
msr,2012,0
msr,2013,0
msr,2014,0
msr,2015,0
msr,2016,0
msr,2017,0
mar,2000,55
mar,2001,46
mar,2002,42
mar,2003,33
mar,2004,30
mar,2005,30
mar,2006,29
mar,2007,28
mar,2008,29
mar,2009,29
mar,2010,29
mar,2011,29
mar,2012,24
mar,2013,30
mar,2014,28
mar,2015,27
mar,2016,31
mar,2017,30
moz,2000,17000
moz,2001,18000
moz,2002,18000
moz,2003,18000
moz,2004,18000
moz,2005,19000
moz,2006,19000
moz,2007,20000
moz,2008,24000
moz,2009,26000
moz,2010,28000
moz,2011,28000
moz,2012,27000
moz,2013,26000
moz,2014,24000
moz,2015,24000
moz,2016,20000
moz,2017,17000
mmr,2000,39
mmr,2001,190
mmr,2002,550
mmr,2003,1200
mmr,2004,5100
mmr,2005,4700
mmr,2006,4100
mmr,2007,3100
mmr,2008,3400
mmr,2009,3400
mmr,2010,3800
mmr,2011,3800
mmr,2012,2900
mmr,2013,1800
mmr,2014,2900
mmr,2015,3300
mmr,2016,3500
mmr,2017,3500
nam,2000,1100
nam,2001,1300
nam,2002,1400
nam,2003,1500
nam,2004,1500
nam,2005,1500
nam,2006,1500
nam,2007,1400
nam,2008,1500
nam,2009,1300
nam,2010,1200
nam,2011,1100
nam,2012,910
nam,2013,810
nam,2014,730
nam,2015,700
nam,2016,600
nam,2017,550
nru,2000,0
nru,2001,0
nru,2002,0
nru,2003,0
nru,2004,0
nru,2005,0
nru,2006,0
nru,2007,0
nru,2008,0
nru,2009,0
nru,2010,0
nru,2011,0
nru,2012,0
nru,2013,0
nru,2014,0
nru,2015,0
nru,2016,0
nru,2017,0
npl,2000,34
npl,2001,220
npl,2002,200
npl,2003,160
npl,2004,180
npl,2005,160
npl,2006,180
npl,2007,180
npl,2008,170
npl,2009,140
npl,2010,140
npl,2011,130
npl,2012,130
npl,2013,140
npl,2014,130
npl,2015,140
npl,2016,140
npl,2017,140
ant,2000,0
ant,2001,0
ant,2002,0
ant,2003,0
ant,2004,0
ant,2005,0
ant,2006,0
ant,2007,0
ant,2008,0
ant,2009,0
nld,2000,5
nld,2001,6
nld,2002,5
nld,2003,5
nld,2004,5
nld,2005,1
nld,2006,2
nld,2007,2
nld,2008,3
nld,2009,5
nld,2010,3
nld,2011,2
nld,2012,2
nld,2013,3
nld,2014,6
nld,2015,7
nld,2016,6
nld,2017,4
ncl,2000,0
ncl,2001,0
ncl,2002,0
ncl,2003,0
ncl,2004,0
ncl,2005,0
ncl,2006,0
ncl,2007,0
ncl,2008,0
ncl,2009,0
ncl,2010,0
ncl,2011,0
ncl,2012,0
ncl,2013,0
ncl,2014,0
ncl,2015,0
ncl,2016,0
ncl,2017,0
nzl,2000,1
nzl,2001,1
nzl,2002,1
nzl,2003,1
nzl,2004,1
nzl,2005,1
nzl,2006,1
nzl,2007,1
nzl,2008,1
nzl,2009,1
nzl,2010,1
nzl,2011,0
nzl,2012,0
nzl,2013,0
nzl,2014,0
nzl,2015,0
nzl,2016,0
nzl,2017,0
nic,2000,20
nic,2001,20
nic,2002,17
nic,2003,19
nic,2004,18
nic,2005,16
nic,2006,17
nic,2007,19
nic,2008,19
nic,2009,19
nic,2010,20
nic,2011,21
nic,2012,21
nic,2013,23
nic,2014,25
nic,2015,22
nic,2016,20
nic,2017,21
ner,2000,880
ner,2001,830
ner,2002,800
ner,2003,700
ner,2004,700
ner,2005,640
ner,2006,600
ner,2007,550
ner,2008,550
ner,2009,520
ner,2010,500
ner,2011,470
ner,2012,400
ner,2013,340
ner,2014,300
ner,2015,270
ner,2016,240
ner,2017,210
nga,2000,31000
nga,2001,29000
nga,2002,31000
nga,2003,31000
nga,2004,31000
nga,2005,31000
nga,2006,32000
nga,2007,31000
nga,2008,32000
nga,2009,32000
nga,2010,33000
nga,2011,33000
nga,2012,32000
nga,2013,30000
nga,2014,28000
nga,2015,25000
nga,2016,23000
nga,2017,21000
niu,2000,0
niu,2001,0
niu,2002,0
niu,2003,0
niu,2004,0
niu,2005,0
niu,2006,0
niu,2007,0
niu,2008,0
niu,2009,0
niu,2010,0
niu,2011,0
niu,2012,0
niu,2013,0
niu,2014,0
niu,2015,0
niu,2016,0
niu,2017,0
mkd,2000,0
mkd,2001,0
mkd,2002,0
mkd,2003,0
mkd,2004,0
mkd,2005,0
mkd,2006,0
mkd,2007,0
mkd,2008,0
mkd,2009,0
mkd,2010,0
mkd,2011,0
mkd,2012,0
mkd,2013,0
mkd,2014,0
mkd,2015,0
mkd,2016,0
mkd,2017,0
mnp,2000,0
mnp,2001,0
mnp,2002,0
mnp,2003,0
mnp,2004,0
mnp,2005,0
mnp,2006,0
mnp,2007,0
mnp,2008,0
mnp,2009,0
mnp,2010,0
mnp,2011,0
mnp,2012,0
mnp,2013,0
mnp,2014,0
mnp,2015,0
mnp,2016,0
mnp,2017,0
nor,2000,0
nor,2001,0
nor,2002,0
nor,2003,1
nor,2004,1
nor,2005,1
nor,2006,1
nor,2007,1
nor,2008,1
nor,2009,1
nor,2010,1
nor,2011,1
nor,2012,2
nor,2013,1
nor,2014,1
nor,2015,1
nor,2016,2
nor,2017,1
omn,2000,2
omn,2001,2
omn,2002,2
omn,2003,2
omn,2004,2
omn,2005,1
omn,2006,1
omn,2007,2
omn,2008,1
omn,2009,0
omn,2010,0
omn,2011,1
omn,2012,2
omn,2013,1
omn,2014,0
omn,2015,0
omn,2016,2
omn,2017,0
pak,2000,0
pak,2001,0
pak,2002,0
pak,2003,0
pak,2004,0
pak,2005,0
pak,2006,0
pak,2007,0
pak,2008,1
pak,2009,17
pak,2010,73
pak,2011,800
pak,2012,910
pak,2013,960
pak,2014,1000
pak,2015,1100
pak,2016,1000
pak,2017,1100
plw,2000,0
plw,2001,0
plw,2002,0
plw,2003,0
plw,2004,0
plw,2005,0
plw,2006,0
plw,2007,0
plw,2008,0
plw,2009,0
plw,2010,0
plw,2011,0
plw,2012,0
plw,2013,0
plw,2014,0
plw,2015,0
plw,2016,0
plw,2017,0
pan,2000,26
pan,2001,39
pan,2002,36
pan,2003,37
pan,2004,38
pan,2005,43
pan,2006,48
pan,2007,50
pan,2008,53
pan,2009,48
pan,2010,43
pan,2011,46
pan,2012,43
pan,2013,38
pan,2014,21
pan,2015,37
pan,2016,46
pan,2017,59
png,2000,0
png,2001,5
png,2002,19
png,2003,93
png,2004,740
png,2005,740
png,2006,740
png,2007,660
png,2008,690
png,2009,120
png,2010,690
png,2011,690
png,2012,520
png,2013,520
png,2014,460
png,2015,460
png,2016,440
png,2017,510
pry,2000,0
pry,2001,0
pry,2002,0
pry,2003,0
pry,2004,0
pry,2005,0
pry,2006,0
pry,2007,0
pry,2008,0
pry,2009,7
pry,2010,37
pry,2011,37
pry,2012,32
pry,2013,29
pry,2014,29
pry,2015,31
pry,2016,30
pry,2017,30
per,2000,280
per,2001,270
per,2002,260
per,2003,230
per,2004,240
per,2005,250
per,2006,250
per,2007,270
per,2008,120
per,2009,110
per,2010,100
per,2011,55
per,2012,120
per,2013,330
per,2014,360
per,2015,360
per,2016,320
per,2017,280
phl,2000,0
phl,2001,0
phl,2002,0
phl,2003,0
phl,2004,0
phl,2005,0
phl,2006,0
phl,2007,0
phl,2008,0
phl,2009,0
phl,2010,0
phl,2011,0
phl,2012,0
phl,2013,0
phl,2014,0
phl,2015,0
phl,2016,0
phl,2017,0
pol,2000,6
pol,2001,6
pol,2002,7
pol,2003,8
pol,2004,7
pol,2005,7
pol,2006,8
pol,2007,7
pol,2008,6
pol,2009,9
pol,2010,12
pol,2011,11
pol,2012,17
pol,2013,8
pol,2014,7
pol,2015,11
pol,2016,17
pol,2017,12
prt,2000,120
prt,2001,130
prt,2002,130
prt,2003,120
prt,2004,110
prt,2005,84
prt,2006,73
prt,2007,74
prt,2008,53
prt,2009,50
prt,2010,45
prt,2011,38
prt,2012,38
prt,2013,36
prt,2014,34
prt,2015,33
prt,2016,27
prt,2017,25
pri,2000,7
pri,2001,5
pri,2002,5
pri,2003,4
pri,2004,5
pri,2005,4
pri,2006,3
pri,2007,3
pri,2008,3
pri,2009,1
pri,2010,2
pri,2011,1
pri,2012,2
pri,2013,1
pri,2014,1
pri,2015,1
pri,2016,2
pri,2017,1
qat,2000,0
qat,2001,0
qat,2002,0
qat,2003,0
qat,2004,0
qat,2005,0
qat,2006,0
qat,2007,0
qat,2008,0
qat,2009,0
qat,2010,0
qat,2011,0
qat,2012,0
qat,2013,0
qat,2014,0
qat,2015,0
qat,2016,0
qat,2017,0
kor,2000,3
kor,2001,6
kor,2002,7
kor,2003,9
kor,2004,9
kor,2005,13
kor,2006,14
kor,2007,12
kor,2008,12
kor,2009,20
kor,2010,29
kor,2011,25
kor,2012,41
kor,2013,18
kor,2014,17
kor,2015,25
kor,2016,38
kor,2017,27
mda,2000,1
mda,2001,1
mda,2002,1
mda,2003,1
mda,2004,1
mda,2005,1
mda,2006,5
mda,2007,15
mda,2008,28
mda,2009,39
mda,2010,36
mda,2011,36
mda,2012,39
mda,2013,42
mda,2014,45
mda,2015,40
mda,2016,42
mda,2017,41
rou,2000,100
rou,2001,100
rou,2002,110
rou,2003,110
rou,2004,100
rou,2005,95
rou,2006,89
rou,2007,82
rou,2008,79
rou,2009,94
rou,2010,76
rou,2011,60
rou,2012,54
rou,2013,57
rou,2014,56
rou,2015,52
rou,2016,41
rou,2017,36
rus,2000,35
rus,2001,49
rus,2002,41
rus,2003,32
rus,2004,74
rus,2005,32
rus,2006,95
rus,2007,48
rus,2008,130
rus,2009,200
rus,2010,200
rus,2011,190
rus,2012,230
rus,2013,99
rus,2014,120
rus,2015,160
rus,2016,450
rus,2017,850
rwa,2000,550
rwa,2001,490
rwa,2002,540
rwa,2003,610
rwa,2004,580
rwa,2005,650
rwa,2006,670
rwa,2007,600
rwa,2008,520
rwa,2009,500
rwa,2010,430
rwa,2011,350
rwa,2012,320
rwa,2013,260
rwa,2014,270
rwa,2015,240
rwa,2016,250
rwa,2017,220
kna,2000,0
kna,2001,0
kna,2002,0
kna,2003,0
kna,2004,0
kna,2005,0
kna,2006,0
kna,2007,0
kna,2008,0
kna,2009,0
kna,2010,0
kna,2011,0
kna,2012,0
kna,2013,0
kna,2014,0
kna,2015,0
kna,2016,0
kna,2017,0
lca,2000,0
lca,2001,0
lca,2002,0
lca,2003,0
lca,2004,0
lca,2005,0
lca,2006,0
lca,2007,0
lca,2008,0
lca,2009,1
lca,2010,0
lca,2011,0
lca,2012,0
lca,2013,0
lca,2014,0
lca,2015,0
lca,2016,0
lca,2017,0
vct,2000,0
vct,2001,0
vct,2002,0
vct,2003,0
vct,2004,0
vct,2005,0
vct,2006,0
vct,2007,1
vct,2008,1
vct,2009,1
vct,2010,1
vct,2011,1
vct,2012,1
vct,2013,0
vct,2014,0
vct,2015,0
vct,2016,0
vct,2017,0
wsm,2000,0
wsm,2001,0
wsm,2002,0
wsm,2003,0
wsm,2004,0
wsm,2005,0
wsm,2006,0
wsm,2007,0
wsm,2008,0
wsm,2009,0
wsm,2010,0
wsm,2011,0
wsm,2012,0
wsm,2013,0
wsm,2014,0
wsm,2015,0
wsm,2016,0
wsm,2017,0
smr,2000,0
smr,2001,0
smr,2002,0
smr,2003,0
smr,2004,0
smr,2005,0
smr,2006,0
smr,2007,0
smr,2008,0
smr,2009,0
smr,2010,0
smr,2011,0
smr,2012,0
smr,2013,0
smr,2014,0
smr,2015,0
smr,2016,0
smr,2017,0
stp,2000,1
stp,2001,1
stp,2002,1
stp,2003,1
stp,2004,1
stp,2005,1
stp,2006,3
stp,2007,3
stp,2008,2
stp,2009,3
stp,2010,4
stp,2011,4
stp,2012,4
stp,2013,6
stp,2014,7
stp,2015,9
stp,2016,10
stp,2017,6
sau,2000,10
sau,2001,9
sau,2002,9
sau,2003,9
sau,2004,9
sau,2005,10
sau,2006,10
sau,2007,11
sau,2008,14
sau,2009,11
sau,2010,12
sau,2011,10
sau,2012,10
sau,2013,13
sau,2014,15
sau,2015,11
sau,2016,10
sau,2017,14
sen,2000,330
sen,2001,340
sen,2002,350
sen,2003,320
sen,2004,330
sen,2005,310
sen,2006,310
sen,2007,310
sen,2008,300
sen,2009,320
sen,2010,350
sen,2011,410
sen,2012,350
sen,2013,320
sen,2014,290
sen,2015,270
sen,2016,240
sen,2017,240
scg,2000,0
scg,2001,0
scg,2002,0
scg,2003,0
scg,2004,0
srb,2005,1
srb,2006,1
srb,2007,1
srb,2008,1
srb,2009,1
srb,2010,1
srb,2011,1
srb,2012,1
srb,2013,1
srb,2014,1
srb,2015,1
srb,2016,1
srb,2017,1
syc,2000,0
syc,2001,0
syc,2002,0
syc,2003,0
syc,2004,0
syc,2005,0
syc,2006,0
syc,2007,0
syc,2008,0
syc,2009,0
syc,2010,0
syc,2011,0
syc,2012,0
syc,2013,0
syc,2014,0
syc,2015,0
syc,2016,0
syc,2017,0
sle,2000,110
sle,2001,550
sle,2002,590
sle,2003,610
sle,2004,630
sle,2005,630
sle,2006,610
sle,2007,580
sle,2008,520
sle,2009,510
sle,2010,490
sle,2011,520
sle,2012,550
sle,2013,630
sle,2014,680
sle,2015,750
sle,2016,660
sle,2017,490
sgp,2000,9
sgp,2001,8
sgp,2002,8
sgp,2003,8
sgp,2004,8
sgp,2005,7
sgp,2006,7
sgp,2007,7
sgp,2008,8
sgp,2009,8
sgp,2010,8
sgp,2011,7
sgp,2012,8
sgp,2013,7
sgp,2014,6
sgp,2015,5
sgp,2016,5
sgp,2017,4
sxm,2010,0
sxm,2011,0
sxm,2012,0
sxm,2013,0
sxm,2014,0
sxm,2015,0
sxm,2016,0
sxm,2017,0
svk,2000,0
svk,2001,0
svk,2002,0
svk,2003,0
svk,2004,0
svk,2005,0
svk,2006,0
svk,2007,0
svk,2008,0
svk,2009,0
svk,2010,0
svk,2011,0
svk,2012,0
svk,2013,0
svk,2014,0
svk,2015,0
svk,2016,0
svk,2017,0
svn,2000,0
svn,2001,0
svn,2002,0
svn,2003,0
svn,2004,0
svn,2005,0
svn,2006,0
svn,2007,0
svn,2008,0
svn,2009,0
svn,2010,0
svn,2011,0
svn,2012,0
svn,2013,0
svn,2014,0
svn,2015,0
svn,2016,0
svn,2017,0
slb,2000,0
slb,2001,0
slb,2002,0
slb,2003,0
slb,2004,0
slb,2005,0
slb,2006,0
slb,2007,0
slb,2008,0
slb,2009,0
slb,2010,0
slb,2011,0
slb,2012,0
slb,2013,0
slb,2014,0
slb,2015,0
slb,2016,0
slb,2017,0
som,2000,230
som,2001,230
som,2002,230
som,2003,220
som,2004,210
som,2005,200
som,2006,220
som,2007,240
som,2008,240
som,2009,260
som,2010,280
som,2011,260
som,2012,250
som,2013,340
som,2014,390
som,2015,220
som,2016,190
som,2017,130
zaf,2000,38000
zaf,2001,51000
zaf,2002,45000
zaf,2003,54000
zaf,2004,54000
zaf,2005,66000
zaf,2006,63000
zaf,2007,63000
zaf,2008,61000
zaf,2009,58000
zaf,2010,58000
zaf,2011,57000
zaf,2012,63000
zaf,2013,59000
zaf,2014,54000
zaf,2015,49000
zaf,2016,40000
zaf,2017,39000
ssd,2011,420
ssd,2012,540
ssd,2013,740
ssd,2014,580
ssd,2015,490
ssd,2016,480
ssd,2017,550
esp,2000,130
esp,2001,110
esp,2002,110
esp,2003,160
esp,2004,95
esp,2005,110
esp,2006,120
esp,2007,120
esp,2008,100
esp,2009,81
esp,2010,74
esp,2011,67
esp,2012,58
esp,2013,41
esp,2014,40
esp,2015,34
esp,2016,40
esp,2017,37
lka,2000,5
lka,2001,5
lka,2002,5
lka,2003,4
lka,2004,5
lka,2005,4
lka,2006,5
lka,2007,3
lka,2008,1
lka,2009,0
lka,2010,0
lka,2011,0
lka,2012,2
lka,2013,3
lka,2014,8
lka,2015,9
lka,2016,5
lka,2017,11
sdn,2000,170
sdn,2001,170
sdn,2002,160
sdn,2003,160
sdn,2004,160
sdn,2005,170
sdn,2006,170
sdn,2007,170
sdn,2008,180
sdn,2009,180
sdn,2010,180
sdn,2011,140
sdn,2012,140
sdn,2013,130
sdn,2014,130
sdn,2015,120
sdn,2016,96
sdn,2017,80
sur,2000,4
sur,2001,3
sur,2002,4
sur,2003,5
sur,2004,4
sur,2005,6
sur,2006,6
sur,2007,7
sur,2008,6
sur,2009,11
sur,2010,12
sur,2011,7
sur,2012,7
sur,2013,7
sur,2014,8
sur,2015,7
sur,2016,5
sur,2017,4
swe,2000,1
swe,2001,1
swe,2002,1
swe,2003,1
swe,2004,1
swe,2005,1
swe,2006,1
swe,2007,1
swe,2008,1
swe,2009,1
swe,2010,2
swe,2011,1
swe,2012,3
swe,2013,1
swe,2014,1
swe,2015,2
swe,2016,3
swe,2017,2
che,2000,3
che,2001,3
che,2002,3
che,2003,3
che,2004,3
che,2005,3
che,2006,3
che,2007,2
che,2008,2
che,2009,3
che,2010,4
che,2011,4
che,2012,4
che,2013,2
che,2014,2
che,2015,4
che,2016,6
che,2017,4
syr,2000,18
syr,2001,15
syr,2002,11
syr,2003,10
syr,2004,8
syr,2005,7
syr,2006,5
syr,2007,5
syr,2008,4
syr,2009,4
syr,2010,3
syr,2011,3
syr,2012,2
syr,2013,1
syr,2014,2
syr,2015,1
syr,2016,1
syr,2017,1
tjk,2000,0
tjk,2001,0
tjk,2002,0
tjk,2003,0
tjk,2004,0
tjk,2005,0
tjk,2006,3
tjk,2007,90
tjk,2008,78
tjk,2009,69
tjk,2010,44
tjk,2011,27
tjk,2012,24
tjk,2013,35
tjk,2014,35
tjk,2015,35
tjk,2016,36
tjk,2017,47
tha,2000,6200
tha,2001,5700
tha,2002,5700
tha,2003,5400
tha,2004,5200
tha,2005,4900
tha,2006,4800
tha,2007,4600
tha,2008,5400
tha,2009,5000
tha,2010,4600
tha,2011,4200
tha,2012,4100
tha,2013,3800
tha,2014,3400
tha,2015,3300
tha,2016,2800
tha,2017,2100
tls,2002,0
tls,2003,0
tls,2004,0
tls,2005,0
tls,2006,0
tls,2007,0
tls,2008,0
tls,2009,0
tls,2010,0
tls,2011,0
tls,2012,0
tls,2013,0
tls,2014,0
tls,2015,0
tls,2016,0
tls,2017,0
tgo,2000,180
tgo,2001,190
tgo,2002,200
tgo,2003,230
tgo,2004,240
tgo,2005,250
tgo,2006,250
tgo,2007,330
tgo,2008,300
tgo,2009,290
tgo,2010,300
tgo,2011,300
tgo,2012,250
tgo,2013,220
tgo,2014,200
tgo,2015,170
tgo,2016,120
tgo,2017,85
tkl,2000,0
tkl,2001,0
tkl,2002,0
tkl,2003,0
tkl,2004,0
tkl,2005,0
tkl,2006,0
tkl,2007,0
tkl,2008,0
tkl,2009,0
tkl,2010,0
tkl,2011,0
tkl,2012,0
tkl,2013,0
tkl,2014,0
tkl,2015,0
tkl,2016,0
tkl,2017,0
ton,2000,0
ton,2001,0
ton,2002,0
ton,2003,0
ton,2004,0
ton,2005,0
ton,2006,0
ton,2007,0
ton,2008,0
ton,2009,0
ton,2010,0
ton,2011,0
ton,2012,0
ton,2013,0
ton,2014,0
ton,2015,0
ton,2016,0
ton,2017,0
tto,2000,9
tto,2001,9
tto,2002,6
tto,2003,8
tto,2004,5
tto,2005,5
tto,2006,1
tto,2007,10
tto,2008,8
tto,2009,11
tto,2010,7
tto,2011,9
tto,2012,10
tto,2013,9
tto,2014,9
tto,2015,6
tto,2016,4
tto,2017,4
tun,2000,2
tun,2001,2
tun,2002,2
tun,2003,2
tun,2004,2
tun,2005,2
tun,2006,2
tun,2007,2
tun,2008,2
tun,2009,2
tun,2010,2
tun,2011,3
tun,2012,3
tun,2013,3
tun,2014,3
tun,2015,4
tun,2016,7
tun,2017,3
tur,2000,2
tur,2001,10
tur,2002,11
tur,2003,11
tur,2004,10
tur,2005,12
tur,2006,15
tur,2007,11
tur,2008,11
tur,2009,10
tur,2010,12
tur,2011,11
tur,2012,10
tur,2013,7
tur,2014,9
tur,2015,12
tur,2016,11
tur,2017,13
tkm,2000,12
tkm,2001,12
tkm,2002,12
tkm,2003,15
tkm,2004,12
tkm,2005,12
tkm,2006,13
tkm,2007,17
tkm,2008,19
tkm,2009,14
tkm,2010,15
tkm,2011,13
tkm,2012,15
tkm,2013,16
tkm,2014,15
tkm,2015,13
tkm,2016,14
tkm,2017,12
tca,2000,0
tca,2001,0
tca,2002,0
tca,2003,0
tca,2004,0
tca,2005,0
tca,2006,0
tca,2007,0
tca,2008,0
tca,2009,0
tca,2010,0
tca,2011,0
tca,2012,0
tca,2013,0
tca,2014,0
tca,2015,0
tca,2016,0
tca,2017,0
tuv,2000,0
tuv,2001,0
tuv,2002,0
tuv,2003,0
tuv,2004,0
tuv,2005,0
tuv,2006,0
tuv,2007,0
tuv,2008,0
tuv,2009,0
tuv,2010,0
tuv,2011,0
tuv,2012,0
tuv,2013,0
tuv,2014,0
tuv,2015,0
tuv,2016,0
tuv,2017,0
uga,2000,9200
uga,2001,9100
uga,2002,8600
uga,2003,8300
uga,2004,8200
uga,2005,8700
uga,2006,8900
uga,2007,9000
uga,2008,9000
uga,2009,8800
uga,2010,8600
uga,2011,8600
uga,2012,8700
uga,2013,8400
uga,2014,8200
uga,2015,8200
uga,2016,8200
uga,2017,7900
ukr,2000,900
ukr,2001,860
ukr,2002,800
ukr,2003,190
ukr,2004,460
ukr,2005,840
ukr,2006,750
ukr,2007,810
ukr,2008,1000
ukr,2009,1300
ukr,2010,1700
ukr,2011,1300
ukr,2012,670
ukr,2013,960
ukr,2014,1400
ukr,2015,1500
ukr,2016,1400
ukr,2017,1400
are,2000,0
are,2001,0
are,2002,0
are,2003,0
are,2004,0
are,2005,0
are,2006,0
are,2007,0
are,2008,0
are,2009,0
are,2010,0
are,2011,1
are,2012,0
are,2013,0
are,2014,0
are,2015,0
are,2016,0
are,2017,1
gbr,2000,19
gbr,2001,20
gbr,2002,24
gbr,2003,26
gbr,2004,27
gbr,2005,32
gbr,2006,34
gbr,2007,26
gbr,2008,26
gbr,2009,36
gbr,2010,45
gbr,2011,40
gbr,2012,62
gbr,2013,25
gbr,2014,21
gbr,2015,27
gbr,2016,39
gbr,2017,34
tza,2000,23000
tza,2001,23000
tza,2002,25000
tza,2003,26000
tza,2004,27000
tza,2005,29000
tza,2006,30000
tza,2007,30000
tza,2008,27000
tza,2009,25000
tza,2010,23000
tza,2011,21000
tza,2012,19000
tza,2013,15000
tza,2014,15000
tza,2015,14000
tza,2016,12000
tza,2017,10000
usa,2000,300
usa,2001,290
usa,2002,270
usa,2003,270
usa,2004,240
usa,2005,210
usa,2006,190
usa,2007,170
usa,2008,150
usa,2009,120
usa,2010,110
usa,2011,96
usa,2012,83
usa,2013,70
usa,2014,64
usa,2015,61
usa,2016,57
usa,2017,55
ury,2000,10
ury,2001,11
ury,2002,8
ury,2003,10
ury,2004,12
ury,2005,10
ury,2006,12
ury,2007,13
ury,2008,14
ury,2009,15
ury,2010,15
ury,2011,19
ury,2012,19
ury,2013,20
ury,2014,19
ury,2015,20
ury,2016,20
ury,2017,21
uzb,2000,23
uzb,2001,26
uzb,2002,26
uzb,2003,22
uzb,2004,29
uzb,2005,28
uzb,2006,37
uzb,2007,79
uzb,2008,83
uzb,2009,100
uzb,2010,130
uzb,2011,230
uzb,2012,320
uzb,2013,180
uzb,2014,170
uzb,2015,260
uzb,2016,200
uzb,2017,200
vut,2000,10
vut,2001,12
vut,2002,7
vut,2003,7
vut,2004,10
vut,2005,14
vut,2006,9
vut,2007,9
vut,2008,11
vut,2009,7
vut,2010,13
vut,2011,1
vut,2012,0
vut,2013,0
vut,2014,0
vut,2015,0
vut,2016,0
vut,2017,0
ven,2000,150
ven,2001,140
ven,2002,140
ven,2003,150
ven,2004,150
ven,2005,150
ven,2006,180
ven,2007,170
ven,2008,140
ven,2009,130
ven,2010,130
ven,2011,140
ven,2012,140
ven,2013,140
ven,2014,140
ven,2015,140
ven,2016,160
ven,2017,190
vnm,2000,280
vnm,2001,730
vnm,2002,2800
vnm,2003,2800
vnm,2004,2500
vnm,2005,2600
vnm,2006,2400
vnm,2007,2400
vnm,2008,2300
vnm,2009,2300
vnm,2010,2200
vnm,2011,2100
vnm,2012,1700
vnm,2013,1500
vnm,2014,1200
vnm,2015,890
vnm,2016,670
vnm,2017,610
wlf,2000,0
wlf,2001,0
wlf,2002,0
wlf,2003,0
wlf,2004,0
wlf,2005,0
wlf,2006,0
wlf,2007,0
wlf,2008,0
wlf,2009,0
wlf,2010,0
wlf,2011,0
wlf,2012,0
wlf,2013,0
wlf,2014,0
wlf,2015,0
wlf,2016,0
wlf,2017,0
pse,2000,0
pse,2001,0
pse,2002,0
pse,2003,0
pse,2004,0
pse,2005,0
pse,2006,0
pse,2007,0
pse,2008,0
pse,2009,0
pse,2010,0
pse,2011,0
pse,2012,0
pse,2013,0
pse,2014,0
pse,2015,0
pse,2016,0
pse,2017,0
yem,2000,26
yem,2001,21
yem,2002,19
yem,2003,18
yem,2004,16
yem,2005,16
yem,2006,16
yem,2007,14
yem,2008,12
yem,2009,10
yem,2010,8
yem,2011,9
yem,2012,6
yem,2013,6
yem,2014,8
yem,2015,12
yem,2016,9
yem,2017,9
zmb,2000,12000
zmb,2001,13000
zmb,2002,11000
zmb,2003,9300
zmb,2004,9800
zmb,2005,10000
zmb,2006,10000
zmb,2007,10000
zmb,2008,10000
zmb,2009,9900
zmb,2010,9700
zmb,2011,9300
zmb,2012,9300
zmb,2013,9000
zmb,2014,8700
zmb,2015,8700
zmb,2016,8000
zmb,2017,8200
zwe,2000,12000
zwe,2001,11000
zwe,2002,10000
zwe,2003,11000
zwe,2004,12000
zwe,2005,12000
zwe,2006,13000
zwe,2007,13000
zwe,2008,13000
zwe,2009,10000
zwe,2010,8400
zwe,2011,8500
zwe,2012,8100
zwe,2013,6200
zwe,2014,6000
zwe,2015,5100
zwe,2016,4700
zwe,2017,4500
