country,year,e_mort_num
afg,2000,10000.0
afg,2001,11000.0
afg,2002,13000.0
afg,2003,15000.0
afg,2004,16000.0
afg,2005,16000.0
afg,2006,16000.0
afg,2007,15000.0
afg,2008,15000.0
afg,2009,17000.0
afg,2010,15000.0
afg,2011,15000.0
afg,2012,14000.0
afg,2013,14000.0
afg,2014,15000.0
afg,2015,15000.0
afg,2016,14000.0
afg,2017,13000.0
afg,2018,14000.0
afg,2019,14000.0
afg,2020,14000.0
afg,2021,14000.0
afg,2022,14000.0
afg,2023,14000.0
afg,2024,15000.0
alb,2000,23.0
alb,2001,21.0
alb,2002,20.0
alb,2003,19.0
alb,2004,26.0
alb,2005,12.0
alb,2006,11.0
alb,2007,16.0
alb,2008,16.0
alb,2009,5.0
alb,2010,9.0
alb,2011,9.0
alb,2012,9.0
alb,2013,9.0
alb,2014,9.0
alb,2015,9.0
alb,2016,9.0
alb,2017,9.0
alb,2018,9.0
alb,2019,10.0
alb,2020,10.0
alb,2021,10.0
alb,2022,11.0
alb,2023,10.0
alb,2024,9.0
dza,2000,8200.0
dza,2001,7700.0
dza,2002,7700.0
dza,2003,7600.0
dza,2004,7400.0
dza,2005,7500.0
dza,2006,7000.0
dza,2007,6700.0
dza,2008,6100.0
dza,2009,6000.0
dza,2010,5800.0
dza,2011,5200.0
dza,2012,5000.0
dza,2013,4400.0
dza,2014,4500.0
dza,2015,4400.0
dza,2016,4200.0
dza,2017,4200.0
dza,2018,4200.0
dza,2019,3700.0
dza,2020,3100.0
dza,2021,3400.0
dza,2022,3400.0
dza,2023,3400.0
dza,2024,3300.0
asm,2000,0.0
asm,2001,0.0
asm,2002,0.0
asm,2003,0.0
asm,2004,0.0
asm,2005,0.0
asm,2006,0.0
asm,2007,0.0
asm,2008,0.0
asm,2009,0.0
asm,2010,0.0
asm,2011,0.0
asm,2012,0.0
asm,2013,0.0
asm,2014,0.0
asm,2015,0.0
asm,2016,0.0
asm,2017,0.0
asm,2018,0.0
asm,2019,0.0
asm,2020,0.0
asm,2021,0.0
asm,2022,0.0
asm,2023,0.0
asm,2024,0.0
and,2000,1.0
and,2001,1.0
and,2002,0.0
and,2003,1.0
and,2004,1.0
and,2005,1.0
and,2006,1.0
and,2007,0.0
and,2008,0.0
and,2009,1.0
and,2010,1.0
and,2011,0.0
and,2012,0.0
and,2013,0.0
and,2014,0.0
and,2015,0.0
and,2016,0.0
and,2017,0.0
and,2018,0.0
and,2019,0.0
and,2020,0.0
and,2021,0.0
and,2022,0.0
and,2023,0.0
and,2024,0.0
ago,2000,15000.0
ago,2001,18000.0
ago,2002,20000.0
ago,2003,22000.0
ago,2004,27000.0
ago,2005,30000.0
ago,2006,28000.0
ago,2007,31000.0
ago,2008,34000.0
ago,2009,33000.0
ago,2010,37000.0
ago,2011,34000.0
ago,2012,35000.0
ago,2013,33000.0
ago,2014,37000.0
ago,2015,36000.0
ago,2016,36000.0
ago,2017,38000.0
ago,2018,30000.0
ago,2019,26000.0
ago,2020,27000.0
ago,2021,28000.0
ago,2022,30000.0
ago,2023,29000.0
ago,2024,29000.0
aia,2000,0.0
aia,2001,0.0
aia,2002,0.0
aia,2003,0.0
aia,2004,0.0
aia,2005,0.0
aia,2006,0.0
aia,2007,0.0
aia,2008,0.0
aia,2009,0.0
aia,2010,0.0
aia,2011,0.0
aia,2012,0.0
aia,2013,0.0
aia,2014,0.0
aia,2015,0.0
aia,2016,0.0
aia,2017,0.0
aia,2018,0.0
aia,2019,0.0
aia,2020,0.0
aia,2021,0.0
aia,2022,0.0
aia,2023,0.0
aia,2024,0.0
atg,2000,1.0
atg,2001,1.0
atg,2002,1.0
atg,2003,1.0
atg,2004,1.0
atg,2005,1.0
atg,2006,1.0
atg,2007,1.0
atg,2008,1.0
atg,2009,2.0
atg,2010,2.0
atg,2011,2.0
atg,2012,2.0
atg,2013,2.0
atg,2014,2.0
atg,2015,2.0
atg,2016,2.0
atg,2017,2.0
atg,2018,2.0
atg,2019,2.0
atg,2020,2.0
atg,2021,1.0
atg,2022,1.0
atg,2023,1.0
atg,2024,1.0
arg,2000,1400.0
arg,2001,1200.0
arg,2002,1200.0
arg,2003,1100.0
arg,2004,1000.0
arg,2005,1000.0
arg,2006,990.0
arg,2007,1000.0
arg,2008,900.0
arg,2009,880.0
arg,2010,780.0
arg,2011,940.0
arg,2012,860.0
arg,2013,890.0
arg,2014,850.0
arg,2015,860.0
arg,2016,900.0
arg,2017,840.0
arg,2018,880.0
arg,2019,850.0
arg,2020,760.0
arg,2021,900.0
arg,2022,980.0
arg,2023,790.0
arg,2024,830.0
arm,2000,200.0
arm,2001,190.0
arm,2002,210.0
arm,2003,200.0
arm,2004,220.0
arm,2005,250.0
arm,2006,250.0
arm,2007,250.0
arm,2008,230.0
arm,2009,200.0
arm,2010,180.0
arm,2011,150.0
arm,2012,180.0
arm,2013,140.0
arm,2014,130.0
arm,2015,120.0
arm,2016,85.0
arm,2017,76.0
arm,2018,65.0
arm,2019,65.0
arm,2020,87.0
arm,2021,49.0
arm,2022,45.0
arm,2023,51.0
arm,2024,40.0
abw,2000,0.0
abw,2001,0.0
abw,2002,0.0
abw,2003,0.0
abw,2004,0.0
abw,2005,0.0
abw,2006,0.0
abw,2007,0.0
abw,2008,0.0
abw,2009,0.0
abw,2010,0.0
abw,2011,0.0
abw,2012,1.0
abw,2013,0.0
abw,2014,0.0
abw,2015,0.0
abw,2016,0.0
abw,2017,0.0
abw,2018,0.0
abw,2019,0.0
abw,2020,0.0
abw,2021,0.0
abw,2022,0.0
abw,2023,0.0
abw,2024,0.0
aus,2000,80.0
aus,2001,110.0
aus,2002,87.0
aus,2003,69.0
aus,2004,79.0
aus,2005,75.0
aus,2006,72.0
aus,2007,61.0
aus,2008,73.0
aus,2009,67.0
aus,2010,64.0
aus,2011,64.0
aus,2012,39.0
aus,2013,58.0
aus,2014,51.0
aus,2015,57.0
aus,2016,54.0
aus,2017,55.0
aus,2018,61.0
aus,2019,50.0
aus,2020,38.0
aus,2021,52.0
aus,2022,37.0
aus,2023,41.0
aus,2024,40.0
aut,2000,110.0
aut,2001,81.0
aut,2002,88.0
aut,2003,62.0
aut,2004,59.0
aut,2005,66.0
aut,2006,65.0
aut,2007,54.0
aut,2008,55.0
aut,2009,53.0
aut,2010,44.0
aut,2011,60.0
aut,2012,46.0
aut,2013,71.0
aut,2014,74.0
aut,2015,67.0
aut,2016,41.0
aut,2017,38.0
aut,2018,50.0
aut,2019,43.0
aut,2020,43.0
aut,2021,33.0
aut,2022,38.0
aut,2023,39.0
aut,2024,39.0
aze,2000,1800.0
aze,2001,1600.0
aze,2002,1500.0
aze,2003,1400.0
aze,2004,1200.0
aze,2005,1100.0
aze,2006,850.0
aze,2007,610.0
aze,2008,810.0
aze,2009,980.0
aze,2010,870.0
aze,2011,710.0
aze,2012,520.0
aze,2013,510.0
aze,2014,520.0
aze,2015,630.0
aze,2016,650.0
aze,2017,640.0
aze,2018,630.0
aze,2019,630.0
aze,2020,660.0
aze,2021,690.0
aze,2022,670.0
aze,2023,610.0
aze,2024,570.0
bhs,2000,62.0
bhs,2001,39.0
bhs,2002,23.0
bhs,2003,12.0
bhs,2004,20.0
bhs,2005,13.0
bhs,2006,17.0
bhs,2007,9.0
bhs,2008,13.0
bhs,2009,9.0
bhs,2010,9.0
bhs,2011,10.0
bhs,2012,4.0
bhs,2013,6.0
bhs,2014,7.0
bhs,2015,9.0
bhs,2016,18.0
bhs,2017,8.0
bhs,2018,5.0
bhs,2019,7.0
bhs,2020,4.0
bhs,2021,7.0
bhs,2022,7.0
bhs,2023,5.0
bhs,2024,6.0
bhr,2000,21.0
bhr,2001,15.0
bhr,2002,15.0
bhr,2003,6.0
bhr,2004,16.0
bhr,2005,13.0
bhr,2006,7.0
bhr,2007,16.0
bhr,2008,13.0
bhr,2009,13.0
bhr,2010,14.0
bhr,2011,8.0
bhr,2012,5.0
bhr,2013,6.0
bhr,2014,7.0
bhr,2015,7.0
bhr,2016,8.0
bhr,2017,8.0
bhr,2018,8.0
bhr,2019,12.0
bhr,2020,20.0
bhr,2021,20.0
bhr,2022,19.0
bhr,2023,17.0
bhr,2024,15.0
bgd,2000,96000.0
bgd,2001,98000.0
bgd,2002,97000.0
bgd,2003,97000.0
bgd,2004,95000.0
bgd,2005,86000.0
bgd,2006,79000.0
bgd,2007,80000.0
bgd,2008,80000.0
bgd,2009,77000.0
bgd,2010,81000.0
bgd,2011,83000.0
bgd,2012,78000.0
bgd,2013,73000.0
bgd,2014,72000.0
bgd,2015,67000.0
bgd,2016,63000.0
bgd,2017,56000.0
bgd,2018,47000.0
bgd,2019,39000.0
bgd,2020,44000.0
bgd,2021,45000.0
bgd,2022,45000.0
bgd,2023,45000.0
bgd,2024,44000.0
brb,2000,1.0
brb,2001,2.0
brb,2002,1.0
brb,2003,2.0
brb,2004,3.0
brb,2005,2.0
brb,2006,3.0
brb,2007,3.0
brb,2008,1.0
brb,2009,1.0
brb,2010,1.0
brb,2011,1.0
brb,2012,2.0
brb,2013,2.0
brb,2014,2.0
brb,2015,2.0
brb,2016,2.0
brb,2017,2.0
brb,2018,2.0
brb,2019,2.0
brb,2020,3.0
brb,2021,2.0
brb,2022,3.0
brb,2023,2.0
brb,2024,2.0
blr,2000,880.0
blr,2001,980.0
blr,2002,1100.0
blr,2003,1300.0
blr,2004,1200.0
blr,2005,1200.0
blr,2006,1100.0
blr,2007,1200.0
blr,2008,1100.0
blr,2009,1000.0
blr,2010,1000.0
blr,2011,980.0
blr,2012,840.0
blr,2013,770.0
blr,2014,630.0
blr,2015,530.0
blr,2016,480.0
blr,2017,390.0
blr,2018,330.0
blr,2019,270.0
blr,2020,340.0
blr,2021,260.0
blr,2022,230.0
blr,2023,210.0
blr,2024,210.0
bel,2000,140.0
bel,2001,140.0
bel,2002,110.0
bel,2003,120.0
bel,2004,98.0
bel,2005,110.0
bel,2006,79.0
bel,2007,100.0
bel,2008,93.0
bel,2009,71.0
bel,2010,78.0
bel,2011,65.0
bel,2012,68.0
bel,2013,63.0
bel,2014,48.0
bel,2015,67.0
bel,2016,39.0
bel,2017,50.0
bel,2018,49.0
bel,2019,67.0
bel,2020,47.0
bel,2021,28.0
bel,2022,40.0
bel,2023,35.0
bel,2024,36.0
blz,2000,25.0
blz,2001,40.0
blz,2002,34.0
blz,2003,27.0
blz,2004,20.0
blz,2005,25.0
blz,2006,22.0
blz,2007,15.0
blz,2008,27.0
blz,2009,23.0
blz,2010,29.0
blz,2011,27.0
blz,2012,17.0
blz,2013,27.0
blz,2014,18.0
blz,2015,15.0
blz,2016,25.0
blz,2017,26.0
blz,2018,20.0
blz,2019,14.0
blz,2020,15.0
blz,2021,16.0
blz,2022,15.0
blz,2023,15.0
blz,2024,15.0
ben,2000,1400.0
ben,2001,1600.0
ben,2002,1700.0
ben,2003,1800.0
ben,2004,1900.0
ben,2005,2000.0
ben,2006,1900.0
ben,2007,2000.0
ben,2008,2000.0
ben,2009,2000.0
ben,2010,2100.0
ben,2011,1900.0
ben,2012,1900.0
ben,2013,1900.0
ben,2014,1800.0
ben,2015,1700.0
ben,2016,1600.0
ben,2017,1700.0
ben,2018,1400.0
ben,2019,1200.0
ben,2020,1300.0
ben,2021,1300.0
ben,2022,1000.0
ben,2023,900.0
ben,2024,960.0
bmu,2000,0.0
bmu,2001,0.0
bmu,2002,0.0
bmu,2003,0.0
bmu,2004,0.0
bmu,2005,0.0
bmu,2006,0.0
bmu,2007,0.0
bmu,2008,0.0
bmu,2009,0.0
bmu,2010,0.0
bmu,2011,0.0
bmu,2012,0.0
bmu,2013,0.0
bmu,2014,0.0
bmu,2015,0.0
bmu,2016,0.0
bmu,2017,0.0
bmu,2018,0.0
bmu,2019,0.0
bmu,2020,0.0
bmu,2021,0.0
bmu,2022,0.0
bmu,2023,0.0
bmu,2024,0.0
btn,2000,1300.0
btn,2001,1200.0
btn,2002,1200.0
btn,2003,1100.0
btn,2004,1100.0
btn,2005,1100.0
btn,2006,900.0
btn,2007,910.0
btn,2008,810.0
btn,2009,880.0
btn,2010,950.0
btn,2011,820.0
btn,2012,700.0
btn,2013,620.0
btn,2014,550.0
btn,2015,460.0
btn,2016,500.0
btn,2017,360.0
btn,2018,340.0
btn,2019,340.0
btn,2020,300.0
btn,2021,280.0
btn,2022,260.0
btn,2023,270.0
btn,2024,290.0
bol,2000,3500.0
bol,2001,3100.0
bol,2002,2800.0
bol,2003,2600.0
bol,2004,2500.0
bol,2005,2400.0
bol,2006,2300.0
bol,2007,2200.0
bol,2008,2100.0
bol,2009,2000.0
bol,2010,1800.0
bol,2011,1700.0
bol,2012,1600.0
bol,2013,1500.0
bol,2014,1600.0
bol,2015,1500.0
bol,2016,1500.0
bol,2017,1400.0
bol,2018,1400.0
bol,2019,1400.0
bol,2020,1600.0
bol,2021,1500.0
bol,2022,1400.0
bol,2023,1500.0
bol,2024,1500.0
bih,2000,210.0
bih,2001,210.0
bih,2002,210.0
bih,2003,220.0
bih,2004,220.0
bih,2005,210.0
bih,2006,210.0
bih,2007,210.0
bih,2008,210.0
bih,2009,200.0
bih,2010,190.0
bih,2011,170.0
bih,2012,170.0
bih,2013,150.0
bih,2014,120.0
bih,2015,130.0
bih,2016,110.0
bih,2017,74.0
bih,2018,79.0
bih,2019,70.0
bih,2020,68.0
bih,2021,50.0
bih,2022,61.0
bih,2023,67.0
bih,2024,0.0
bwa,2000,5700.0
bwa,2001,5300.0
bwa,2002,4700.0
bwa,2003,4600.0
bwa,2004,4200.0
bwa,2005,3900.0
bwa,2006,4600.0
bwa,2007,4300.0
bwa,2008,3500.0
bwa,2009,3400.0
bwa,2010,3900.0
bwa,2011,3800.0
bwa,2012,3300.0
bwa,2013,3000.0
bwa,2014,3100.0
bwa,2015,3300.0
bwa,2016,2700.0
bwa,2017,2200.0
bwa,2018,2200.0
bwa,2019,2600.0
bwa,2020,2500.0
bwa,2021,2200.0
bwa,2022,1600.0
bwa,2023,1600.0
bwa,2024,830.0
bra,2000,8400.0
bra,2001,8000.0
bra,2002,7500.0
bra,2003,7300.0
bra,2004,7300.0
bra,2005,6900.0
bra,2006,6800.0
bra,2007,6600.0
bra,2008,6800.0
bra,2009,6700.0
bra,2010,7500.0
bra,2011,7300.0
bra,2012,7100.0
bra,2013,7200.0
bra,2014,6900.0
bra,2015,6800.0
bra,2016,6600.0
bra,2017,6700.0
bra,2018,6600.0
bra,2019,6600.0
bra,2020,6700.0
bra,2021,7500.0
bra,2022,10000.0
bra,2023,8900.0
bra,2024,9000.0
vgb,2000,0.0
vgb,2001,0.0
vgb,2002,0.0
vgb,2003,0.0
vgb,2004,0.0
vgb,2005,0.0
vgb,2006,0.0
vgb,2007,0.0
vgb,2008,0.0
vgb,2009,0.0
vgb,2010,0.0
vgb,2011,0.0
vgb,2012,0.0
vgb,2013,0.0
vgb,2014,0.0
vgb,2015,0.0
vgb,2016,0.0
vgb,2017,0.0
vgb,2018,0.0
vgb,2019,0.0
vgb,2020,0.0
vgb,2021,0.0
vgb,2022,0.0
vgb,2023,0.0
vgb,2024,0.0
brn,2000,16.0
brn,2001,14.0
brn,2002,11.0
brn,2003,10.0
brn,2004,14.0
brn,2005,14.0
brn,2006,11.0
brn,2007,9.0
brn,2008,9.0
brn,2009,13.0
brn,2010,14.0
brn,2011,8.0
brn,2012,17.0
brn,2013,19.0
brn,2014,18.0
brn,2015,16.0
brn,2016,17.0
brn,2017,19.0
brn,2018,15.0
brn,2019,19.0
brn,2020,25.0
brn,2021,24.0
brn,2022,25.0
brn,2023,25.0
brn,2024,26.0
bgr,2000,390.0
bgr,2001,340.0
bgr,2002,330.0
bgr,2003,320.0
bgr,2004,310.0
bgr,2005,310.0
bgr,2006,300.0
bgr,2007,310.0
bgr,2008,260.0
bgr,2009,230.0
bgr,2010,220.0
bgr,2011,190.0
bgr,2012,190.0
bgr,2013,170.0
bgr,2014,140.0
bgr,2015,130.0
bgr,2016,120.0
bgr,2017,100.0
bgr,2018,100.0
bgr,2019,110.0
bgr,2020,82.0
bgr,2021,59.0
bgr,2022,72.0
bgr,2023,96.0
bgr,2024,95.0
bfa,2000,5000.0
bfa,2001,4900.0
bfa,2002,4800.0
bfa,2003,4700.0
bfa,2004,4500.0
bfa,2005,4300.0
bfa,2006,4400.0
bfa,2007,4500.0
bfa,2008,4100.0
bfa,2009,3900.0
bfa,2010,3900.0
bfa,2011,3700.0
bfa,2012,3700.0
bfa,2013,3700.0
bfa,2014,3600.0
bfa,2015,3600.0
bfa,2016,3600.0
bfa,2017,3700.0
bfa,2018,3500.0
bfa,2019,4000.0
bfa,2020,3700.0
bfa,2021,3100.0
bfa,2022,2900.0
bfa,2023,2400.0
bfa,2024,2100.0
bdi,2000,4800.0
bdi,2001,4600.0
bdi,2002,4600.0
bdi,2003,4300.0
bdi,2004,4300.0
bdi,2005,4400.0
bdi,2006,4700.0
bdi,2007,4600.0
bdi,2008,4300.0
bdi,2009,4000.0
bdi,2010,3800.0
bdi,2011,4200.0
bdi,2012,4000.0
bdi,2013,3500.0
bdi,2014,3500.0
bdi,2015,3500.0
bdi,2016,3000.0
bdi,2017,2700.0
bdi,2018,2800.0
bdi,2019,2900.0
bdi,2020,2600.0
bdi,2021,2600.0
bdi,2022,2200.0
bdi,2023,2000.0
bdi,2024,1900.0
cpv,2000,90.0
cpv,2001,77.0
cpv,2002,55.0
cpv,2003,64.0
cpv,2004,58.0
cpv,2005,44.0
cpv,2006,53.0
cpv,2007,54.0
cpv,2008,57.0
cpv,2009,55.0
cpv,2010,55.0
cpv,2011,62.0
cpv,2012,49.0
cpv,2013,35.0
cpv,2014,34.0
cpv,2015,36.0
cpv,2016,31.0
cpv,2017,34.0
cpv,2018,34.0
cpv,2019,36.0
cpv,2020,36.0
cpv,2021,29.0
cpv,2022,24.0
cpv,2023,33.0
cpv,2024,30.0
khm,2000,10000.0
khm,2001,9500.0
khm,2002,8800.0
khm,2003,8200.0
khm,2004,7600.0
khm,2005,7000.0
khm,2006,6400.0
khm,2007,5900.0
khm,2008,5400.0
khm,2009,5100.0
khm,2010,4700.0
khm,2011,4500.0
khm,2012,4200.0
khm,2013,4000.0
khm,2014,3900.0
khm,2015,3700.0
khm,2016,3600.0
khm,2017,3500.0
khm,2018,3400.0
khm,2019,3300.0
khm,2020,3200.0
khm,2021,3300.0
khm,2022,3400.0
khm,2023,3300.0
khm,2024,3200.0
cmr,2000,4800.0
cmr,2001,5900.0
cmr,2002,10000.0
cmr,2003,11000.0
cmr,2004,13000.0
cmr,2005,14000.0
cmr,2006,15000.0
cmr,2007,17000.0
cmr,2008,17000.0
cmr,2009,18000.0
cmr,2010,17000.0
cmr,2011,17000.0
cmr,2012,16000.0
cmr,2013,16000.0
cmr,2014,15000.0
cmr,2015,14000.0
cmr,2016,13000.0
cmr,2017,13000.0
cmr,2018,12000.0
cmr,2019,11000.0
cmr,2020,11000.0
cmr,2021,10000.0
cmr,2022,8300.0
cmr,2023,7700.0
cmr,2024,6800.0
can,2000,240.0
can,2001,240.0
can,2002,220.0
can,2003,190.0
can,2004,150.0
can,2005,170.0
can,2006,160.0
can,2007,150.0
can,2008,160.0
can,2009,110.0
can,2010,110.0
can,2011,120.0
can,2012,110.0
can,2013,120.0
can,2014,120.0
can,2015,130.0
can,2016,110.0
can,2017,110.0
can,2018,110.0
can,2019,87.0
can,2020,120.0
can,2021,130.0
can,2022,140.0
can,2023,92.0
can,2024,93.0
cym,2000,0.0
cym,2001,0.0
cym,2002,0.0
cym,2003,0.0
cym,2004,0.0
cym,2005,0.0
cym,2006,0.0
cym,2007,0.0
cym,2008,0.0
cym,2009,0.0
cym,2010,0.0
cym,2011,0.0
cym,2012,0.0
cym,2013,0.0
cym,2014,0.0
cym,2015,0.0
cym,2016,0.0
cym,2017,0.0
cym,2018,0.0
cym,2019,0.0
cym,2020,0.0
cym,2021,0.0
cym,2022,0.0
cym,2023,0.0
cym,2024,0.0
caf,2000,15000.0
caf,2001,15000.0
caf,2002,14000.0
caf,2003,14000.0
caf,2004,14000.0
caf,2005,14000.0
caf,2006,13000.0
caf,2007,13000.0
caf,2008,12000.0
caf,2009,11000.0
caf,2010,11000.0
caf,2011,12000.0
caf,2012,10000.0
caf,2013,9500.0
caf,2014,8200.0
caf,2015,7600.0
caf,2016,7400.0
caf,2017,7600.0
caf,2018,6900.0
caf,2019,6200.0
caf,2020,6100.0
caf,2021,5700.0
caf,2022,4700.0
caf,2023,4400.0
caf,2024,4000.0
tcd,2000,3400.0
tcd,2001,3400.0
tcd,2002,3500.0
tcd,2003,3900.0
tcd,2004,4200.0
tcd,2005,4000.0
tcd,2006,4600.0
tcd,2007,5300.0
tcd,2008,5600.0
tcd,2009,5500.0
tcd,2010,5700.0
tcd,2011,5800.0
tcd,2012,6300.0
tcd,2013,6200.0
tcd,2014,5900.0
tcd,2015,6300.0
tcd,2016,6600.0
tcd,2017,5900.0
tcd,2018,5100.0
tcd,2019,4900.0
tcd,2020,5200.0
tcd,2021,4800.0
tcd,2022,4300.0
tcd,2023,4100.0
tcd,2024,3800.0
chl,2000,810.0
chl,2001,860.0
chl,2002,780.0
chl,2003,760.0
chl,2004,800.0
chl,2005,710.0
chl,2006,690.0
chl,2007,620.0
chl,2008,510.0
chl,2009,540.0
chl,2010,610.0
chl,2011,530.0
chl,2012,550.0
chl,2013,530.0
chl,2014,430.0
chl,2015,550.0
chl,2016,500.0
chl,2017,490.0
chl,2018,430.0
chl,2019,390.0
chl,2020,350.0
chl,2021,390.0
chl,2022,430.0
chl,2023,380.0
chl,2024,500.0
chn,2000,126000.0
chn,2001,115000.0
chn,2002,105000.0
chn,2003,96000.0
chn,2004,76000.0
chn,2005,77000.0
chn,2006,71000.0
chn,2007,65000.0
chn,2008,59000.0
chn,2009,58000.0
chn,2010,56000.0
chn,2011,49000.0
chn,2012,45000.0
chn,2013,45000.0
chn,2014,42000.0
chn,2015,42000.0
chn,2016,42000.0
chn,2017,40000.0
chn,2018,36000.0
chn,2019,33000.0
chn,2020,33000.0
chn,2021,31000.0
chn,2022,31000.0
chn,2023,28000.0
chn,2024,28000.0
hkg,2000,360.0
hkg,2001,380.0
hkg,2002,330.0
hkg,2003,330.0
hkg,2004,340.0
hkg,2005,330.0
hkg,2006,340.0
hkg,2007,260.0
hkg,2008,260.0
hkg,2009,250.0
hkg,2010,220.0
hkg,2011,220.0
hkg,2012,230.0
hkg,2013,210.0
hkg,2014,220.0
hkg,2015,200.0
hkg,2016,190.0
hkg,2017,210.0
hkg,2018,190.0
hkg,2019,190.0
hkg,2020,160.0
hkg,2021,160.0
hkg,2022,140.0
hkg,2023,130.0
hkg,2024,130.0
mac,2000,290.0
mac,2001,280.0
mac,2002,230.0
mac,2003,210.0
mac,2004,180.0
mac,2005,210.0
mac,2006,200.0
mac,2007,170.0
mac,2008,160.0
mac,2009,130.0
mac,2010,140.0
mac,2011,130.0
mac,2012,130.0
mac,2013,140.0
mac,2014,120.0
mac,2015,110.0
mac,2016,100.0
mac,2017,100.0
mac,2018,89.0
mac,2019,97.0
mac,2020,97.0
mac,2021,90.0
mac,2022,78.0
mac,2023,83.0
mac,2024,73.0
col,2000,2600.0
col,2001,2400.0
col,2002,2200.0
col,2003,2000.0
col,2004,1900.0
col,2005,1700.0
col,2006,1600.0
col,2007,1800.0
col,2008,1900.0
col,2009,1700.0
col,2010,1500.0
col,2011,1400.0
col,2012,1800.0
col,2013,1800.0
col,2014,1600.0
col,2015,1600.0
col,2016,1600.0
col,2017,1500.0
col,2018,1700.0
col,2019,1700.0
col,2020,1900.0
col,2021,2200.0
col,2022,2600.0
col,2023,2900.0
col,2024,2900.0
com,2000,70.0
com,2001,59.0
com,2002,68.0
com,2003,82.0
com,2004,74.0
com,2005,67.0
com,2006,67.0
com,2007,67.0
com,2008,65.0
com,2009,72.0
com,2010,75.0
com,2011,78.0
com,2012,79.0
com,2013,78.0
com,2014,69.0
com,2015,74.0
com,2016,66.0
com,2017,80.0
com,2018,83.0
com,2019,50.0
com,2020,58.0
com,2021,61.0
com,2022,64.0
com,2023,52.0
com,2024,29.0
cog,2000,6100.0
cog,2001,5600.0
cog,2002,5300.0
cog,2003,6200.0
cog,2004,5200.0
cog,2005,5200.0
cog,2006,6000.0
cog,2007,5900.0
cog,2008,6000.0
cog,2009,5700.0
cog,2010,5600.0
cog,2011,5300.0
cog,2012,5000.0
cog,2013,5100.0
cog,2014,5100.0
cog,2015,4800.0
cog,2016,4400.0
cog,2017,4400.0
cog,2018,3900.0
cog,2019,3400.0
cog,2020,3800.0
cog,2021,3500.0
cog,2022,2900.0
cog,2023,2900.0
cog,2024,3300.0
cok,2000,0.0
cok,2001,0.0
cok,2002,0.0
cok,2003,0.0
cok,2004,0.0
cok,2005,0.0
cok,2006,0.0
cok,2007,0.0
cok,2008,0.0
cok,2009,0.0
cok,2010,0.0
cok,2011,0.0
cok,2012,0.0
cok,2013,0.0
cok,2014,0.0
cok,2015,0.0
cok,2016,0.0
cok,2017,0.0
cok,2018,0.0
cok,2019,0.0
cok,2020,0.0
cok,2021,0.0
cok,2022,0.0
cok,2023,0.0
cok,2024,0.0
cri,2000,93.0
cri,2001,93.0
cri,2002,91.0
cri,2003,92.0
cri,2004,86.0
cri,2005,100.0
cri,2006,87.0
cri,2007,61.0
cri,2008,76.0
cri,2009,50.0
cri,2010,68.0
cri,2011,74.0
cri,2012,70.0
cri,2013,53.0
cri,2014,59.0
cri,2015,44.0
cri,2016,43.0
cri,2017,47.0
cri,2018,50.0
cri,2019,49.0
cri,2020,55.0
cri,2021,55.0
cri,2022,51.0
cri,2023,48.0
cri,2024,47.0
civ,2000,11000.0
civ,2001,11000.0
civ,2002,13000.0
civ,2003,14000.0
civ,2004,14000.0
civ,2005,15000.0
civ,2006,15000.0
civ,2007,15000.0
civ,2008,13000.0
civ,2009,14000.0
civ,2010,14000.0
civ,2011,13000.0
civ,2012,12000.0
civ,2013,11000.0
civ,2014,11000.0
civ,2015,11000.0
civ,2016,10000.0
civ,2017,9400.0
civ,2018,8700.0
civ,2019,7800.0
civ,2020,7800.0
civ,2021,6800.0
civ,2022,6000.0
civ,2023,5600.0
civ,2024,5400.0
hrv,2000,180.0
hrv,2001,160.0
hrv,2002,190.0
hrv,2003,170.0
hrv,2004,170.0
hrv,2005,120.0
hrv,2006,150.0
hrv,2007,100.0
hrv,2008,110.0
hrv,2009,120.0
hrv,2010,85.0
hrv,2011,68.0
hrv,2012,61.0
hrv,2013,55.0
hrv,2014,42.0
hrv,2015,48.0
hrv,2016,60.0
hrv,2017,62.0
hrv,2018,41.0
hrv,2019,37.0
hrv,2020,27.0
hrv,2021,23.0
hrv,2022,35.0
hrv,2023,35.0
hrv,2024,35.0
cub,2000,70.0
cub,2001,50.0
cub,2002,47.0
cub,2003,52.0
cub,2004,44.0
cub,2005,43.0
cub,2006,58.0
cub,2007,51.0
cub,2008,81.0
cub,2009,38.0
cub,2010,48.0
cub,2011,62.0
cub,2012,63.0
cub,2013,65.0
cub,2014,62.0
cub,2015,67.0
cub,2016,59.0
cub,2017,63.0
cub,2018,49.0
cub,2019,51.0
cub,2020,49.0
cub,2021,61.0
cub,2022,50.0
cub,2023,86.0
cub,2024,98.0
cuw,2010,0.0
cuw,2011,0.0
cuw,2012,0.0
cuw,2013,0.0
cuw,2014,0.0
cuw,2015,0.0
cuw,2016,0.0
cuw,2017,0.0
cuw,2018,0.0
cuw,2019,0.0
cuw,2020,0.0
cuw,2021,0.0
cuw,2022,0.0
cuw,2023,0.0
cuw,2024,0.0
cyp,2000,4.0
cyp,2001,5.0
cyp,2002,3.0
cyp,2003,5.0
cyp,2004,5.0
cyp,2005,6.0
cyp,2006,4.0
cyp,2007,1.0
cyp,2008,3.0
cyp,2009,2.0
cyp,2010,3.0
cyp,2011,5.0
cyp,2012,6.0
cyp,2013,2.0
cyp,2014,5.0
cyp,2015,3.0
cyp,2016,3.0
cyp,2017,4.0
cyp,2018,6.0
cyp,2019,3.0
cyp,2020,3.0
cyp,2021,3.0
cyp,2022,7.0
cyp,2023,6.0
cyp,2024,6.0
cze,2000,130.0
cze,2001,98.0
cze,2002,87.0
cze,2003,85.0
cze,2004,72.0
cze,2005,72.0
cze,2006,64.0
cze,2007,72.0
cze,2008,55.0
cze,2009,53.0
cze,2010,41.0
cze,2011,57.0
cze,2012,31.0
cze,2013,68.0
cze,2014,40.0
cze,2015,58.0
cze,2016,43.0
cze,2017,38.0
cze,2018,39.0
cze,2019,23.0
cze,2020,25.0
cze,2021,37.0
cze,2022,23.0
cze,2023,43.0
cze,2024,40.0
cod,2000,141000.0
cod,2001,136000.0
cod,2002,132000.0
cod,2003,127000.0
cod,2004,120000.0
cod,2005,120000.0
cod,2006,123000.0
cod,2007,110000.0
cod,2008,109000.0
cod,2009,120000.0
cod,2010,119000.0
cod,2011,123000.0
cod,2012,125000.0
cod,2013,125000.0
cod,2014,124000.0
cod,2015,123000.0
cod,2016,120000.0
cod,2017,111000.0
cod,2018,106000.0
cod,2019,104000.0
cod,2020,94000.0
cod,2021,91000.0
cod,2022,79000.0
cod,2023,76000.0
cod,2024,66000.0
dnk,2000,60.0
dnk,2001,56.0
dnk,2002,49.0
dnk,2003,37.0
dnk,2004,43.0
dnk,2005,34.0
dnk,2006,27.0
dnk,2007,31.0
dnk,2008,17.0
dnk,2009,29.0
dnk,2010,39.0
dnk,2011,21.0
dnk,2012,26.0
dnk,2013,19.0
dnk,2014,15.0
dnk,2015,20.0
dnk,2016,25.0
dnk,2017,16.0
dnk,2018,12.0
dnk,2019,17.0
dnk,2020,12.0
dnk,2021,10.0
dnk,2022,11.0
dnk,2023,12.0
dnk,2024,12.0
dji,2000,9900.0
dji,2001,9600.0
dji,2002,6700.0
dji,2003,6400.0
dji,2004,5400.0
dji,2005,5500.0
dji,2006,4800.0
dji,2007,4100.0
dji,2008,4300.0
dji,2009,4000.0
dji,2010,4600.0
dji,2011,3900.0
dji,2012,3500.0
dji,2013,3000.0
dji,2014,2000.0
dji,2015,2100.0
dji,2016,1700.0
dji,2017,1300.0
dji,2018,1200.0
dji,2019,1100.0
dji,2020,1100.0
dji,2021,1200.0
dji,2022,1400.0
dji,2023,1500.0
dji,2024,1600.0
dma,2000,2.0
dma,2001,1.0
dma,2002,2.0
dma,2003,2.0
dma,2004,1.0
dma,2005,1.0
dma,2006,1.0
dma,2007,4.0
dma,2008,4.0
dma,2009,3.0
dma,2010,3.0
dma,2011,2.0
dma,2012,3.0
dma,2013,3.0
dma,2014,2.0
dma,2015,3.0
dma,2016,2.0
dma,2017,2.0
dma,2018,2.0
dma,2019,2.0
dma,2020,2.0
dma,2021,2.0
dma,2022,2.0
dma,2023,2.0
dma,2024,2.0
dom,2000,2900.0
dom,2001,2300.0
dom,2002,1900.0
dom,2003,2000.0
dom,2004,1800.0
dom,2005,1100.0
dom,2006,1500.0
dom,2007,1300.0
dom,2008,1200.0
dom,2009,790.0
dom,2010,1100.0
dom,2011,960.0
dom,2012,940.0
dom,2013,930.0
dom,2014,860.0
dom,2015,810.0
dom,2016,740.0
dom,2017,670.0
dom,2018,610.0
dom,2019,520.0
dom,2020,760.0
dom,2021,710.0
dom,2022,450.0
dom,2023,460.0
dom,2024,470.0
ecu,2000,2000.0
ecu,2001,1700.0
ecu,2002,1500.0
ecu,2003,1400.0
ecu,2004,1300.0
ecu,2005,1300.0
ecu,2006,1300.0
ecu,2007,1300.0
ecu,2008,1200.0
ecu,2009,1000.0
ecu,2010,940.0
ecu,2011,910.0
ecu,2012,830.0
ecu,2013,830.0
ecu,2014,810.0
ecu,2015,770.0
ecu,2016,780.0
ecu,2017,860.0
ecu,2018,790.0
ecu,2019,810.0
ecu,2020,700.0
ecu,2021,870.0
ecu,2022,1100.0
ecu,2023,910.0
ecu,2024,1000.0
egy,2000,1100.0
egy,2001,1100.0
egy,2002,1100.0
egy,2003,1200.0
egy,2004,970.0
egy,2005,1000.0
egy,2006,910.0
egy,2007,920.0
egy,2008,930.0
egy,2009,770.0
egy,2010,660.0
egy,2011,800.0
egy,2012,650.0
egy,2013,340.0
egy,2014,330.0
egy,2015,460.0
egy,2016,470.0
egy,2017,480.0
egy,2018,490.0
egy,2019,500.0
egy,2020,510.0
egy,2021,520.0
egy,2022,520.0
egy,2023,520.0
egy,2024,530.0
slv,2000,270.0
slv,2001,210.0
slv,2002,210.0
slv,2003,180.0
slv,2004,170.0
slv,2005,220.0
slv,2006,160.0
slv,2007,210.0
slv,2008,170.0
slv,2009,160.0
slv,2010,160.0
slv,2011,140.0
slv,2012,160.0
slv,2013,150.0
slv,2014,160.0
slv,2015,130.0
slv,2016,140.0
slv,2017,120.0
slv,2018,170.0
slv,2019,120.0
slv,2020,110.0
slv,2021,110.0
slv,2022,140.0
slv,2023,150.0
slv,2024,140.0
gnq,2000,1100.0
gnq,2001,1100.0
gnq,2002,1200.0
gnq,2003,1200.0
gnq,2004,1300.0
gnq,2005,1300.0
gnq,2006,1300.0
gnq,2007,1400.0
gnq,2008,1400.0
gnq,2009,1500.0
gnq,2010,1300.0
gnq,2011,1500.0
gnq,2012,1500.0
gnq,2013,1500.0
gnq,2014,1300.0
gnq,2015,1400.0
gnq,2016,1400.0
gnq,2017,1300.0
gnq,2018,1300.0
gnq,2019,1300.0
gnq,2020,1400.0
gnq,2021,1200.0
gnq,2022,630.0
gnq,2023,340.0
gnq,2024,880.0
eri,2000,14000.0
eri,2001,5100.0
eri,2002,4700.0
eri,2003,7200.0
eri,2004,5900.0
eri,2005,4700.0
eri,2006,3600.0
eri,2007,3900.0
eri,2008,3300.0
eri,2009,2600.0
eri,2010,2400.0
eri,2011,2500.0
eri,2012,2500.0
eri,2013,2000.0
eri,2014,1600.0
eri,2015,1300.0
eri,2016,1400.0
eri,2017,1200.0
eri,2018,1100.0
eri,2019,1100.0
eri,2020,960.0
eri,2021,980.0
eri,2022,1200.0
eri,2023,1400.0
eri,2024,1100.0
est,2000,140.0
est,2001,150.0
est,2002,160.0
est,2003,170.0
est,2004,120.0
est,2005,75.0
est,2006,97.0
est,2007,94.0
est,2008,77.0
est,2009,68.0
est,2010,54.0
est,2011,64.0
est,2012,52.0
est,2013,39.0
est,2014,37.0
est,2015,30.0
est,2016,35.0
est,2017,28.0
est,2018,17.0
est,2019,21.0
est,2020,13.0
est,2021,17.0
est,2022,14.0
est,2023,13.0
est,2024,15.0
swz,2000,3500.0
swz,2001,3700.0
swz,2002,4100.0
swz,2003,4700.0
swz,2004,5000.0
swz,2005,5400.0
swz,2006,5600.0
swz,2007,5400.0
swz,2008,5400.0
swz,2009,6200.0
swz,2010,6200.0
swz,2011,5000.0
swz,2012,4200.0
swz,2013,3900.0
swz,2014,3200.0
swz,2015,2400.0
swz,2016,2000.0
swz,2017,1900.0
swz,2018,1600.0
swz,2019,1100.0
swz,2020,1000.0
swz,2021,1100.0
swz,2022,1000.0
swz,2023,1000.0
swz,2024,970.0
eth,2000,128000.0
eth,2001,116000.0
eth,2002,101000.0
eth,2003,91000.0
eth,2004,83000.0
eth,2005,79000.0
eth,2006,76000.0
eth,2007,70000.0
eth,2008,61000.0
eth,2009,54000.0
eth,2010,48000.0
eth,2011,44000.0
eth,2012,42000.0
eth,2013,45000.0
eth,2014,45000.0
eth,2015,33000.0
eth,2016,33000.0
eth,2017,32000.0
eth,2018,29000.0
eth,2019,27000.0
eth,2020,26000.0
eth,2021,23000.0
eth,2022,24000.0
eth,2023,29000.0
eth,2024,21000.0
fji,2000,18.0
fji,2001,17.0
fji,2002,19.0
fji,2003,33.0
fji,2004,34.0
fji,2005,30.0
fji,2006,27.0
fji,2007,38.0
fji,2008,24.0
fji,2009,19.0
fji,2010,30.0
fji,2011,33.0
fji,2012,38.0
fji,2013,38.0
fji,2014,45.0
fji,2015,41.0
fji,2016,44.0
fji,2017,45.0
fji,2018,53.0
fji,2019,59.0
fji,2020,54.0
fji,2021,58.0
fji,2022,74.0
fji,2023,86.0
fji,2024,140.0
fin,2000,130.0
fin,2001,100.0
fin,2002,100.0
fin,2003,85.0
fin,2004,70.0
fin,2005,79.0
fin,2006,62.0
fin,2007,57.0
fin,2008,62.0
fin,2009,56.0
fin,2010,49.0
fin,2011,62.0
fin,2012,50.0
fin,2013,32.0
fin,2014,41.0
fin,2015,34.0
fin,2016,27.0
fin,2017,36.0
fin,2018,31.0
fin,2019,30.0
fin,2020,22.0
fin,2021,25.0
fin,2022,17.0
fin,2023,31.0
fin,2024,31.0
fra,2000,1400.0
fra,2001,1300.0
fra,2002,1200.0
fra,2003,1200.0
fra,2004,1000.0
fra,2005,1000.0
fra,2006,880.0
fra,2007,820.0
fra,2008,790.0
fra,2009,760.0
fra,2010,750.0
fra,2011,730.0
fra,2012,630.0
fra,2013,650.0
fra,2014,550.0
fra,2015,520.0
fra,2016,500.0
fra,2017,510.0
fra,2018,440.0
fra,2019,440.0
fra,2020,370.0
fra,2021,360.0
fra,2022,310.0
fra,2023,510.0
fra,2024,500.0
pyf,2000,39.0
pyf,2001,38.0
pyf,2002,39.0
pyf,2003,29.0
pyf,2004,33.0
pyf,2005,33.0
pyf,2006,33.0
pyf,2007,29.0
pyf,2008,21.0
pyf,2009,20.0
pyf,2010,15.0
pyf,2011,22.0
pyf,2012,17.0
pyf,2013,17.0
pyf,2014,17.0
pyf,2015,13.0
pyf,2016,15.0
pyf,2017,14.0
pyf,2018,15.0
pyf,2019,13.0
pyf,2020,17.0
pyf,2021,9.0
pyf,2022,15.0
pyf,2023,9.0
pyf,2024,11.0
gab,2000,1300.0
gab,2001,1300.0
gab,2002,1600.0
gab,2003,1700.0
gab,2004,1500.0
gab,2005,1900.0
gab,2006,1800.0
gab,2007,1600.0
gab,2008,1600.0
gab,2009,2700.0
gab,2010,2600.0
gab,2011,2600.0
gab,2012,2600.0
gab,2013,2700.0
gab,2014,2600.0
gab,2015,2700.0
gab,2016,2700.0
gab,2017,2800.0
gab,2018,2500.0
gab,2019,2500.0
gab,2020,2800.0
gab,2021,2600.0
gab,2022,2000.0
gab,2023,1800.0
gab,2024,1900.0
gmb,2000,670.0
gmb,2001,630.0
gmb,2002,590.0
gmb,2003,590.0
gmb,2004,530.0
gmb,2005,630.0
gmb,2006,780.0
gmb,2007,770.0
gmb,2008,680.0
gmb,2009,640.0
gmb,2010,800.0
gmb,2011,700.0
gmb,2012,670.0
gmb,2013,700.0
gmb,2014,670.0
gmb,2015,690.0
gmb,2016,730.0
gmb,2017,750.0
gmb,2018,810.0
gmb,2019,680.0
gmb,2020,810.0
gmb,2021,840.0
gmb,2022,720.0
gmb,2023,600.0
gmb,2024,590.0
geo,2000,340.0
geo,2001,300.0
geo,2002,310.0
geo,2003,280.0
geo,2004,290.0
geo,2005,240.0
geo,2006,240.0
geo,2007,240.0
geo,2008,230.0
geo,2009,240.0
geo,2010,240.0
geo,2011,270.0
geo,2012,280.0
geo,2013,230.0
geo,2014,210.0
geo,2015,190.0
geo,2016,190.0
geo,2017,180.0
geo,2018,170.0
geo,2019,160.0
geo,2020,100.0
geo,2021,89.0
geo,2022,93.0
geo,2023,80.0
geo,2024,73.0
deu,2000,730.0
deu,2001,630.0
deu,2002,590.0
deu,2003,590.0
deu,2004,500.0
deu,2005,490.0
deu,2006,470.0
deu,2007,470.0
deu,2008,390.0
deu,2009,370.0
deu,2010,370.0
deu,2011,360.0
deu,2012,380.0
deu,2013,400.0
deu,2014,340.0
deu,2015,340.0
deu,2016,320.0
deu,2017,320.0
deu,2018,330.0
deu,2019,320.0
deu,2020,310.0
deu,2021,300.0
deu,2022,300.0
deu,2023,310.0
deu,2024,310.0
gha,2000,19000.0
gha,2001,18000.0
gha,2002,18000.0
gha,2003,18000.0
gha,2004,18000.0
gha,2005,18000.0
gha,2006,18000.0
gha,2007,18000.0
gha,2008,18000.0
gha,2009,17000.0
gha,2010,17000.0
gha,2011,16000.0
gha,2012,17000.0
gha,2013,16000.0
gha,2014,17000.0
gha,2015,16000.0
gha,2016,17000.0
gha,2017,16000.0
gha,2018,16000.0
gha,2019,16000.0
gha,2020,16000.0
gha,2021,15000.0
gha,2022,14000.0
gha,2023,12000.0
gha,2024,12000.0
grc,2000,110.0
grc,2001,130.0
grc,2002,110.0
grc,2003,130.0
grc,2004,94.0
grc,2005,110.0
grc,2006,95.0
grc,2007,110.0
grc,2008,93.0
grc,2009,100.0
grc,2010,84.0
grc,2011,81.0
grc,2012,120.0
grc,2013,83.0
grc,2014,61.0
grc,2015,49.0
grc,2016,52.0
grc,2017,62.0
grc,2018,55.0
grc,2019,48.0
grc,2020,42.0
grc,2021,36.0
grc,2022,38.0
grc,2023,46.0
grc,2024,44.0
grl,2000,21.0
grl,2001,21.0
grl,2002,20.0
grl,2003,20.0
grl,2004,20.0
grl,2005,20.0
grl,2006,19.0
grl,2007,19.0
grl,2008,18.0
grl,2009,14.0
grl,2010,24.0
grl,2011,23.0
grl,2012,16.0
grl,2013,17.0
grl,2014,15.0
grl,2015,13.0
grl,2016,9.0
grl,2017,9.0
grl,2018,7.0
grl,2019,9.0
grl,2020,11.0
grl,2021,5.0
grl,2022,9.0
grl,2023,7.0
grl,2024,9.0
grd,2000,1.0
grd,2001,2.0
grd,2002,1.0
grd,2003,1.0
grd,2004,3.0
grd,2005,3.0
grd,2006,2.0
grd,2007,2.0
grd,2008,3.0
grd,2009,3.0
grd,2010,2.0
grd,2011,2.0
grd,2012,2.0
grd,2013,2.0
grd,2014,2.0
grd,2015,3.0
grd,2016,2.0
grd,2017,2.0
grd,2018,2.0
grd,2019,1.0
grd,2020,1.0
grd,2021,1.0
grd,2022,1.0
grd,2023,1.0
grd,2024,1.0
gum,2000,34.0
gum,2001,38.0
gum,2002,30.0
gum,2003,12.0
gum,2004,27.0
gum,2005,33.0
gum,2006,21.0
gum,2007,24.0
gum,2008,38.0
gum,2009,39.0
gum,2010,37.0
gum,2011,28.0
gum,2012,22.0
gum,2013,15.0
gum,2014,17.0
gum,2015,22.0
gum,2016,21.0
gum,2017,23.0
gum,2018,19.0
gum,2019,21.0
gum,2020,15.0
gum,2021,15.0
gum,2022,16.0
gum,2023,12.0
gum,2024,16.0
gtm,2000,590.0
gtm,2001,550.0
gtm,2002,490.0
gtm,2003,450.0
gtm,2004,430.0
gtm,2005,430.0
gtm,2006,410.0
gtm,2007,450.0
gtm,2008,480.0
gtm,2009,470.0
gtm,2010,440.0
gtm,2011,390.0
gtm,2012,320.0
gtm,2013,410.0
gtm,2014,390.0
gtm,2015,380.0
gtm,2016,400.0
gtm,2017,390.0
gtm,2018,370.0
gtm,2019,430.0
gtm,2020,260.0
gtm,2021,300.0
gtm,2022,380.0
gtm,2023,460.0
gtm,2024,480.0
gin,2000,2700.0
gin,2001,2900.0
gin,2002,3500.0
gin,2003,3700.0
gin,2004,4000.0
gin,2005,4800.0
gin,2006,4400.0
gin,2007,4600.0
gin,2008,4700.0
gin,2009,5900.0
gin,2010,4700.0
gin,2011,4800.0
gin,2012,5100.0
gin,2013,5200.0
gin,2014,5100.0
gin,2015,5000.0
gin,2016,5100.0
gin,2017,4900.0
gin,2018,5000.0
gin,2019,4200.0
gin,2020,5100.0
gin,2021,3700.0
gin,2022,3400.0
gin,2023,3600.0
gin,2024,4600.0
gnb,2000,790.0
gnb,2001,890.0
gnb,2002,990.0
gnb,2003,1100.0
gnb,2004,1100.0
gnb,2005,1300.0
gnb,2006,1200.0
gnb,2007,1300.0
gnb,2008,1300.0
gnb,2009,1300.0
gnb,2010,1300.0
gnb,2011,1300.0
gnb,2012,1300.0
gnb,2013,1200.0
gnb,2014,970.0
gnb,2015,930.0
gnb,2016,920.0
gnb,2017,910.0
gnb,2018,1000.0
gnb,2019,830.0
gnb,2020,770.0
gnb,2021,790.0
gnb,2022,570.0
gnb,2023,760.0
gnb,2024,730.0
guy,2000,160.0
guy,2001,140.0
guy,2002,190.0
guy,2003,180.0
guy,2004,210.0
guy,2005,180.0
guy,2006,170.0
guy,2007,230.0
guy,2008,190.0
guy,2009,200.0
guy,2010,240.0
guy,2011,190.0
guy,2012,220.0
guy,2013,200.0
guy,2014,140.0
guy,2015,140.0
guy,2016,150.0
guy,2017,130.0
guy,2018,92.0
guy,2019,120.0
guy,2020,110.0
guy,2021,150.0
guy,2022,150.0
guy,2023,170.0
guy,2024,160.0
hti,2000,15000.0
hti,2001,13000.0
hti,2002,12000.0
hti,2003,10000.0
hti,2004,9600.0
hti,2005,9300.0
hti,2006,9300.0
hti,2007,7000.0
hti,2008,6500.0
hti,2009,6000.0
hti,2010,5200.0
hti,2011,5100.0
hti,2012,4600.0
hti,2013,4300.0
hti,2014,4100.0
hti,2015,3500.0
hti,2016,3200.0
hti,2017,3100.0
hti,2018,2900.0
hti,2019,2900.0
hti,2020,2600.0
hti,2021,2600.0
hti,2022,2400.0
hti,2023,2100.0
hti,2024,2100.0
hnd,2000,2400.0
hnd,2001,1500.0
hnd,2002,1200.0
hnd,2003,630.0
hnd,2004,780.0
hnd,2005,710.0
hnd,2006,670.0
hnd,2007,620.0
hnd,2008,590.0
hnd,2009,570.0
hnd,2010,540.0
hnd,2011,600.0
hnd,2012,540.0
hnd,2013,520.0
hnd,2014,510.0
hnd,2015,500.0
hnd,2016,510.0
hnd,2017,510.0
hnd,2018,530.0
hnd,2019,530.0
hnd,2020,620.0
hnd,2021,610.0
hnd,2022,590.0
hnd,2023,570.0
hnd,2024,580.0
hun,2000,430.0
hun,2001,390.0
hun,2002,340.0
hun,2003,310.0
hun,2004,310.0
hun,2005,260.0
hun,2006,190.0
hun,2007,220.0
hun,2008,200.0
hun,2009,170.0
hun,2010,160.0
hun,2011,130.0
hun,2012,130.0
hun,2013,100.0
hun,2014,89.0
hun,2015,110.0
hun,2016,68.0
hun,2017,66.0
hun,2018,87.0
hun,2019,65.0
hun,2020,56.0
hun,2021,58.0
hun,2022,57.0
hun,2023,78.0
hun,2024,77.0
isl,2000,2.0
isl,2001,3.0
isl,2002,4.0
isl,2003,7.0
isl,2004,4.0
isl,2005,3.0
isl,2006,2.0
isl,2007,5.0
isl,2008,2.0
isl,2009,8.0
isl,2010,3.0
isl,2011,3.0
isl,2012,3.0
isl,2013,2.0
isl,2014,2.0
isl,2015,2.0
isl,2016,2.0
isl,2017,2.0
isl,2018,1.0
isl,2019,1.0
isl,2020,1.0
isl,2021,2.0
isl,2022,1.0
isl,2023,1.0
isl,2024,1.0
ind,2000,1040000.0
ind,2001,979000.0
ind,2002,915000.0
ind,2003,848000.0
ind,2004,779000.0
ind,2005,750000.0
ind,2006,729000.0
ind,2007,692000.0
ind,2008,672000.0
ind,2009,621000.0
ind,2010,581000.0
ind,2011,558000.0
ind,2012,531000.0
ind,2013,497000.0
ind,2014,451000.0
ind,2015,426000.0
ind,2016,395000.0
ind,2017,379000.0
ind,2018,368000.0
ind,2019,341000.0
ind,2020,316000.0
ind,2021,332000.0
ind,2022,331000.0
ind,2023,315000.0
ind,2024,305000.0
idn,2000,123000.0
idn,2001,124000.0
idn,2002,123000.0
idn,2003,123000.0
idn,2004,122000.0
idn,2005,122000.0
idn,2006,125000.0
idn,2007,126000.0
idn,2008,127000.0
idn,2009,128000.0
idn,2010,127000.0
idn,2011,126000.0
idn,2012,123000.0
idn,2013,119000.0
idn,2014,116000.0
idn,2015,110000.0
idn,2016,108000.0
idn,2017,104000.0
idn,2018,101000.0
idn,2019,99000.0
idn,2020,110000.0
idn,2021,137000.0
idn,2022,146000.0
idn,2023,132000.0
idn,2024,126000.0
irn,2000,740.0
irn,2001,770.0
irn,2002,790.0
irn,2003,820.0
irn,2004,850.0
irn,2005,880.0
irn,2006,930.0
irn,2007,950.0
irn,2008,960.0
irn,2009,980.0
irn,2010,980.0
irn,2011,960.0
irn,2012,940.0
irn,2013,840.0
irn,2014,740.0
irn,2015,950.0
irn,2016,1000.0
irn,2017,900.0
irn,2018,990.0
irn,2019,980.0
irn,2020,1000.0
irn,2021,980.0
irn,2022,960.0
irn,2023,960.0
irn,2024,960.0
irq,2000,1300.0
irq,2001,1200.0
irq,2002,1200.0
irq,2003,1500.0
irq,2004,1400.0
irq,2005,1400.0
irq,2006,1400.0
irq,2007,1300.0
irq,2008,1100.0
irq,2009,1100.0
irq,2010,1100.0
irq,2011,1000.0
irq,2012,1000.0
irq,2013,1000.0
irq,2014,1000.0
irq,2015,1000.0
irq,2016,970.0
irq,2017,940.0
irq,2018,900.0
irq,2019,860.0
irq,2020,830.0
irq,2021,790.0
irq,2022,760.0
irq,2023,720.0
irq,2024,670.0
irl,2000,62.0
irl,2001,42.0
irl,2002,50.0
irl,2003,46.0
irl,2004,48.0
irl,2005,32.0
irl,2006,47.0
irl,2007,58.0
irl,2008,37.0
irl,2009,41.0
irl,2010,40.0
irl,2011,34.0
irl,2012,31.0
irl,2013,26.0
irl,2014,27.0
irl,2015,21.0
irl,2016,19.0
irl,2017,19.0
irl,2018,28.0
irl,2019,10.0
irl,2020,20.0
irl,2021,15.0
irl,2022,11.0
irl,2023,21.0
irl,2024,22.0
isr,2000,94.0
isr,2001,68.0
isr,2002,72.0
isr,2003,67.0
isr,2004,48.0
isr,2005,57.0
isr,2006,42.0
isr,2007,46.0
isr,2008,34.0
isr,2009,33.0
isr,2010,32.0
isr,2011,29.0
isr,2012,27.0
isr,2013,19.0
isr,2014,22.0
isr,2015,18.0
isr,2016,19.0
isr,2017,15.0
isr,2018,23.0
isr,2019,21.0
isr,2020,12.0
isr,2021,14.0
isr,2022,14.0
isr,2023,24.0
isr,2024,24.0
ita,2000,750.0
ita,2001,720.0
ita,2002,670.0
ita,2003,710.0
ita,2004,570.0
ita,2005,520.0
ita,2006,520.0
ita,2007,460.0
ita,2008,480.0
ita,2009,490.0
ita,2010,460.0
ita,2011,450.0
ita,2012,390.0
ita,2013,310.0
ita,2014,340.0
ita,2015,380.0
ita,2016,350.0
ita,2017,350.0
ita,2018,340.0
ita,2019,320.0
ita,2020,260.0
ita,2021,270.0
ita,2022,290.0
ita,2023,330.0
ita,2024,330.0
jam,2000,64.0
jam,2001,48.0
jam,2002,42.0
jam,2003,79.0
jam,2004,44.0
jam,2005,46.0
jam,2006,29.0
jam,2007,26.0
jam,2008,25.0
jam,2009,38.0
jam,2010,27.0
jam,2011,17.0
jam,2012,18.0
jam,2013,11.0
jam,2014,16.0
jam,2015,16.0
jam,2016,15.0
jam,2017,16.0
jam,2018,11.0
jam,2019,10.0
jam,2020,10.0
jam,2021,12.0
jam,2022,13.0
jam,2023,13.0
jam,2024,10.0
jpn,2000,5300.0
jpn,2001,5000.0
jpn,2002,4600.0
jpn,2003,4500.0
jpn,2004,4400.0
jpn,2005,4400.0
jpn,2006,4300.0
jpn,2007,4100.0
jpn,2008,4000.0
jpn,2009,3800.0
jpn,2010,3900.0
jpn,2011,3700.0
jpn,2012,3600.0
jpn,2013,3400.0
jpn,2014,3300.0
jpn,2015,3100.0
jpn,2016,3000.0
jpn,2017,3700.0
jpn,2018,3500.0
jpn,2019,3300.0
jpn,2020,2900.0
jpn,2021,2800.0
jpn,2022,3200.0
jpn,2023,1500.0
jpn,2024,1500.0
jor,2000,30.0
jor,2001,31.0
jor,2002,32.0
jor,2003,32.0
jor,2004,33.0
jor,2005,34.0
jor,2006,36.0
jor,2007,38.0
jor,2008,37.0
jor,2009,25.0
jor,2010,27.0
jor,2011,26.0
jor,2012,15.0
jor,2013,13.0
jor,2014,11.0
jor,2015,7.0
jor,2016,12.0
jor,2017,10.0
jor,2018,11.0
jor,2019,9.0
jor,2020,9.0
jor,2021,10.0
jor,2022,13.0
jor,2023,10.0
jor,2024,11.0
kaz,2000,4200.0
kaz,2001,3900.0
kaz,2002,4000.0
kaz,2003,3800.0
kaz,2004,3600.0
kaz,2005,3800.0
kaz,2006,3300.0
kaz,2007,3000.0
kaz,2008,2800.0
kaz,2009,2300.0
kaz,2010,2000.0
kaz,2011,1800.0
kaz,2012,1600.0
kaz,2013,1100.0
kaz,2014,980.0
kaz,2015,760.0
kaz,2016,670.0
kaz,2017,620.0
kaz,2018,570.0
kaz,2019,520.0
kaz,2020,590.0
kaz,2021,510.0
kaz,2022,570.0
kaz,2023,480.0
kaz,2024,390.0
ken,2000,56000.0
ken,2001,62000.0
ken,2002,66000.0
ken,2003,76000.0
ken,2004,80000.0
ken,2005,82000.0
ken,2006,87000.0
ken,2007,83000.0
ken,2008,77000.0
ken,2009,79000.0
ken,2010,75000.0
ken,2011,73000.0
ken,2012,69000.0
ken,2013,66000.0
ken,2014,64000.0
ken,2015,58000.0
ken,2016,53000.0
ken,2017,43000.0
ken,2018,32000.0
ken,2019,32000.0
ken,2020,31000.0
ken,2021,33000.0
ken,2022,26000.0
ken,2023,23000.0
ken,2024,24000.0
kir,2000,48.0
kir,2001,46.0
kir,2002,46.0
kir,2003,48.0
kir,2004,49.0
kir,2005,49.0
kir,2006,50.0
kir,2007,50.0
kir,2008,49.0
kir,2009,48.0
kir,2010,47.0
kir,2011,44.0
kir,2012,45.0
kir,2013,45.0
kir,2014,45.0
kir,2015,45.0
kir,2016,45.0
kir,2017,45.0
kir,2018,45.0
kir,2019,46.0
kir,2020,46.0
kir,2021,49.0
kir,2022,50.0
kir,2023,51.0
kir,2024,52.0
kwt,2000,23.0
kwt,2001,25.0
kwt,2002,32.0
kwt,2003,22.0
kwt,2004,26.0
kwt,2005,26.0
kwt,2006,18.0
kwt,2007,29.0
kwt,2008,23.0
kwt,2009,39.0
kwt,2010,42.0
kwt,2011,23.0
kwt,2012,28.0
kwt,2013,7.0
kwt,2014,6.0
kwt,2015,18.0
kwt,2016,20.0
kwt,2017,22.0
kwt,2018,16.0
kwt,2019,18.0
kwt,2020,17.0
kwt,2021,17.0
kwt,2022,18.0
kwt,2023,18.0
kwt,2024,18.0
kgz,2000,1100.0
kgz,2001,1300.0
kgz,2002,1100.0
kgz,2003,990.0
kgz,2004,880.0
kgz,2005,850.0
kgz,2006,870.0
kgz,2007,750.0
kgz,2008,700.0
kgz,2009,650.0
kgz,2010,680.0
kgz,2011,720.0
kgz,2012,670.0
kgz,2013,700.0
kgz,2014,590.0
kgz,2015,530.0
kgz,2016,500.0
kgz,2017,460.0
kgz,2018,430.0
kgz,2019,350.0
kgz,2020,390.0
kgz,2021,420.0
kgz,2022,410.0
kgz,2023,370.0
kgz,2024,360.0
lao,2000,6900.0
lao,2001,6600.0
lao,2002,6400.0
lao,2003,6200.0
lao,2004,5800.0
lao,2005,5400.0
lao,2006,5100.0
lao,2007,5000.0
lao,2008,4800.0
lao,2009,4700.0
lao,2010,4500.0
lao,2011,4300.0
lao,2012,4200.0
lao,2013,4100.0
lao,2014,3900.0
lao,2015,3700.0
lao,2016,3400.0
lao,2017,2900.0
lao,2018,2400.0
lao,2019,2200.0
lao,2020,1600.0
lao,2021,2200.0
lao,2022,1100.0
lao,2023,760.0
lao,2024,700.0
lva,2000,560.0
lva,2001,520.0
lva,2002,400.0
lva,2003,380.0
lva,2004,240.0
lva,2005,250.0
lva,2006,240.0
lva,2007,210.0
lva,2008,180.0
lva,2009,170.0
lva,2010,150.0
lva,2011,130.0
lva,2012,140.0
lva,2013,130.0
lva,2014,140.0
lva,2015,160.0
lva,2016,110.0
lva,2017,97.0
lva,2018,78.0
lva,2019,90.0
lva,2020,71.0
lva,2021,73.0
lva,2022,64.0
lva,2023,62.0
lva,2024,51.0
lbn,2000,300.0
lbn,2001,250.0
lbn,2002,190.0
lbn,2003,150.0
lbn,2004,140.0
lbn,2005,130.0
lbn,2006,120.0
lbn,2007,140.0
lbn,2008,150.0
lbn,2009,140.0
lbn,2010,140.0
lbn,2011,130.0
lbn,2012,160.0
lbn,2013,170.0
lbn,2014,160.0
lbn,2015,150.0
lbn,2016,140.0
lbn,2017,120.0
lbn,2018,130.0
lbn,2019,140.0
lbn,2020,130.0
lbn,2021,93.0
lbn,2022,100.0
lbn,2023,100.0
lbn,2024,100.0
lso,2000,5400.0
lso,2001,8400.0
lso,2002,7700.0
lso,2003,7000.0
lso,2004,8700.0
lso,2005,9600.0
lso,2006,9100.0
lso,2007,8600.0
lso,2008,9500.0
lso,2009,9400.0
lso,2010,9300.0
lso,2011,8500.0
lso,2012,8000.0
lso,2013,7500.0
lso,2014,6700.0
lso,2015,6600.0
lso,2016,6000.0
lso,2017,5600.0
lso,2018,5300.0
lso,2019,5200.0
lso,2020,5100.0
lso,2021,5400.0
lso,2022,5400.0
lso,2023,4800.0
lso,2024,4400.0
lbr,2000,1100.0
lbr,2001,1700.0
lbr,2002,1400.0
lbr,2003,2400.0
lbr,2004,2000.0
lbr,2005,3000.0
lbr,2006,3100.0
lbr,2007,3600.0
lbr,2008,4000.0
lbr,2009,3900.0
lbr,2010,3800.0
lbr,2011,3400.0
lbr,2012,3400.0
lbr,2013,3600.0
lbr,2014,4500.0
lbr,2015,3900.0
lbr,2016,3300.0
lbr,2017,2900.0
lbr,2018,2700.0
lbr,2019,2400.0
lbr,2020,2800.0
lbr,2021,2600.0
lbr,2022,2600.0
lbr,2023,2300.0
lbr,2024,2000.0
lby,2000,820.0
lby,2001,810.0
lby,2002,780.0
lby,2003,800.0
lby,2004,940.0
lby,2005,780.0
lby,2006,810.0
lby,2007,750.0
lby,2008,740.0
lby,2009,640.0
lby,2010,640.0
lby,2011,600.0
lby,2012,420.0
lby,2013,430.0
lby,2014,460.0
lby,2015,510.0
lby,2016,480.0
lby,2017,460.0
lby,2018,360.0
lby,2019,300.0
lby,2020,610.0
lby,2021,680.0
lby,2022,760.0
lby,2023,900.0
lby,2024,930.0
ltu,2000,500.0
ltu,2001,490.0
ltu,2002,450.0
ltu,2003,450.0
ltu,2004,330.0
ltu,2005,440.0
ltu,2006,440.0
ltu,2007,410.0
ltu,2008,400.0
ltu,2009,1400.0
ltu,2010,260.0
ltu,2011,250.0
ltu,2012,290.0
ltu,2013,250.0
ltu,2014,270.0
ltu,2015,230.0
ltu,2016,210.0
ltu,2017,180.0
ltu,2018,140.0
ltu,2019,130.0
ltu,2020,120.0
ltu,2021,110.0
ltu,2022,120.0
ltu,2023,140.0
ltu,2024,130.0
lux,2000,5.0
lux,2001,6.0
lux,2002,4.0
lux,2003,6.0
lux,2004,3.0
lux,2005,2.0
lux,2006,2.0
lux,2007,3.0
lux,2008,2.0
lux,2009,2.0
lux,2010,1.0
lux,2011,2.0
lux,2012,2.0
lux,2013,1.0
lux,2014,1.0
lux,2015,1.0
lux,2016,1.0
lux,2017,3.0
lux,2018,2.0
lux,2019,1.0
lux,2020,1.0
lux,2021,1.0
lux,2022,1.0
lux,2023,2.0
lux,2024,2.0
mdg,2000,8300.0
mdg,2001,9200.0
mdg,2002,9900.0
mdg,2003,9900.0
mdg,2004,11000.0
mdg,2005,12000.0
mdg,2006,11000.0
mdg,2007,12000.0
mdg,2008,13000.0
mdg,2009,13000.0
mdg,2010,12000.0
mdg,2011,12000.0
mdg,2012,13000.0
mdg,2013,13000.0
mdg,2014,12000.0
mdg,2015,12000.0
mdg,2016,13000.0
mdg,2017,12000.0
mdg,2018,12000.0
mdg,2019,11000.0
mdg,2020,12000.0
mdg,2021,12000.0
mdg,2022,11000.0
mdg,2023,11000.0
mdg,2024,11000.0
mwi,2000,16000.0
mwi,2001,16000.0
mwi,2002,18000.0
mwi,2003,16000.0
mwi,2004,17000.0
mwi,2005,19000.0
mwi,2006,20000.0
mwi,2007,20000.0
mwi,2008,20000.0
mwi,2009,20000.0
mwi,2010,22000.0
mwi,2011,20000.0
mwi,2012,17000.0
mwi,2013,16000.0
mwi,2014,14000.0
mwi,2015,12000.0
mwi,2016,10000.0
mwi,2017,8600.0
mwi,2018,8500.0
mwi,2019,7400.0
mwi,2020,7800.0
mwi,2021,7900.0
mwi,2022,5700.0
mwi,2023,4800.0
mwi,2024,4700.0
mys,2000,3300.0
mys,2001,3000.0
mys,2002,2500.0
mys,2003,2500.0
mys,2004,2200.0
mys,2005,2800.0
mys,2006,2700.0
mys,2007,2400.0
mys,2008,2700.0
mys,2009,2800.0
mys,2010,2600.0
mys,2011,2500.0
mys,2012,2200.0
mys,2013,2200.0
mys,2014,2200.0
mys,2015,2200.0
mys,2016,2400.0
mys,2017,2300.0
mys,2018,2000.0
mys,2019,2200.0
mys,2020,2000.0
mys,2021,2600.0
mys,2022,2900.0
mys,2023,2900.0
mys,2024,3000.0
mdv,2000,15.0
mdv,2001,17.0
mdv,2002,25.0
mdv,2003,7.0
mdv,2004,3.0
mdv,2005,5.0
mdv,2006,6.0
mdv,2007,6.0
mdv,2008,8.0
mdv,2009,8.0
mdv,2010,8.0
mdv,2011,10.0
mdv,2012,6.0
mdv,2013,9.0
mdv,2014,8.0
mdv,2015,7.0
mdv,2016,13.0
mdv,2017,11.0
mdv,2018,11.0
mdv,2019,10.0
mdv,2020,10.0
mdv,2021,9.0
mdv,2022,9.0
mdv,2023,8.0
mdv,2024,8.0
mli,2000,2700.0
mli,2001,2700.0
mli,2002,2900.0
mli,2003,3000.0
mli,2004,3100.0
mli,2005,3200.0
mli,2006,3200.0
mli,2007,3100.0
mli,2008,3000.0
mli,2009,2700.0
mli,2010,3300.0
mli,2011,3300.0
mli,2012,3000.0
mli,2013,3000.0
mli,2014,3000.0
mli,2015,2600.0
mli,2016,2600.0
mli,2017,2800.0
mli,2018,2600.0
mli,2019,2600.0
mli,2020,2700.0
mli,2021,2500.0
mli,2022,2300.0
mli,2023,2100.0
mli,2024,2000.0
mlt,2000,3.0
mlt,2001,2.0
mlt,2002,3.0
mlt,2003,1.0
mlt,2004,2.0
mlt,2005,1.0
mlt,2006,1.0
mlt,2007,7.0
mlt,2008,2.0
mlt,2009,2.0
mlt,2010,4.0
mlt,2011,4.0
mlt,2012,1.0
mlt,2013,3.0
mlt,2014,2.0
mlt,2015,3.0
mlt,2016,4.0
mlt,2017,1.0
mlt,2018,2.0
mlt,2019,1.0
mlt,2020,1.0
mlt,2021,1.0
mlt,2022,2.0
mlt,2023,2.0
mlt,2024,2.0
mhl,2000,28.0
mhl,2001,45.0
mhl,2002,39.0
mhl,2003,45.0
mhl,2004,85.0
mhl,2005,79.0
mhl,2006,88.0
mhl,2007,90.0
mhl,2008,64.0
mhl,2009,66.0
mhl,2010,79.0
mhl,2011,56.0
mhl,2012,56.0
mhl,2013,57.0
mhl,2014,52.0
mhl,2015,49.0
mhl,2016,62.0
mhl,2017,67.0
mhl,2018,140.0
mhl,2019,75.0
mhl,2020,48.0
mhl,2021,38.0
mhl,2022,33.0
mhl,2023,69.0
mhl,2024,30.0
mrt,2000,1500.0
mrt,2001,1500.0
mrt,2002,1500.0
mrt,2003,1500.0
mrt,2004,1300.0
mrt,2005,1700.0
mrt,2006,1400.0
mrt,2007,1200.0
mrt,2008,1200.0
mrt,2009,1200.0
mrt,2010,1200.0
mrt,2011,1400.0
mrt,2012,960.0
mrt,2013,1100.0
mrt,2014,940.0
mrt,2015,1000.0
mrt,2016,880.0
mrt,2017,820.0
mrt,2018,810.0
mrt,2019,730.0
mrt,2020,750.0
mrt,2021,660.0
mrt,2022,590.0
mrt,2023,540.0
mrt,2024,520.0
mus,2000,34.0
mus,2001,30.0
mus,2002,31.0
mus,2003,16.0
mus,2004,18.0
mus,2005,17.0
mus,2006,14.0
mus,2007,22.0
mus,2008,24.0
mus,2009,22.0
mus,2010,18.0
mus,2011,26.0
mus,2012,23.0
mus,2013,32.0
mus,2014,27.0
mus,2015,23.0
mus,2016,27.0
mus,2017,32.0
mus,2018,31.0
mus,2019,33.0
mus,2020,18.0
mus,2021,17.0
mus,2022,30.0
mus,2023,24.0
mus,2024,21.0
mex,2000,4700.0
mex,2001,4500.0
mex,2002,4100.0
mex,2003,4100.0
mex,2004,3300.0
mex,2005,3500.0
mex,2006,3300.0
mex,2007,3000.0
mex,2008,3300.0
mex,2009,3000.0
mex,2010,3200.0
mex,2011,3300.0
mex,2012,3200.0
mex,2013,3200.0
mex,2014,2900.0
mex,2015,3200.0
mex,2016,3300.0
mex,2017,3200.0
mex,2018,3000.0
mex,2019,3300.0
mex,2020,4000.0
mex,2021,3800.0
mex,2022,4700.0
mex,2023,3800.0
mex,2024,3900.0
fsm,2000,99.0
fsm,2001,110.0
fsm,2002,130.0
fsm,2003,100.0
fsm,2004,110.0
fsm,2005,90.0
fsm,2006,88.0
fsm,2007,110.0
fsm,2008,120.0
fsm,2009,96.0
fsm,2010,98.0
fsm,2011,88.0
fsm,2012,84.0
fsm,2013,86.0
fsm,2014,110.0
fsm,2015,58.0
fsm,2016,78.0
fsm,2017,68.0
fsm,2018,50.0
fsm,2019,49.0
fsm,2020,48.0
fsm,2021,37.0
fsm,2022,25.0
fsm,2023,110.0
fsm,2024,73.0
mco,2000,0.0
mco,2001,0.0
mco,2002,0.0
mco,2003,0.0
mco,2004,0.0
mco,2005,0.0
mco,2006,0.0
mco,2007,0.0
mco,2008,0.0
mco,2009,0.0
mco,2010,0.0
mco,2011,0.0
mco,2012,0.0
mco,2013,0.0
mco,2014,0.0
mco,2015,0.0
mco,2016,0.0
mco,2017,0.0
mco,2018,0.0
mco,2019,0.0
mco,2020,0.0
mco,2021,0.0
mco,2022,0.0
mco,2023,0.0
mco,2024,0.0
mng,2000,500.0
mng,2001,500.0
mng,2002,480.0
mng,2003,470.0
mng,2004,460.0
mng,2005,440.0
mng,2006,430.0
mng,2007,410.0
mng,2008,380.0
mng,2009,350.0
mng,2010,340.0
mng,2011,330.0
mng,2012,330.0
mng,2013,330.0
mng,2014,340.0
mng,2015,340.0
mng,2016,350.0
mng,2017,340.0
mng,2018,340.0
mng,2019,340.0
mng,2020,340.0
mng,2021,370.0
mng,2022,390.0
mng,2023,390.0
mng,2024,380.0
mne,2005,4.0
mne,2006,7.0
mne,2007,9.0
mne,2008,4.0
mne,2009,1.0
mne,2010,2.0
mne,2011,1.0
mne,2012,1.0
mne,2013,2.0
mne,2014,1.0
mne,2015,2.0
mne,2016,1.0
mne,2017,1.0
mne,2018,2.0
mne,2019,1.0
mne,2020,1.0
mne,2021,1.0
mne,2022,1.0
mne,2023,1.0
mne,2024,1.0
msr,2000,0.0
msr,2001,0.0
msr,2002,0.0
msr,2003,0.0
msr,2004,0.0
msr,2005,0.0
msr,2006,0.0
msr,2007,0.0
msr,2008,0.0
msr,2009,0.0
msr,2010,0.0
msr,2011,0.0
msr,2012,0.0
msr,2013,0.0
msr,2014,0.0
msr,2015,0.0
msr,2016,0.0
msr,2017,0.0
msr,2018,0.0
msr,2019,0.0
msr,2020,0.0
msr,2021,0.0
msr,2022,0.0
msr,2023,0.0
msr,2024,0.0
mar,2000,2500.0
mar,2001,2400.0
mar,2002,2500.0
mar,2003,2300.0
mar,2004,2200.0
mar,2005,2200.0
mar,2006,2200.0
mar,2007,2200.0
mar,2008,2300.0
mar,2009,2300.0
mar,2010,2400.0
mar,2011,2500.0
mar,2012,2400.0
mar,2013,2500.0
mar,2014,2600.0
mar,2015,2600.0
mar,2016,2700.0
mar,2017,2600.0
mar,2018,2600.0
mar,2019,2600.0
mar,2020,2500.0
mar,2021,2500.0
mar,2022,2600.0
mar,2023,2800.0
mar,2024,2800.0
moz,2000,28000.0
moz,2001,28000.0
moz,2002,27000.0
moz,2003,26000.0
moz,2004,25000.0
moz,2005,25000.0
moz,2006,26000.0
moz,2007,24000.0
moz,2008,27000.0
moz,2009,27000.0
moz,2010,28000.0
moz,2011,29000.0
moz,2012,29000.0
moz,2013,26000.0
moz,2014,25000.0
moz,2015,27000.0
moz,2016,20000.0
moz,2017,14000.0
moz,2018,12000.0
moz,2019,12000.0
moz,2020,12000.0
moz,2021,13000.0
moz,2022,9000.0
moz,2023,7700.0
moz,2024,14000.0
mmr,2000,109000.0
mmr,2001,104000.0
mmr,2002,97000.0
mmr,2003,89000.0
mmr,2004,80000.0
mmr,2005,76000.0
mmr,2006,69000.0
mmr,2007,66000.0
mmr,2008,68000.0
mmr,2009,66000.0
mmr,2010,59000.0
mmr,2011,52000.0
mmr,2012,46000.0
mmr,2013,44000.0
mmr,2014,39000.0
mmr,2015,35000.0
mmr,2016,31000.0
mmr,2017,31000.0
mmr,2018,24000.0
mmr,2019,22000.0
mmr,2020,25000.0
mmr,2021,36000.0
mmr,2022,44000.0
mmr,2023,41000.0
mmr,2024,36000.0
nam,2000,5900.0
nam,2001,6100.0
nam,2002,7200.0
nam,2003,7300.0
nam,2004,7400.0
nam,2005,7500.0
nam,2006,7500.0
nam,2007,7300.0
nam,2008,6200.0
nam,2009,6000.0
nam,2010,5400.0
nam,2011,4700.0
nam,2012,4500.0
nam,2013,4300.0
nam,2014,4300.0
nam,2015,3600.0
nam,2016,3700.0
nam,2017,3500.0
nam,2018,3400.0
nam,2019,3000.0
nam,2020,2900.0
nam,2021,3000.0
nam,2022,3000.0
nam,2023,2900.0
nam,2024,2800.0
nru,2000,0.0
nru,2001,0.0
nru,2002,0.0
nru,2003,0.0
nru,2004,0.0
nru,2005,0.0
nru,2006,0.0
nru,2007,0.0
nru,2008,0.0
nru,2009,0.0
nru,2010,0.0
nru,2011,0.0
nru,2012,0.0
nru,2013,0.0
nru,2014,0.0
nru,2015,0.0
nru,2016,0.0
nru,2017,0.0
nru,2018,0.0
nru,2019,1.0
nru,2020,0.0
nru,2021,1.0
nru,2022,1.0
nru,2023,1.0
nru,2024,1.0
npl,2000,33000.0
npl,2001,32000.0
npl,2002,31000.0
npl,2003,29000.0
npl,2004,29000.0
npl,2005,28000.0
npl,2006,27000.0
npl,2007,26000.0
npl,2008,26000.0
npl,2009,24000.0
npl,2010,23000.0
npl,2011,22000.0
npl,2012,21000.0
npl,2013,20000.0
npl,2014,19000.0
npl,2015,19000.0
npl,2016,19000.0
npl,2017,18000.0
npl,2018,17000.0
npl,2019,17000.0
npl,2020,17000.0
npl,2021,18000.0
npl,2022,17000.0
npl,2023,16000.0
npl,2024,16000.0
nld,2000,120.0
nld,2001,110.0
nld,2002,97.0
nld,2003,94.0
nld,2004,91.0
nld,2005,85.0
nld,2006,89.0
nld,2007,64.0
nld,2008,61.0
nld,2009,74.0
nld,2010,64.0
nld,2011,45.0
nld,2012,42.0
nld,2013,45.0
nld,2014,41.0
nld,2015,43.0
nld,2016,36.0
nld,2017,31.0
nld,2018,34.0
nld,2019,25.0
nld,2020,37.0
nld,2021,25.0
nld,2022,24.0
nld,2023,26.0
nld,2024,26.0
ant,2000,1.0
ant,2001,1.0
ant,2002,2.0
ant,2003,1.0
ant,2004,1.0
ant,2005,1.0
ant,2006,1.0
ant,2007,1.0
ant,2008,1.0
ant,2009,1.0
ncl,2000,60.0
ncl,2001,37.0
ncl,2002,38.0
ncl,2003,21.0
ncl,2004,33.0
ncl,2005,24.0
ncl,2006,24.0
ncl,2007,21.0
ncl,2008,21.0
ncl,2009,21.0
ncl,2010,18.0
ncl,2011,18.0
ncl,2012,13.0
ncl,2013,14.0
ncl,2014,9.0
ncl,2015,16.0
ncl,2016,11.0
ncl,2017,9.0
ncl,2018,10.0
ncl,2019,6.0
ncl,2020,11.0
ncl,2021,7.0
ncl,2022,8.0
ncl,2023,8.0
ncl,2024,9.0
nzl,2000,30.0
nzl,2001,16.0
nzl,2002,20.0
nzl,2003,31.0
nzl,2004,33.0
nzl,2005,23.0
nzl,2006,24.0
nzl,2007,17.0
nzl,2008,17.0
nzl,2009,17.0
nzl,2010,18.0
nzl,2011,16.0
nzl,2012,11.0
nzl,2013,12.0
nzl,2014,14.0
nzl,2015,21.0
nzl,2016,13.0
nzl,2017,11.0
nzl,2018,11.0
nzl,2019,14.0
nzl,2020,14.0
nzl,2021,14.0
nzl,2022,14.0
nzl,2023,14.0
nzl,2024,14.0
nic,2000,370.0
nic,2001,350.0
nic,2002,280.0
nic,2003,320.0
nic,2004,290.0
nic,2005,290.0
nic,2006,240.0
nic,2007,240.0
nic,2008,200.0
nic,2009,200.0
nic,2010,240.0
nic,2011,210.0
nic,2012,200.0
nic,2013,170.0
nic,2014,150.0
nic,2015,180.0
nic,2016,170.0
nic,2017,160.0
nic,2018,140.0
nic,2019,140.0
nic,2020,150.0
nic,2021,140.0
nic,2022,170.0
nic,2023,190.0
nic,2024,190.0
ner,2000,2500.0
ner,2001,3000.0
ner,2002,3700.0
ner,2003,3600.0
ner,2004,4300.0
ner,2005,4400.0
ner,2006,4700.0
ner,2007,4800.0
ner,2008,5400.0
ner,2009,5300.0
ner,2010,5400.0
ner,2011,5100.0
ner,2012,4800.0
ner,2013,4600.0
ner,2014,4600.0
ner,2015,4500.0
ner,2016,4500.0
ner,2017,4100.0
ner,2018,3900.0
ner,2019,3600.0
ner,2020,3800.0
ner,2021,3500.0
ner,2022,3300.0
ner,2023,3300.0
ner,2024,3500.0
nga,2000,140000.0
nga,2001,129000.0
nga,2002,133000.0
nga,2003,132000.0
nga,2004,128000.0
nga,2005,129000.0
nga,2006,131000.0
nga,2007,130000.0
nga,2008,139000.0
nga,2009,141000.0
nga,2010,148000.0
nga,2011,153000.0
nga,2012,153000.0
nga,2013,155000.0
nga,2014,161000.0
nga,2015,164000.0
nga,2016,162000.0
nga,2017,163000.0
nga,2018,165000.0
nga,2019,162000.0
nga,2020,157000.0
nga,2021,130000.0
nga,2022,102000.0
nga,2023,71000.0
nga,2024,61000.0
niu,2000,0.0
niu,2001,0.0
niu,2002,0.0
niu,2003,0.0
niu,2004,0.0
niu,2005,0.0
niu,2006,0.0
niu,2007,0.0
niu,2008,0.0
niu,2009,0.0
niu,2010,0.0
niu,2011,0.0
niu,2012,0.0
niu,2013,0.0
niu,2014,0.0
niu,2015,0.0
niu,2016,0.0
niu,2017,0.0
niu,2018,0.0
niu,2019,0.0
niu,2020,0.0
niu,2021,0.0
niu,2022,0.0
niu,2023,0.0
niu,2024,0.0
mkd,2000,100.0
mkd,2001,95.0
mkd,2002,80.0
mkd,2003,86.0
mkd,2004,62.0
mkd,2005,69.0
mkd,2006,65.0
mkd,2007,60.0
mkd,2008,49.0
mkd,2009,20.0
mkd,2010,35.0
mkd,2011,27.0
mkd,2012,24.0
mkd,2013,20.0
mkd,2014,24.0
mkd,2015,18.0
mkd,2016,27.0
mkd,2017,11.0
mkd,2018,23.0
mkd,2019,9.0
mkd,2020,20.0
mkd,2021,12.0
mkd,2022,11.0
mkd,2023,12.0
mkd,2024,12.0
mnp,2000,48.0
mnp,2001,35.0
mnp,2002,31.0
mnp,2003,25.0
mnp,2004,29.0
mnp,2005,30.0
mnp,2006,25.0
mnp,2007,20.0
mnp,2008,12.0
mnp,2009,15.0
mnp,2010,11.0
mnp,2011,11.0
mnp,2012,11.0
mnp,2013,11.0
mnp,2014,8.0
mnp,2015,8.0
mnp,2016,8.0
mnp,2017,11.0
mnp,2018,13.0
mnp,2019,14.0
mnp,2020,11.0
mnp,2021,9.0
mnp,2022,6.0
mnp,2023,6.0
mnp,2024,3.0
nor,2000,60.0
nor,2001,57.0
nor,2002,39.0
nor,2003,59.0
nor,2004,49.0
nor,2005,47.0
nor,2006,42.0
nor,2007,38.0
nor,2008,28.0
nor,2009,30.0
nor,2010,30.0
nor,2011,31.0
nor,2012,24.0
nor,2013,22.0
nor,2014,14.0
nor,2015,13.0
nor,2016,20.0
nor,2017,15.0
nor,2018,10.0
nor,2019,16.0
nor,2020,9.0
nor,2021,12.0
nor,2022,6.0
nor,2023,5.0
nor,2024,4.0
pse,2000,43.0
pse,2001,33.0
pse,2002,25.0
pse,2003,16.0
pse,2004,10.0
pse,2005,11.0
pse,2006,16.0
pse,2007,12.0
pse,2008,14.0
pse,2009,12.0
pse,2010,10.0
pse,2011,10.0
pse,2012,10.0
pse,2013,11.0
pse,2014,12.0
pse,2015,11.0
pse,2016,9.0
pse,2017,7.0
pse,2018,7.0
pse,2019,5.0
pse,2020,6.0
pse,2021,5.0
pse,2022,5.0
pse,2023,3.0
pse,2024,2.0
omn,2000,34.0
omn,2001,31.0
omn,2002,29.0
omn,2003,29.0
omn,2004,23.0
omn,2005,23.0
omn,2006,22.0
omn,2007,24.0
omn,2008,20.0
omn,2009,17.0
omn,2010,17.0
omn,2011,20.0
omn,2012,24.0
omn,2013,20.0
omn,2014,19.0
omn,2015,19.0
omn,2016,23.0
omn,2017,19.0
omn,2018,20.0
omn,2019,21.0
omn,2020,20.0
omn,2021,18.0
omn,2022,20.0
omn,2023,21.0
omn,2024,21.0
pak,2000,58000.0
pak,2001,58000.0
pak,2002,58000.0
pak,2003,58000.0
pak,2004,58000.0
pak,2005,57000.0
pak,2006,56000.0
pak,2007,56000.0
pak,2008,56000.0
pak,2009,56000.0
pak,2010,53000.0
pak,2011,55000.0
pak,2012,55000.0
pak,2013,55000.0
pak,2014,54000.0
pak,2015,50000.0
pak,2016,49000.0
pak,2017,48000.0
pak,2018,47000.0
pak,2019,47000.0
pak,2020,52000.0
pak,2021,56000.0
pak,2022,50000.0
pak,2023,49000.0
pak,2024,52000.0
plw,2000,0.0
plw,2001,0.0
plw,2002,0.0
plw,2003,0.0
plw,2004,0.0
plw,2005,0.0
plw,2006,0.0
plw,2007,0.0
plw,2008,0.0
plw,2009,1.0
plw,2010,1.0
plw,2011,0.0
plw,2012,0.0
plw,2013,0.0
plw,2014,0.0
plw,2015,0.0
plw,2016,1.0
plw,2017,1.0
plw,2018,1.0
plw,2019,0.0
plw,2020,0.0
plw,2021,0.0
plw,2022,0.0
plw,2023,0.0
plw,2024,0.0
pan,2000,310.0
pan,2001,330.0
pan,2002,300.0
pan,2003,310.0
pan,2004,280.0
pan,2005,330.0
pan,2006,310.0
pan,2007,310.0
pan,2008,350.0
pan,2009,340.0
pan,2010,290.0
pan,2011,270.0
pan,2012,290.0
pan,2013,300.0
pan,2014,260.0
pan,2015,320.0
pan,2016,290.0
pan,2017,350.0
pan,2018,310.0
pan,2019,290.0
pan,2020,290.0
pan,2021,320.0
pan,2022,330.0
pan,2023,300.0
pan,2024,310.0
png,2000,22000.0
png,2001,20000.0
png,2002,19000.0
png,2003,17000.0
png,2004,16000.0
png,2005,15000.0
png,2006,14000.0
png,2007,13000.0
png,2008,13000.0
png,2009,13000.0
png,2010,13000.0
png,2011,14000.0
png,2012,13000.0
png,2013,13000.0
png,2014,13000.0
png,2015,14000.0
png,2016,14000.0
png,2017,15000.0
png,2018,15000.0
png,2019,14000.0
png,2020,16000.0
png,2021,16000.0
png,2022,14000.0
png,2023,13000.0
png,2024,13000.0
pry,2000,420.0
pry,2001,370.0
pry,2002,350.0
pry,2003,350.0
pry,2004,370.0
pry,2005,370.0
pry,2006,350.0
pry,2007,230.0
pry,2008,320.0
pry,2009,280.0
pry,2010,260.0
pry,2011,370.0
pry,2012,300.0
pry,2013,320.0
pry,2014,320.0
pry,2015,310.0
pry,2016,350.0
pry,2017,310.0
pry,2018,310.0
pry,2019,350.0
pry,2020,310.0
pry,2021,350.0
pry,2022,280.0
pry,2023,360.0
pry,2024,380.0
per,2000,7400.0
per,2001,5700.0
per,2002,4900.0
per,2003,4200.0
per,2004,3900.0
per,2005,3700.0
per,2006,3600.0
per,2007,3200.0
per,2008,3100.0
per,2009,2500.0
per,2010,2500.0
per,2011,2900.0
per,2012,2800.0
per,2013,2500.0
per,2014,2300.0
per,2015,2400.0
per,2016,2700.0
per,2017,2200.0
per,2018,3000.0
per,2019,3000.0
per,2020,3200.0
per,2021,3700.0
per,2022,4200.0
per,2023,4200.0
per,2024,3600.0
phl,2000,35000.0
phl,2001,35000.0
phl,2002,37000.0
phl,2003,35000.0
phl,2004,34000.0
phl,2005,34000.0
phl,2006,34000.0
phl,2007,31000.0
phl,2008,32000.0
phl,2009,33000.0
phl,2010,31000.0
phl,2011,31000.0
phl,2012,30000.0
phl,2013,30000.0
phl,2014,31000.0
phl,2015,30000.0
phl,2016,33000.0
phl,2017,31000.0
phl,2018,31000.0
phl,2019,31000.0
phl,2020,36000.0
phl,2021,42000.0
phl,2022,41000.0
phl,2023,38000.0
phl,2024,37000.0
pol,2000,1400.0
pol,2001,1300.0
pol,2002,1100.0
pol,2003,1100.0
pol,2004,990.0
pol,2005,960.0
pol,2006,870.0
pol,2007,880.0
pol,2008,920.0
pol,2009,850.0
pol,2010,660.0
pol,2011,730.0
pol,2012,710.0
pol,2013,600.0
pol,2014,600.0
pol,2015,600.0
pol,2016,620.0
pol,2017,580.0
pol,2018,600.0
pol,2019,540.0
pol,2020,550.0
pol,2021,510.0
pol,2022,650.0
pol,2023,490.0
pol,2024,490.0
prt,2000,890.0
prt,2001,840.0
prt,2002,780.0
prt,2003,700.0
prt,2004,680.0
prt,2005,590.0
prt,2006,510.0
prt,2007,450.0
prt,2008,390.0
prt,2009,400.0
prt,2010,310.0
prt,2011,330.0
prt,2012,310.0
prt,2013,300.0
prt,2014,300.0
prt,2015,290.0
prt,2016,260.0
prt,2017,240.0
prt,2018,270.0
prt,2019,220.0
prt,2020,210.0
prt,2021,270.0
prt,2022,190.0
prt,2023,280.0
prt,2024,180.0
pri,2000,80.0
pri,2001,69.0
pri,2002,60.0
pri,2003,45.0
pri,2004,48.0
pri,2005,41.0
pri,2006,30.0
pri,2007,27.0
pri,2008,27.0
pri,2009,13.0
pri,2010,18.0
pri,2011,17.0
pri,2012,18.0
pri,2013,15.0
pri,2014,12.0
pri,2015,9.0
pri,2016,15.0
pri,2017,9.0
pri,2018,6.0
pri,2019,6.0
pri,2020,7.0
pri,2021,4.0
pri,2022,7.0
pri,2023,6.0
pri,2024,6.0
qat,2000,8.0
qat,2001,7.0
qat,2002,6.0
qat,2003,4.0
qat,2004,4.0
qat,2005,3.0
qat,2006,3.0
qat,2007,4.0
qat,2008,5.0
qat,2009,5.0
qat,2010,5.0
qat,2011,6.0
qat,2012,6.0
qat,2013,6.0
qat,2014,7.0
qat,2015,7.0
qat,2016,8.0
qat,2017,8.0
qat,2018,8.0
qat,2019,8.0
qat,2020,9.0
qat,2021,9.0
qat,2022,9.0
qat,2023,10.0
qat,2024,9.0
kor,2000,4200.0
kor,2001,3900.0
kor,2002,4000.0
kor,2003,4000.0
kor,2004,3600.0
kor,2005,3700.0
kor,2006,3500.0
kor,2007,3000.0
kor,2008,2900.0
kor,2009,2900.0
kor,2010,3000.0
kor,2011,3000.0
kor,2012,3100.0
kor,2013,2700.0
kor,2014,2800.0
kor,2015,2700.0
kor,2016,2600.0
kor,2017,2200.0
kor,2018,2200.0
kor,2019,2000.0
kor,2020,1600.0
kor,2021,1700.0
kor,2022,1400.0
kor,2023,1500.0
kor,2024,1500.0
mda,2000,940.0
mda,2001,820.0
mda,2002,830.0
mda,2003,800.0
mda,2004,890.0
mda,2005,890.0
mda,2006,850.0
mda,2007,810.0
mda,2008,720.0
mda,2009,720.0
mda,2010,650.0
mda,2011,540.0
mda,2012,500.0
mda,2013,360.0
mda,2014,340.0
mda,2015,290.0
mda,2016,260.0
mda,2017,210.0
mda,2018,200.0
mda,2019,180.0
mda,2020,220.0
mda,2021,190.0
mda,2022,230.0
mda,2023,220.0
mda,2024,210.0
rou,2000,2300.0
rou,2001,2500.0
rou,2002,2500.0
rou,2003,2400.0
rou,2004,2200.0
rou,2005,1900.0
rou,2006,1800.0
rou,2007,1700.0
rou,2008,1900.0
rou,2009,1700.0
rou,2010,1700.0
rou,2011,1400.0
rou,2012,1400.0
rou,2013,1300.0
rou,2014,1300.0
rou,2015,1200.0
rou,2016,1100.0
rou,2017,1000.0
rou,2018,1000.0
rou,2019,980.0
rou,2020,900.0
rou,2021,920.0
rou,2022,980.0
rou,2023,1000.0
rou,2024,1000.0
rus,2000,31000.0
rus,2001,30000.0
rus,2002,32000.0
rus,2003,33000.0
rus,2004,33000.0
rus,2005,34000.0
rus,2006,30000.0
rus,2007,28000.0
rus,2008,27000.0
rus,2009,26000.0
rus,2010,24000.0
rus,2011,22000.0
rus,2012,20000.0
rus,2013,18000.0
rus,2014,17000.0
rus,2015,15000.0
rus,2016,14000.0
rus,2017,12000.0
rus,2018,11000.0
rus,2019,9500.0
rus,2020,11000.0
rus,2021,10000.0
rus,2022,7100.0
rus,2023,6500.0
rus,2024,6000.0
rwa,2000,6300.0
rwa,2001,5200.0
rwa,2002,4200.0
rwa,2003,3400.0
rwa,2004,3000.0
rwa,2005,2700.0
rwa,2006,2000.0
rwa,2007,1700.0
rwa,2008,1500.0
rwa,2009,1300.0
rwa,2010,1300.0
rwa,2011,1200.0
rwa,2012,1100.0
rwa,2013,1100.0
rwa,2014,1100.0
rwa,2015,1200.0
rwa,2016,1100.0
rwa,2017,1100.0
rwa,2018,1100.0
rwa,2019,1100.0
rwa,2020,1300.0
rwa,2021,1400.0
rwa,2022,650.0
rwa,2023,350.0
rwa,2024,480.0
kna,2000,1.0
kna,2001,1.0
kna,2002,1.0
kna,2003,1.0
kna,2004,2.0
kna,2005,2.0
kna,2006,2.0
kna,2007,1.0
kna,2008,1.0
kna,2009,1.0
kna,2010,1.0
kna,2011,1.0
kna,2012,1.0
kna,2013,1.0
kna,2014,1.0
kna,2015,1.0
kna,2016,1.0
kna,2017,1.0
kna,2018,1.0
kna,2019,1.0
kna,2020,1.0
kna,2021,1.0
kna,2022,1.0
kna,2023,1.0
kna,2024,1.0
lca,2000,1.0
lca,2001,1.0
lca,2002,2.0
lca,2003,2.0
lca,2004,6.0
lca,2005,5.0
lca,2006,3.0
lca,2007,3.0
lca,2008,2.0
lca,2009,1.0
lca,2010,1.0
lca,2011,1.0
lca,2012,1.0
lca,2013,4.0
lca,2014,2.0
lca,2015,2.0
lca,2016,1.0
lca,2017,1.0
lca,2018,2.0
lca,2019,2.0
lca,2020,2.0
lca,2021,2.0
lca,2022,1.0
lca,2023,1.0
lca,2024,1.0
vct,2000,4.0
vct,2001,2.0
vct,2002,1.0
vct,2003,6.0
vct,2004,4.0
vct,2005,1.0
vct,2006,3.0
vct,2007,4.0
vct,2008,1.0
vct,2009,2.0
vct,2010,7.0
vct,2011,6.0
vct,2012,5.0
vct,2013,1.0
vct,2014,3.0
vct,2015,1.0
vct,2016,1.0
vct,2017,1.0
vct,2018,3.0
vct,2019,2.0
vct,2020,3.0
vct,2021,2.0
vct,2022,2.0
vct,2023,1.0
vct,2024,1.0
wsm,2000,1.0
wsm,2001,1.0
wsm,2002,1.0
wsm,2003,1.0
wsm,2004,1.0
wsm,2005,1.0
wsm,2006,1.0
wsm,2007,1.0
wsm,2008,0.0
wsm,2009,0.0
wsm,2010,0.0
wsm,2011,1.0
wsm,2012,1.0
wsm,2013,1.0
wsm,2014,1.0
wsm,2015,1.0
wsm,2016,0.0
wsm,2017,1.0
wsm,2018,0.0
wsm,2019,1.0
wsm,2020,0.0
wsm,2021,0.0
wsm,2022,0.0
wsm,2023,0.0
wsm,2024,0.0
smr,2000,0.0
smr,2001,0.0
smr,2002,0.0
smr,2003,0.0
smr,2004,0.0
smr,2005,0.0
smr,2006,0.0
smr,2007,0.0
smr,2008,0.0
smr,2009,0.0
smr,2010,0.0
smr,2011,0.0
smr,2012,0.0
smr,2013,0.0
smr,2014,0.0
smr,2015,0.0
smr,2016,0.0
smr,2017,0.0
smr,2018,0.0
smr,2019,0.0
smr,2020,0.0
smr,2021,0.0
smr,2022,0.0
smr,2023,0.0
smr,2024,0.0
stp,2000,140.0
stp,2001,130.0
stp,2002,120.0
stp,2003,120.0
stp,2004,140.0
stp,2005,140.0
stp,2006,150.0
stp,2007,79.0
stp,2008,52.0
stp,2009,56.0
stp,2010,79.0
stp,2011,83.0
stp,2012,68.0
stp,2013,87.0
stp,2014,87.0
stp,2015,90.0
stp,2016,92.0
stp,2017,61.0
stp,2018,58.0
stp,2019,50.0
stp,2020,29.0
stp,2021,27.0
stp,2022,38.0
stp,2023,34.0
stp,2024,44.0
sau,2000,440.0
sau,2001,430.0
sau,2002,420.0
sau,2003,410.0
sau,2004,400.0
sau,2005,390.0
sau,2006,370.0
sau,2007,360.0
sau,2008,350.0
sau,2009,340.0
sau,2010,340.0
sau,2011,320.0
sau,2012,310.0
sau,2013,290.0
sau,2014,280.0
sau,2015,260.0
sau,2016,260.0
sau,2017,250.0
sau,2018,220.0
sau,2019,210.0
sau,2020,200.0
sau,2021,140.0
sau,2022,170.0
sau,2023,190.0
sau,2024,200.0
sen,2000,4500.0
sen,2001,4800.0
sen,2002,5200.0
sen,2003,5100.0
sen,2004,5500.0
sen,2005,5500.0
sen,2006,5600.0
sen,2007,5800.0
sen,2008,5600.0
sen,2009,5700.0
sen,2010,5900.0
sen,2011,6100.0
sen,2012,5600.0
sen,2013,5300.0
sen,2014,5300.0
sen,2015,5400.0
sen,2016,5400.0
sen,2017,5100.0
sen,2018,5000.0
sen,2019,4900.0
sen,2020,5100.0
sen,2021,4900.0
sen,2022,4500.0
sen,2023,3800.0
sen,2024,4000.0
scg,2000,220.0
scg,2001,360.0
scg,2002,330.0
scg,2003,370.0
scg,2004,290.0
srb,2005,260.0
srb,2006,210.0
srb,2007,230.0
srb,2008,180.0
srb,2009,170.0
srb,2010,170.0
srb,2011,150.0
srb,2012,150.0
srb,2013,140.0
srb,2014,110.0
srb,2015,85.0
srb,2016,96.0
srb,2017,90.0
srb,2018,81.0
srb,2019,52.0
srb,2020,52.0
srb,2021,44.0
srb,2022,55.0
srb,2023,77.0
srb,2024,27.0
syc,2000,2.0
syc,2001,2.0
syc,2002,3.0
syc,2003,0.0
syc,2004,0.0
syc,2005,2.0
syc,2006,1.0
syc,2007,1.0
syc,2008,2.0
syc,2009,3.0
syc,2010,0.0
syc,2011,1.0
syc,2012,0.0
syc,2013,2.0
syc,2014,0.0
syc,2015,1.0
syc,2016,0.0
syc,2017,2.0
syc,2018,2.0
syc,2019,1.0
syc,2020,0.0
syc,2021,0.0
syc,2022,1.0
syc,2023,1.0
syc,2024,1.0
sle,2000,13000.0
sle,2001,12000.0
sle,2002,13000.0
sle,2003,13000.0
sle,2004,13000.0
sle,2005,11000.0
sle,2006,12000.0
sle,2007,10000.0
sle,2008,9500.0
sle,2009,9300.0
sle,2010,8800.0
sle,2011,8800.0
sle,2012,8900.0
sle,2013,9500.0
sle,2014,9300.0
sle,2015,9800.0
sle,2016,8900.0
sle,2017,8000.0
sle,2018,7600.0
sle,2019,7400.0
sle,2020,8400.0
sle,2021,7600.0
sle,2022,6800.0
sle,2023,5700.0
sle,2024,5500.0
sgp,2000,230.0
sgp,2001,200.0
sgp,2002,180.0
sgp,2003,160.0
sgp,2004,140.0
sgp,2005,120.0
sgp,2006,100.0
sgp,2007,120.0
sgp,2008,120.0
sgp,2009,100.0
sgp,2010,110.0
sgp,2011,100.0
sgp,2012,85.0
sgp,2013,71.0
sgp,2014,81.0
sgp,2015,56.0
sgp,2016,56.0
sgp,2017,44.0
sgp,2018,40.0
sgp,2019,32.0
sgp,2020,28.0
sgp,2021,17.0
sgp,2022,27.0
sgp,2023,28.0
sgp,2024,26.0
sxm,2010,0.0
sxm,2011,0.0
sxm,2012,0.0
sxm,2013,0.0
sxm,2014,0.0
sxm,2015,0.0
sxm,2016,0.0
sxm,2017,0.0
sxm,2018,0.0
sxm,2019,0.0
sxm,2020,0.0
sxm,2021,0.0
sxm,2022,0.0
sxm,2023,0.0
sxm,2024,0.0
svk,2000,56.0
svk,2001,60.0
svk,2002,66.0
svk,2003,68.0
svk,2004,52.0
svk,2005,48.0
svk,2006,47.0
svk,2007,35.0
svk,2008,42.0
svk,2009,43.0
svk,2010,36.0
svk,2011,26.0
svk,2012,18.0
svk,2013,21.0
svk,2014,35.0
svk,2015,35.0
svk,2016,26.0
svk,2017,29.0
svk,2018,27.0
svk,2019,16.0
svk,2020,23.0
svk,2021,19.0
svk,2022,31.0
svk,2023,30.0
svk,2024,29.0
svn,2000,23.0
svn,2001,29.0
svn,2002,24.0
svn,2003,30.0
svn,2004,14.0
svn,2005,20.0
svn,2006,19.0
svn,2007,30.0
svn,2008,35.0
svn,2009,25.0
svn,2010,20.0
svn,2011,14.0
svn,2012,11.0
svn,2013,9.0
svn,2014,21.0
svn,2015,11.0
svn,2016,7.0
svn,2017,7.0
svn,2018,6.0
svn,2019,15.0
svn,2020,17.0
svn,2021,12.0
svn,2022,11.0
svn,2023,3.0
svn,2024,2.0
slb,2000,410.0
slb,2001,390.0
slb,2002,340.0
slb,2003,380.0
slb,2004,440.0
slb,2005,500.0
slb,2006,420.0
slb,2007,410.0
slb,2008,370.0
slb,2009,320.0
slb,2010,270.0
slb,2011,300.0
slb,2012,260.0
slb,2013,250.0
slb,2014,230.0
slb,2015,260.0
slb,2016,240.0
slb,2017,220.0
slb,2018,220.0
slb,2019,200.0
slb,2020,180.0
slb,2021,210.0
slb,2022,190.0
slb,2023,190.0
slb,2024,250.0
som,2000,12000.0
som,2001,12000.0
som,2002,12000.0
som,2003,11000.0
som,2004,10000.0
som,2005,9900.0
som,2006,10000.0
som,2007,9900.0
som,2008,8400.0
som,2009,8000.0
som,2010,7700.0
som,2011,6300.0
som,2012,5700.0
som,2013,5300.0
som,2014,5700.0
som,2015,5600.0
som,2016,5800.0
som,2017,5100.0
som,2018,5300.0
som,2019,5400.0
som,2020,5400.0
som,2021,5500.0
som,2022,5100.0
som,2023,5000.0
som,2024,5100.0
zaf,2000,149000.0
zaf,2001,179000.0
zaf,2002,172000.0
zaf,2003,193000.0
zaf,2004,196000.0
zaf,2005,218000.0
zaf,2006,213000.0
zaf,2007,213000.0
zaf,2008,200000.0
zaf,2009,192000.0
zaf,2010,116000.0
zaf,2011,113000.0
zaf,2012,86000.0
zaf,2013,75000.0
zaf,2014,69000.0
zaf,2015,66000.0
zaf,2016,64000.0
zaf,2017,61000.0
zaf,2018,60000.0
zaf,2019,59000.0
zaf,2020,58000.0
zaf,2021,57000.0
zaf,2022,56000.0
zaf,2023,56000.0
zaf,2024,54000.0
ssd,2011,17000.0
ssd,2012,19000.0
ssd,2013,19000.0
ssd,2014,17000.0
ssd,2015,16000.0
ssd,2016,15000.0
ssd,2017,13000.0
ssd,2018,11000.0
ssd,2019,10000.0
ssd,2020,11000.0
ssd,2021,9900.0
ssd,2022,8700.0
ssd,2023,7200.0
ssd,2024,6100.0
esp,2000,1500.0
esp,2001,1200.0
esp,2002,1200.0
esp,2003,1300.0
esp,2004,850.0
esp,2005,870.0
esp,2006,740.0
esp,2007,680.0
esp,2008,600.0
esp,2009,620.0
esp,2010,610.0
esp,2011,470.0
esp,2012,470.0
esp,2013,390.0
esp,2014,370.0
esp,2015,310.0
esp,2016,320.0
esp,2017,310.0
esp,2018,320.0
esp,2019,280.0
esp,2020,250.0
esp,2021,230.0
esp,2022,210.0
esp,2023,270.0
esp,2024,250.0
lka,2000,1600.0
lka,2001,1600.0
lka,2002,1500.0
lka,2003,1500.0
lka,2004,1900.0
lka,2005,1100.0
lka,2006,1100.0
lka,2007,1100.0
lka,2008,1100.0
lka,2009,1200.0
lka,2010,1000.0
lka,2011,980.0
lka,2012,830.0
lka,2013,830.0
lka,2014,740.0
lka,2015,830.0
lka,2016,770.0
lka,2017,780.0
lka,2018,790.0
lka,2019,760.0
lka,2020,810.0
lka,2021,830.0
lka,2022,820.0
lka,2023,820.0
lka,2024,840.0
sdn,2000,12000.0
sdn,2001,12000.0
sdn,2002,12000.0
sdn,2003,12000.0
sdn,2004,13000.0
sdn,2005,13000.0
sdn,2006,15000.0
sdn,2007,15000.0
sdn,2008,12000.0
sdn,2009,13000.0
sdn,2010,13000.0
sdn,2011,8700.0
sdn,2012,9000.0
sdn,2013,8700.0
sdn,2014,8000.0
sdn,2015,7600.0
sdn,2016,6200.0
sdn,2017,5600.0
sdn,2018,5200.0
sdn,2019,4700.0
sdn,2020,5700.0
sdn,2021,4800.0
sdn,2022,3800.0
sdn,2023,5600.0
sdn,2024,4500.0
sur,2000,32.0
sur,2001,28.0
sur,2002,25.0
sur,2003,37.0
sur,2004,28.0
sur,2005,26.0
sur,2006,26.0
sur,2007,27.0
sur,2008,35.0
sur,2009,48.0
sur,2010,55.0
sur,2011,36.0
sur,2012,34.0
sur,2013,21.0
sur,2014,31.0
sur,2015,32.0
sur,2016,24.0
sur,2017,23.0
sur,2018,24.0
sur,2019,28.0
sur,2020,25.0
sur,2021,27.0
sur,2022,20.0
sur,2023,18.0
sur,2024,24.0
swe,2000,78.0
swe,2001,94.0
swe,2002,100.0
swe,2003,64.0
swe,2004,55.0
swe,2005,65.0
swe,2006,70.0
swe,2007,66.0
swe,2008,67.0
swe,2009,65.0
swe,2010,39.0
swe,2011,50.0
swe,2012,43.0
swe,2013,46.0
swe,2014,33.0
swe,2015,29.0
swe,2016,29.0
swe,2017,25.0
swe,2018,24.0
swe,2019,21.0
swe,2020,15.0
swe,2021,23.0
swe,2022,21.0
swe,2023,21.0
swe,2024,21.0
che,2000,86.0
che,2001,73.0
che,2002,66.0
che,2003,54.0
che,2004,50.0
che,2005,46.0
che,2006,46.0
che,2007,37.0
che,2008,42.0
che,2009,36.0
che,2010,36.0
che,2011,33.0
che,2012,29.0
che,2013,26.0
che,2014,17.0
che,2015,23.0
che,2016,31.0
che,2017,22.0
che,2018,30.0
che,2019,12.0
che,2020,17.0
che,2021,19.0
che,2022,16.0
che,2023,15.0
che,2024,15.0
syr,2000,84.0
syr,2001,90.0
syr,2002,79.0
syr,2003,71.0
syr,2004,54.0
syr,2005,69.0
syr,2006,67.0
syr,2007,52.0
syr,2008,58.0
syr,2009,58.0
syr,2010,32.0
syr,2011,33.0
syr,2012,32.0
syr,2013,31.0
syr,2014,29.0
syr,2015,28.0
syr,2016,28.0
syr,2017,27.0
syr,2018,28.0
syr,2019,29.0
syr,2020,30.0
syr,2021,31.0
syr,2022,32.0
syr,2023,33.0
syr,2024,34.0
tjk,2000,920.0
tjk,2001,950.0
tjk,2002,970.0
tjk,2003,950.0
tjk,2004,930.0
tjk,2005,970.0
tjk,2006,960.0
tjk,2007,960.0
tjk,2008,950.0
tjk,2009,930.0
tjk,2010,940.0
tjk,2011,910.0
tjk,2012,870.0
tjk,2013,900.0
tjk,2014,910.0
tjk,2015,870.0
tjk,2016,880.0
tjk,2017,870.0
tjk,2018,860.0
tjk,2019,810.0
tjk,2020,830.0
tjk,2021,890.0
tjk,2022,900.0
tjk,2023,860.0
tjk,2024,830.0
tha,2000,47000.0
tha,2001,40000.0
tha,2002,37000.0
tha,2003,33000.0
tha,2004,30000.0
tha,2005,28000.0
tha,2006,22000.0
tha,2007,21000.0
tha,2008,21000.0
tha,2009,19000.0
tha,2010,17000.0
tha,2011,16000.0
tha,2012,17000.0
tha,2013,17000.0
tha,2014,16000.0
tha,2015,16000.0
tha,2016,14000.0
tha,2017,13000.0
tha,2018,12000.0
tha,2019,12000.0
tha,2020,11000.0
tha,2021,12000.0
tha,2022,13000.0
tha,2023,12000.0
tha,2024,11000.0
tls,2002,3200.0
tls,2003,3000.0
tls,2004,2600.0
tls,2005,2400.0
tls,2006,2300.0
tls,2007,2300.0
tls,2008,2200.0
tls,2009,1400.0
tls,2010,1300.0
tls,2011,1200.0
tls,2012,1300.0
tls,2013,1100.0
tls,2014,990.0
tls,2015,940.0
tls,2016,700.0
tls,2017,680.0
tls,2018,550.0
tls,2019,470.0
tls,2020,890.0
tls,2021,1000.0
tls,2022,390.0
tls,2023,300.0
tls,2024,1100.0
tgo,2000,800.0
tgo,2001,1100.0
tgo,2002,1300.0
tgo,2003,1400.0
tgo,2004,1500.0
tgo,2005,1500.0
tgo,2006,1600.0
tgo,2007,1900.0
tgo,2008,1700.0
tgo,2009,1600.0
tgo,2010,1700.0
tgo,2011,1600.0
tgo,2012,1400.0
tgo,2013,1400.0
tgo,2014,1300.0
tgo,2015,1200.0
tgo,2016,1000.0
tgo,2017,1000.0
tgo,2018,990.0
tgo,2019,870.0
tgo,2020,980.0
tgo,2021,910.0
tgo,2022,670.0
tgo,2023,730.0
tgo,2024,780.0
tkl,2000,0.0
tkl,2001,0.0
tkl,2002,0.0
tkl,2003,0.0
tkl,2004,0.0
tkl,2005,0.0
tkl,2006,0.0
tkl,2007,0.0
tkl,2008,0.0
tkl,2009,0.0
tkl,2010,0.0
tkl,2011,0.0
tkl,2012,0.0
tkl,2013,0.0
tkl,2014,0.0
tkl,2015,0.0
tkl,2016,0.0
tkl,2017,0.0
tkl,2018,0.0
tkl,2019,0.0
tkl,2020,0.0
tkl,2021,0.0
tkl,2022,0.0
tkl,2023,0.0
tkl,2024,0.0
ton,2000,1.0
ton,2001,0.0
ton,2002,1.0
ton,2003,0.0
ton,2004,0.0
ton,2005,1.0
ton,2006,1.0
ton,2007,1.0
ton,2008,0.0
ton,2009,0.0
ton,2010,0.0
ton,2011,0.0
ton,2012,0.0
ton,2013,0.0
ton,2014,0.0
ton,2015,0.0
ton,2016,0.0
ton,2017,0.0
ton,2018,0.0
ton,2019,0.0
ton,2020,0.0
ton,2021,0.0
ton,2022,0.0
ton,2023,0.0
ton,2024,0.0
tto,2000,120.0
tto,2001,97.0
tto,2002,66.0
tto,2003,62.0
tto,2004,61.0
tto,2005,51.0
tto,2006,46.0
tto,2007,51.0
tto,2008,50.0
tto,2009,58.0
tto,2010,41.0
tto,2011,47.0
tto,2012,45.0
tto,2013,41.0
tto,2014,42.0
tto,2015,32.0
tto,2016,36.0
tto,2017,29.0
tto,2018,34.0
tto,2019,34.0
tto,2020,34.0
tto,2021,28.0
tto,2022,33.0
tto,2023,42.0
tto,2024,42.0
tun,2000,180.0
tun,2001,170.0
tun,2002,170.0
tun,2003,180.0
tun,2004,180.0
tun,2005,180.0
tun,2006,180.0
tun,2007,180.0
tun,2008,180.0
tun,2009,180.0
tun,2010,180.0
tun,2011,180.0
tun,2012,180.0
tun,2013,180.0
tun,2014,170.0
tun,2015,160.0
tun,2016,170.0
tun,2017,150.0
tun,2018,160.0
tun,2019,150.0
tun,2020,150.0
tun,2021,150.0
tun,2022,150.0
tun,2023,150.0
tun,2024,150.0
tur,2000,1700.0
tur,2001,1400.0
tur,2002,1200.0
tur,2003,960.0
tur,2004,570.0
tur,2005,870.0
tur,2006,630.0
tur,2007,670.0
tur,2008,760.0
tur,2009,1000.0
tur,2010,880.0
tur,2011,850.0
tur,2012,740.0
tur,2013,620.0
tur,2014,600.0
tur,2015,580.0
tur,2016,580.0
tur,2017,510.0
tur,2018,480.0
tur,2019,460.0
tur,2020,400.0
tur,2021,360.0
tur,2022,420.0
tur,2023,400.0
tur,2024,400.0
tkm,2000,1300.0
tkm,2001,1300.0
tkm,2002,980.0
tkm,2003,1100.0
tkm,2004,1100.0
tkm,2005,1200.0
tkm,2006,1100.0
tkm,2007,1100.0
tkm,2008,1100.0
tkm,2009,1000.0
tkm,2010,1100.0
tkm,2011,950.0
tkm,2012,870.0
tkm,2013,830.0
tkm,2014,880.0
tkm,2015,790.0
tkm,2016,840.0
tkm,2017,830.0
tkm,2018,860.0
tkm,2019,870.0
tkm,2020,860.0
tkm,2021,860.0
tkm,2022,930.0
tkm,2023,920.0
tkm,2024,930.0
tca,2000,0.0
tca,2001,0.0
tca,2002,0.0
tca,2003,0.0
tca,2004,0.0
tca,2005,0.0
tca,2006,0.0
tca,2007,0.0
tca,2008,0.0
tca,2009,0.0
tca,2010,0.0
tca,2011,0.0
tca,2012,0.0
tca,2013,0.0
tca,2014,0.0
tca,2015,0.0
tca,2016,0.0
tca,2017,0.0
tca,2018,0.0
tca,2019,0.0
tca,2020,0.0
tca,2021,0.0
tca,2022,0.0
tca,2023,0.0
tca,2024,0.0
tuv,2000,0.0
tuv,2001,0.0
tuv,2002,0.0
tuv,2003,1.0
tuv,2004,1.0
tuv,2005,0.0
tuv,2006,0.0
tuv,2007,1.0
tuv,2008,1.0
tuv,2009,1.0
tuv,2010,0.0
tuv,2011,0.0
tuv,2012,1.0
tuv,2013,1.0
tuv,2014,0.0
tuv,2015,1.0
tuv,2016,1.0
tuv,2017,1.0
tuv,2018,1.0
tuv,2019,1.0
tuv,2020,1.0
tuv,2021,1.0
tuv,2022,1.0
tuv,2023,0.0
tuv,2024,1.0
uga,2000,27000.0
uga,2001,21000.0
uga,2002,18000.0
uga,2003,16000.0
uga,2004,16000.0
uga,2005,17000.0
uga,2006,17000.0
uga,2007,18000.0
uga,2008,18000.0
uga,2009,19000.0
uga,2010,18000.0
uga,2011,17000.0
uga,2012,18000.0
uga,2013,18000.0
uga,2014,20000.0
uga,2015,22000.0
uga,2016,23000.0
uga,2017,23000.0
uga,2018,19000.0
uga,2019,15000.0
uga,2020,18000.0
uga,2021,13000.0
uga,2022,4700.0
uga,2023,9900.0
uga,2024,9700.0
ukr,2000,19000.0
ukr,2001,18000.0
ukr,2002,17000.0
ukr,2003,14000.0
ukr,2004,16000.0
ukr,2005,18000.0
ukr,2006,17000.0
ukr,2007,14000.0
ukr,2008,14000.0
ukr,2009,12000.0
ukr,2010,12000.0
ukr,2011,10000.0
ukr,2012,9400.0
ukr,2013,10000.0
ukr,2014,9400.0
ukr,2015,8900.0
ukr,2016,7700.0
ukr,2017,7000.0
ukr,2018,6500.0
ukr,2019,5900.0
ukr,2020,5100.0
ukr,2021,5200.0
ukr,2022,5000.0
ukr,2023,4400.0
ukr,2024,4200.0
are,2000,29.0
are,2001,28.0
are,2002,29.0
are,2003,31.0
are,2004,31.0
are,2005,32.0
are,2006,56.0
are,2007,42.0
are,2008,53.0
are,2009,50.0
are,2010,51.0
are,2011,51.0
are,2012,54.0
are,2013,54.0
are,2014,57.0
are,2015,59.0
are,2016,63.0
are,2017,65.0
are,2018,64.0
are,2019,63.0
are,2020,65.0
are,2021,66.0
are,2022,69.0
are,2023,73.0
are,2024,75.0
gbr,2000,640.0
gbr,2001,620.0
gbr,2002,630.0
gbr,2003,630.0
gbr,2004,560.0
gbr,2005,560.0
gbr,2006,570.0
gbr,2007,460.0
gbr,2008,510.0
gbr,2009,470.0
gbr,2010,430.0
gbr,2011,390.0
gbr,2012,390.0
gbr,2013,400.0
gbr,2014,400.0
gbr,2015,380.0
gbr,2016,340.0
gbr,2017,290.0
gbr,2018,290.0
gbr,2019,260.0
gbr,2020,260.0
gbr,2021,240.0
gbr,2022,270.0
gbr,2023,270.0
gbr,2024,260.0
tza,2000,82000.0
tza,2001,79000.0
tza,2002,80000.0
tza,2003,80000.0
tza,2004,83000.0
tza,2005,86000.0
tza,2006,89000.0
tza,2007,89000.0
tza,2008,87000.0
tza,2009,84000.0
tza,2010,76000.0
tza,2011,74000.0
tza,2012,69000.0
tza,2013,59000.0
tza,2014,60000.0
tza,2015,57000.0
tza,2016,52000.0
tza,2017,47000.0
tza,2018,40000.0
tza,2019,33000.0
tza,2020,29000.0
tza,2021,25000.0
tza,2022,17000.0
tza,2023,18000.0
tza,2024,23000.0
usa,2000,2300.0
usa,2001,2100.0
usa,2002,1900.0
usa,2003,1700.0
usa,2004,1500.0
usa,2005,1300.0
usa,2006,1200.0
usa,2007,1000.0
usa,2008,1000.0
usa,2009,890.0
usa,2010,870.0
usa,2011,790.0
usa,2012,730.0
usa,2013,740.0
usa,2014,650.0
usa,2015,630.0
usa,2016,670.0
usa,2017,640.0
usa,2018,670.0
usa,2019,650.0
usa,2020,700.0
usa,2021,700.0
usa,2022,710.0
usa,2023,640.0
usa,2024,650.0
ury,2000,140.0
ury,2001,130.0
ury,2002,99.0
ury,2003,120.0
ury,2004,150.0
ury,2005,100.0
ury,2006,80.0
ury,2007,120.0
ury,2008,89.0
ury,2009,110.0
ury,2010,88.0
ury,2011,85.0
ury,2012,88.0
ury,2013,100.0
ury,2014,120.0
ury,2015,130.0
ury,2016,110.0
ury,2017,110.0
ury,2018,110.0
ury,2019,120.0
ury,2020,120.0
ury,2021,120.0
ury,2022,120.0
ury,2023,230.0
ury,2024,220.0
uzb,2000,5900.0
uzb,2001,6100.0
uzb,2002,6200.0
uzb,2003,6000.0
uzb,2004,5300.0
uzb,2005,5100.0
uzb,2006,3700.0
uzb,2007,3600.0
uzb,2008,3400.0
uzb,2009,4200.0
uzb,2010,3800.0
uzb,2011,3600.0
uzb,2012,3300.0
uzb,2013,2900.0
uzb,2014,2900.0
uzb,2015,2900.0
uzb,2016,2500.0
uzb,2017,2200.0
uzb,2018,1700.0
uzb,2019,1400.0
uzb,2020,1200.0
uzb,2021,760.0
uzb,2022,700.0
uzb,2023,750.0
uzb,2024,740.0
vut,2000,270.0
vut,2001,220.0
vut,2002,220.0
vut,2003,190.0
vut,2004,160.0
vut,2005,160.0
vut,2006,110.0
vut,2007,100.0
vut,2008,110.0
vut,2009,93.0
vut,2010,97.0
vut,2011,96.0
vut,2012,83.0
vut,2013,77.0
vut,2014,75.0
vut,2015,55.0
vut,2016,65.0
vut,2017,44.0
vut,2018,39.0
vut,2019,33.0
vut,2020,33.0
vut,2021,36.0
vut,2022,29.0
vut,2023,22.0
vut,2024,27.0
ven,2000,2300.0
ven,2001,2200.0
ven,2002,2000.0
ven,2003,1900.0
ven,2004,1800.0
ven,2005,1500.0
ven,2006,1300.0
ven,2007,1200.0
ven,2008,1100.0
ven,2009,940.0
ven,2010,990.0
ven,2011,950.0
ven,2012,970.0
ven,2013,990.0
ven,2014,960.0
ven,2015,960.0
ven,2016,1300.0
ven,2017,1000.0
ven,2018,1000.0
ven,2019,990.0
ven,2020,980.0
ven,2021,1000.0
ven,2022,940.0
ven,2023,900.0
ven,2024,920.0
vnm,2000,36000.0
vnm,2001,34000.0
vnm,2002,31000.0
vnm,2003,31000.0
vnm,2004,28000.0
vnm,2005,29000.0
vnm,2006,28000.0
vnm,2007,25000.0
vnm,2008,23000.0
vnm,2009,26000.0
vnm,2010,25000.0
vnm,2011,23000.0
vnm,2012,21000.0
vnm,2013,20000.0
vnm,2014,19000.0
vnm,2015,17000.0
vnm,2016,15000.0
vnm,2017,14000.0
vnm,2018,13000.0
vnm,2019,12000.0
vnm,2020,12000.0
vnm,2021,12000.0
vnm,2022,14000.0
vnm,2023,13000.0
vnm,2024,12000.0
wlf,2000,0.0
wlf,2001,0.0
wlf,2002,1.0
wlf,2003,1.0
wlf,2004,0.0
wlf,2005,0.0
wlf,2006,0.0
wlf,2007,0.0
wlf,2008,0.0
wlf,2009,0.0
wlf,2010,0.0
wlf,2011,0.0
wlf,2012,0.0
wlf,2013,0.0
wlf,2014,0.0
wlf,2015,0.0
wlf,2016,0.0
wlf,2017,0.0
wlf,2018,0.0
wlf,2019,0.0
wlf,2020,0.0
wlf,2021,0.0
wlf,2022,0.0
wlf,2023,0.0
wlf,2024,0.0
yem,2000,3700.0
yem,2001,3700.0
yem,2002,3900.0
yem,2003,4000.0
yem,2004,3800.0
yem,2005,3700.0
yem,2006,3500.0
yem,2007,3100.0
yem,2008,2700.0
yem,2009,2200.0
yem,2010,1900.0
yem,2011,1900.0
yem,2012,1300.0
yem,2013,1200.0
yem,2014,1700.0
yem,2015,2800.0
yem,2016,2200.0
yem,2017,2200.0
yem,2018,2400.0
yem,2019,2300.0
yem,2020,3900.0
yem,2021,3900.0
yem,2022,3700.0
yem,2023,3700.0
yem,2024,2200.0
zmb,2000,24000.0
zmb,2001,25000.0
zmb,2002,18000.0
zmb,2003,15000.0
zmb,2004,16000.0
zmb,2005,18000.0
zmb,2006,19000.0
zmb,2007,20000.0
zmb,2008,20000.0
zmb,2009,19000.0
zmb,2010,19000.0
zmb,2011,19000.0
zmb,2012,20000.0
zmb,2013,20000.0
zmb,2014,19000.0
zmb,2015,20000.0
zmb,2016,18000.0
zmb,2017,19000.0
zmb,2018,19000.0
zmb,2019,17000.0
zmb,2020,14000.0
zmb,2021,8000.0
zmb,2022,5500.0
zmb,2023,5000.0
zmb,2024,8200.0
zwe,2000,19000.0
zwe,2001,17000.0
zwe,2002,15000.0
zwe,2003,17000.0
zwe,2004,17000.0
zwe,2005,20000.0
zwe,2006,22000.0
zwe,2007,22000.0
zwe,2008,21000.0
zwe,2009,15000.0
zwe,2010,11000.0
zwe,2011,12000.0
zwe,2012,12000.0
zwe,2013,8800.0
zwe,2014,8500.0
zwe,2015,7100.0
zwe,2016,6500.0
zwe,2017,6100.0
zwe,2018,5600.0
zwe,2019,7200.0
zwe,2020,7600.0
zwe,2021,8600.0
zwe,2022,9200.0
zwe,2023,8900.0
zwe,2024,8200.0
