country,year,e_hh_contacts_lo
afg,2015,110000.0
afg,2016,130000.0
afg,2017,130000.0
afg,2018,140000.0
afg,2019,160000.0
afg,2020,150000.0
afg,2021,160000.0
afg,2022,170000.0
afg,2023,160000.0
afg,2024,180000.0
alb,2015,430.0
alb,2016,430.0
alb,2017,430.0
alb,2018,430.0
alb,2019,460.0
alb,2020,300.0
alb,2021,360.0
alb,2022,390.0
alb,2023,360.0
alb,2024,310.0
dza,2015,26000.0
dza,2016,26000.0
dza,2017,23000.0
dza,2018,23000.0
dza,2019,20000.0
dza,2020,15000.0
dza,2021,17000.0
dza,2022,18000.0
dza,2023,17000.0
dza,2024,17000.0
ago,2015,99000.0
ago,2016,100000.0
ago,2017,94000.0
ago,2018,120000.0
ago,2019,130000.0
ago,2020,120000.0
ago,2021,120000.0
ago,2022,120000.0
ago,2023,110000.0
ago,2024,150000.0
arg,2015,10000.0
arg,2016,11000.0
arg,2017,10000.0
arg,2018,11000.0
arg,2019,13000.0
arg,2020,11000.0
arg,2021,15000.0
arg,2022,15000.0
arg,2023,17000.0
arg,2024,18000.0
arm,2015,1000.0
arm,2016,1000.0
arm,2017,840.0
arm,2018,670.0
arm,2019,620.0
arm,2020,490.0
arm,2021,520.0
arm,2022,570.0
arm,2023,450.0
arm,2024,490.0
abw,2015,10.0
abw,2016,12.0
abw,2017,3.4
abw,2018,8.4
abw,2019,1.7
abw,2020,1.7
abw,2021,10.0
abw,2022,6.7
abw,2023,5.0
abw,2024,13.0
aus,2015,950.0
aus,2016,1100.0
aus,2017,1100.0
aus,2018,1100.0
aus,2019,1100.0
aus,2020,1100.0
aus,2021,1000.0
aus,2022,980.0
aus,2023,1100.0
aus,2024,1200.0
aut,2015,420.0
aut,2016,440.0
aut,2017,420.0
aut,2018,350.0
aut,2019,330.0
aut,2020,290.0
aut,2021,290.0
aut,2022,310.0
aut,2023,340.0
aut,2024,310.0
aze,2015,8400.0
aze,2016,8100.0
aze,2017,10000.0
aze,2018,9700.0
aze,2019,9400.0
aze,2020,7400.0
aze,2021,7900.0
aze,2022,8600.0
aze,2023,8800.0
aze,2024,8600.0
bhs,2015,64.0
bhs,2016,99.0
bhs,2017,34.0
bhs,2018,39.0
bhs,2019,49.0
bhs,2020,45.0
bhs,2021,26.0
bhs,2022,37.0
bhs,2023,13.0
bhs,2024,41.0
bhr,2016,370.0
bhr,2017,340.0
bhr,2018,340.0
bhr,2019,430.0
bhr,2020,440.0
bhr,2021,510.0
bhr,2022,440.0
bhr,2023,430.0
bhr,2024,370.0
bgd,2015,340000.0
bgd,2016,380000.0
bgd,2017,430000.0
bgd,2018,460000.0
bgd,2019,500000.0
bgd,2020,420000.0
bgd,2021,580000.0
bgd,2022,430000.0
bgd,2023,510000.0
bgd,2024,550000.0
brb,2015,0.0
brb,2016,4.9
brb,2017,0.0
brb,2018,1.6
brb,2019,0.0
brb,2020,4.9
brb,2021,1.6
brb,2022,8.2
brb,2023,3.3
blr,2015,2700.0
blr,2016,2400.0
blr,2017,2200.0
blr,2018,2000.0
blr,2019,1900.0
blr,2020,1300.0
blr,2021,1300.0
blr,2022,1500.0
blr,2023,1400.0
blr,2024,1100.0
bel,2015,640.0
bel,2016,660.0
bel,2017,650.0
bel,2018,630.0
bel,2019,650.0
bel,2020,550.0
bel,2021,590.0
bel,2022,560.0
bel,2023,170.0
bel,2024,330.0
blz,2015,100.0
blz,2016,160.0
blz,2017,180.0
blz,2018,140.0
blz,2019,170.0
blz,2020,170.0
blz,2021,150.0
blz,2022,160.0
blz,2023,180.0
blz,2024,160.0
ben,2015,13000.0
ben,2016,12000.0
ben,2017,11000.0
ben,2018,13000.0
ben,2019,13000.0
ben,2020,12000.0
ben,2021,12000.0
ben,2022,13000.0
ben,2023,14000.0
ben,2024,13000.0
bmu,2015,0.0
bmu,2016,2.2
bmu,2017,1.1
bmu,2018,2.2
bmu,2019,1.1
bmu,2020,3.3
bmu,2021,2.2
bmu,2022,0.0
bmu,2023,2.2
bmu,2024,2.2
btn,2015,1400.0
btn,2016,1400.0
btn,2017,1400.0
btn,2018,1400.0
btn,2019,1700.0
btn,2020,1600.0
btn,2021,1500.0
btn,2022,1400.0
btn,2023,1600.0
btn,2024,1700.0
bol,2015,13000.0
bol,2016,13000.0
bol,2017,12000.0
bol,2018,13000.0
bol,2019,13000.0
bol,2020,10000.0
bol,2021,12000.0
bol,2022,14000.0
bol,2023,17000.0
bol,2024,17000.0
bih,2015,1500.0
bih,2016,1300.0
bih,2017,1100.0
bih,2018,1000.0
bih,2019,800.0
bih,2020,540.0
bih,2021,640.0
bih,2022,830.0
bih,2023,860.0
bih,2024,910.0
bwa,2015,4700.0
bwa,2016,5200.0
bwa,2017,4700.0
bwa,2018,2300.0
bwa,2019,1300.0
bwa,2020,2200.0
bwa,2021,3000.0
bwa,2022,2600.0
bwa,2023,3300.0
bwa,2024,2600.0
bra,2015,100000.0
bra,2016,100000.0
bra,2017,110000.0
bra,2018,110000.0
bra,2019,110000.0
bra,2020,100000.0
bra,2021,110000.0
bra,2022,120000.0
bra,2023,130000.0
bra,2024,120000.0
brn,2015,740.0
brn,2016,780.0
brn,2017,780.0
brn,2018,880.0
brn,2019,910.0
brn,2020,1100.0
brn,2021,770.0
brn,2022,710.0
brn,2023,720.0
brn,2024,600.0
bgr,2015,910.0
bgr,2016,880.0
bgr,2017,810.0
bgr,2018,710.0
bgr,2019,740.0
bgr,2020,510.0
bgr,2021,420.0
bgr,2022,440.0
bgr,2023,490.0
bgr,2024,540.0
bfa,2015,18000.0
bfa,2016,17000.0
bfa,2017,17000.0
bfa,2018,19000.0
bfa,2019,15000.0
bfa,2020,17000.0
bfa,2021,21000.0
bfa,2022,22000.0
bfa,2023,27000.0
bfa,2024,29000.0
bdi,2015,15000.0
bdi,2016,16000.0
bdi,2017,16000.0
bdi,2018,15000.0
bdi,2019,15000.0
bdi,2020,16000.0
bdi,2021,15000.0
bdi,2022,16000.0
bdi,2023,18000.0
bdi,2024,18000.0
cpv,2015,570.0
cpv,2016,550.0
cpv,2017,510.0
cpv,2018,440.0
cpv,2019,450.0
cpv,2020,460.0
cpv,2021,440.0
cpv,2022,310.0
cpv,2023,450.0
cpv,2024,390.0
khm,2015,35000.0
khm,2016,37000.0
khm,2017,39000.0
khm,2018,32000.0
khm,2019,34000.0
khm,2020,34000.0
khm,2021,25000.0
khm,2022,42000.0
khm,2023,43000.0
khm,2024,50000.0
cmr,2015,59000.0
cmr,2016,57000.0
cmr,2017,53000.0
cmr,2018,52000.0
cmr,2019,56000.0
cmr,2020,53000.0
cmr,2021,55000.0
cmr,2022,63000.0
cmr,2023,63000.0
cmr,2024,69000.0
can,2015,1200.0
can,2016,1400.0
can,2017,1500.0
can,2018,1400.0
can,2019,1400.0
can,2020,1200.0
can,2021,1000.0
can,2022,990.0
can,2023,1800.0
can,2024,1700.0
caf,2015,22000.0
caf,2016,23000.0
caf,2017,21000.0
caf,2018,23000.0
caf,2019,28000.0
caf,2020,28000.0
caf,2021,30000.0
caf,2022,32000.0
caf,2023,34000.0
caf,2024,37000.0
tcd,2015,24000.0
tcd,2016,21000.0
tcd,2017,23000.0
tcd,2018,25000.0
tcd,2019,30000.0
tcd,2020,33000.0
tcd,2021,36000.0
tcd,2022,40000.0
tcd,2023,49000.0
tcd,2024,56000.0
chl,2015,3200.0
chl,2016,3300.0
chl,2017,3700.0
chl,2018,3900.0
chl,2019,4000.0
chl,2020,3200.0
chl,2021,3600.0
chl,2022,4000.0
chl,2023,4400.0
chl,2024,4400.0
chn,2015,510000.0
chn,2016,490000.0
chn,2017,500000.0
chn,2018,590000.0
chn,2019,690000.0
chn,2020,700000.0
chn,2021,690000.0
chn,2022,630000.0
chn,2023,760000.0
chn,2024,770000.0
hkg,2015,3400.0
hkg,2016,3700.0
hkg,2017,4000.0
hkg,2018,4900.0
hkg,2019,4300.0
hkg,2020,3900.0
hkg,2021,4000.0
hkg,2022,3500.0
hkg,2023,3600.0
hkg,2024,3500.0
mac,2015,490.0
mac,2016,450.0
mac,2017,510.0
mac,2018,440.0
mac,2019,490.0
mac,2020,460.0
mac,2021,450.0
mac,2022,410.0
mac,2023,460.0
mac,2024,420.0
col,2015,18000.0
col,2016,19000.0
col,2017,20000.0
col,2018,20000.0
col,2019,22000.0
col,2020,16000.0
col,2021,19000.0
col,2022,26000.0
col,2023,34000.0
col,2024,37000.0
com,2016,290.0
com,2017,210.0
com,2018,200.0
com,2019,200.0
com,2020,210.0
com,2021,270.0
com,2022,200.0
com,2023,210.0
com,2024,210.0
cog,2015,11000.0
cog,2016,10000.0
cog,2017,12000.0
cog,2018,12000.0
cog,2019,13000.0
cog,2020,12000.0
cog,2021,14000.0
cog,2022,18000.0
cog,2023,22000.0
cog,2024,22000.0
cri,2015,530.0
cri,2016,600.0
cri,2017,620.0
cri,2018,670.0
cri,2019,650.0
cri,2020,540.0
cri,2021,590.0
cri,2022,630.0
cri,2023,780.0
cri,2024,730.0
civ,2015,48000.0
civ,2016,46000.0
civ,2017,46000.0
civ,2018,46000.0
civ,2019,49000.0
civ,2020,44000.0
civ,2021,50000.0
civ,2022,54000.0
civ,2023,55000.0
civ,2024,55000.0
hrv,2015,610.0
hrv,2016,380.0
hrv,2017,460.0
hrv,2018,480.0
hrv,2019,390.0
hrv,2020,220.0
hrv,2021,210.0
hrv,2022,260.0
hrv,2023,350.0
hrv,2024,360.0
cub,2015,780.0
cub,2016,740.0
cub,2017,780.0
cub,2018,790.0
cub,2019,800.0
cub,2020,630.0
cub,2021,540.0
cub,2022,790.0
cub,2023,850.0
cub,2024,1300.0
cyp,2015,67.0
cyp,2016,58.0
cyp,2017,61.0
cyp,2018,54.0
cyp,2019,78.0
cyp,2020,39.0
cyp,2021,56.0
cyp,2022,120.0
cyp,2023,86.0
cyp,2024,59.0
cze,2015,440.0
cze,2016,430.0
cze,2017,430.0
cze,2018,400.0
cze,2019,430.0
cze,2020,310.0
cze,2021,330.0
cze,2022,360.0
cze,2023,420.0
cze,2024,440.0
prk,2015,120000.0
prk,2016,120000.0
prk,2017,110000.0
prk,2018,95000.0
prk,2019,100000.0
prk,2020,80000.0
prk,2021,88000.0
prk,2022,78000.0
prk,2023,63000.0
prk,2024,57000.0
cod,2015,310000.0
cod,2016,330000.0
cod,2017,370000.0
cod,2018,410000.0
cod,2019,430000.0
cod,2020,480000.0
cod,2021,500000.0
cod,2022,550000.0
cod,2023,560000.0
cod,2024,640000.0
dnk,2015,200.0
dnk,2016,180.0
dnk,2017,150.0
dnk,2018,160.0
dnk,2019,170.0
dnk,2020,130.0
dnk,2021,110.0
dnk,2022,130.0
dnk,2023,100.0
dnk,2024,96.0
dji,2015,5300.0
dji,2016,5400.0
dji,2017,4800.0
dji,2018,4700.0
dji,2019,4300.0
dji,2020,3400.0
dji,2021,3900.0
dji,2022,4800.0
dji,2024,5100.0
dom,2015,5100.0
dom,2016,4300.0
dom,2017,3900.0
dom,2018,3900.0
dom,2019,4100.0
dom,2020,3200.0
dom,2021,4200.0
dom,2022,5200.0
dom,2023,5200.0
dom,2024,5400.0
ecu,2015,9800.0
ecu,2016,9900.0
ecu,2017,11000.0
ecu,2018,11000.0
ecu,2019,12000.0
ecu,2020,9600.0
ecu,2021,11000.0
ecu,2022,13000.0
ecu,2023,15000.0
ecu,2024,18000.0
egy,2015,11000.0
egy,2016,11000.0
egy,2017,10000.0
egy,2018,12000.0
egy,2019,11000.0
egy,2020,9900.0
egy,2021,9900.0
egy,2022,10000.0
egy,2023,13000.0
egy,2024,16000.0
slv,2015,5000.0
slv,2016,6200.0
slv,2017,8000.0
slv,2018,7600.0
slv,2019,6100.0
slv,2020,4100.0
slv,2021,3600.0
slv,2022,4900.0
slv,2023,8700.0
slv,2024,12000.0
gnq,2015,3300.0
gnq,2016,3300.0
gnq,2017,3500.0
gnq,2018,3200.0
gnq,2019,3400.0
gnq,2020,3600.0
gnq,2021,3800.0
gnq,2022,6900.0
gnq,2023,9200.0
gnq,2024,6100.0
eri,2015,2700.0
eri,2016,2800.0
eri,2017,2700.0
eri,2018,2500.0
eri,2019,2800.0
eri,2020,2600.0
eri,2021,2400.0
eri,2022,2600.0
eri,2023,3000.0
eri,2024,2300.0
est,2015,180.0
est,2016,170.0
est,2017,160.0
est,2018,140.0
est,2019,140.0
est,2020,120.0
est,2021,98.0
est,2022,120.0
est,2023,100.0
est,2024,89.0
swz,2015,7000.0
swz,2016,6300.0
swz,2017,6000.0
swz,2018,5200.0
swz,2019,5000.0
swz,2020,3200.0
swz,2021,2800.0
swz,2022,3300.0
swz,2023,3000.0
swz,2024,4200.0
eth,2015,170000.0
eth,2016,160000.0
eth,2017,160000.0
eth,2018,160000.0
eth,2019,160000.0
eth,2020,160000.0
eth,2021,160000.0
eth,2022,180000.0
eth,2023,210000.0
eth,2024,250000.0
fji,2015,510.0
fji,2016,410.0
fji,2017,460.0
fji,2018,460.0
fji,2019,440.0
fji,2020,410.0
fji,2021,440.0
fji,2022,510.0
fji,2023,490.0
fji,2024,640.0
fin,2015,150.0
fin,2016,120.0
fin,2017,130.0
fin,2018,130.0
fin,2019,130.0
fin,2020,98.0
fin,2021,98.0
fin,2022,110.0
fin,2023,95.0
fin,2024,100.0
fra,2015,2600.0
fra,2016,2500.0
fra,2017,2600.0
fra,2018,2600.0
fra,2019,2400.0
fra,2020,2300.0
fra,2021,2000.0
fra,2022,2000.0
fra,2023,2400.0
fra,2024,2200.0
gab,2015,8000.0
gab,2016,6700.0
gab,2017,6400.0
gab,2018,7100.0
gab,2019,7200.0
gab,2020,11000.0
gab,2021,7300.0
gab,2022,12000.0
gab,2023,11000.0
gab,2024,11000.0
gmb,2015,9600.0
gmb,2016,9300.0
gmb,2017,9200.0
gmb,2018,9700.0
gmb,2019,11000.0
gmb,2020,9900.0
gmb,2021,11000.0
gmb,2022,13000.0
gmb,2023,14000.0
gmb,2024,14000.0
geo,2015,4500.0
geo,2016,4300.0
geo,2017,3900.0
geo,2018,3500.0
geo,2019,3400.0
geo,2020,2600.0
geo,2021,2400.0
geo,2022,2500.0
geo,2023,2200.0
geo,2024,2100.0
deu,2015,3500.0
deu,2016,3400.0
deu,2017,3200.0
deu,2018,3300.0
deu,2019,2900.0
deu,2020,2600.0
deu,2021,2400.0
deu,2022,2600.0
deu,2023,2900.0
deu,2024,2900.0
gha,2015,21000.0
gha,2016,20000.0
gha,2017,21000.0
gha,2018,21000.0
gha,2019,24000.0
gha,2020,22000.0
gha,2021,24000.0
gha,2022,30000.0
gha,2023,35000.0
gha,2024,36000.0
grc,2015,450.0
grc,2016,430.0
grc,2017,430.0
grc,2018,360.0
grc,2019,420.0
grc,2020,430.0
grc,2021,210.0
grc,2022,330.0
grc,2023,540.0
grc,2024,410.0
gtm,2015,8900.0
gtm,2016,8700.0
gtm,2017,9500.0
gtm,2018,9200.0
gtm,2019,9800.0
gtm,2020,7400.0
gtm,2021,8100.0
gtm,2022,11000.0
gtm,2023,12000.0
gtm,2024,12000.0
gin,2015,39000.0
gin,2016,39000.0
gin,2017,38000.0
gin,2018,41000.0
gin,2019,44000.0
gin,2020,43000.0
gin,2021,52000.0
gin,2022,57000.0
gin,2023,55000.0
gin,2024,52000.0
gnb,2015,7900.0
gnb,2016,9400.0
gnb,2017,9400.0
gnb,2018,8500.0
gnb,2019,11000.0
gnb,2020,11000.0
gnb,2021,12000.0
gnb,2022,13000.0
gnb,2023,12000.0
gnb,2024,13000.0
guy,2015,710.0
guy,2016,840.0
guy,2017,770.0
guy,2018,850.0
guy,2019,830.0
guy,2020,490.0
guy,2021,660.0
guy,2022,470.0
guy,2023,570.0
guy,2024,560.0
hti,2015,34000.0
hti,2016,33000.0
hti,2017,32000.0
hti,2018,28000.0
hti,2019,28000.0
hti,2020,24000.0
hti,2021,23000.0
hti,2022,25000.0
hti,2023,27000.0
hti,2024,26000.0
hnd,2015,5600.0
hnd,2016,5600.0
hnd,2017,5700.0
hnd,2018,6000.0
hnd,2019,5300.0
hnd,2020,4200.0
hnd,2021,4500.0
hnd,2022,5000.0
hnd,2023,5800.0
hnd,2024,5900.0
hun,2015,480.0
hun,2016,460.0
hun,2017,390.0
hun,2018,410.0
hun,2019,340.0
hun,2020,230.0
hun,2021,210.0
hun,2022,300.0
hun,2023,410.0
hun,2024,370.0
isl,2015,4.2
isl,2016,7.0
isl,2017,11.0
isl,2018,4.2
isl,2019,5.6
isl,2020,7.0
isl,2021,7.0
isl,2022,13.0
isl,2023,13.0
isl,2024,9.8
ind,2015,2700000.0
ind,2016,2800000.0
ind,2017,3000000.0
ind,2018,2600000.0
ind,2019,3000000.0
ind,2020,1900000.0
ind,2021,3000000.0
ind,2022,3300000.0
ind,2023,3400000.0
ind,2024,3600000.0
idn,2015,510000.0
idn,2016,510000.0
idn,2017,550000.0
idn,2018,600000.0
idn,2019,670000.0
idn,2020,470000.0
idn,2021,570000.0
idn,2022,920000.0
idn,2023,1000000.0
idn,2024,1100000.0
irn,2015,13000.0
irn,2016,11000.0
irn,2017,11000.0
irn,2018,11000.0
irn,2019,12000.0
irn,2020,7400.0
irn,2021,9300.0
irn,2022,11000.0
irn,2023,11000.0
irn,2024,8900.0
irq,2015,14000.0
irq,2016,13000.0
irq,2017,13000.0
irq,2018,11000.0
irq,2019,10000.0
irq,2020,8700.0
irq,2021,11000.0
irq,2022,13000.0
irq,2023,12000.0
irq,2024,9800.0
irl,2015,230.0
irl,2016,270.0
irl,2017,270.0
irl,2018,290.0
irl,2019,250.0
irl,2020,230.0
irl,2021,190.0
irl,2022,150.0
irl,2023,190.0
irl,2024,240.0
isr,2015,290.0
isr,2016,230.0
isr,2017,250.0
isr,2018,310.0
isr,2019,200.0
isr,2020,170.0
isr,2021,260.0
isr,2022,200.0
isr,2023,230.0
isr,2024,210.0
ita,2015,2500.0
ita,2016,2900.0
ita,2017,2600.0
ita,2018,2600.0
ita,2019,2500.0
ita,2020,1600.0
ita,2021,2100.0
ita,2022,1700.0
ita,2023,2000.0
ita,2024,2100.0
jam,2015,120.0
jam,2016,140.0
jam,2017,130.0
jam,2018,99.0
jam,2019,90.0
jam,2020,71.0
jam,2021,81.0
jam,2022,88.0
jam,2023,120.0
jam,2024,44.0
jpn,2015,14000.0
jpn,2016,14000.0
jpn,2017,13000.0
jpn,2018,12000.0
jpn,2019,11000.0
jpn,2020,9500.0
jpn,2021,8500.0
jpn,2022,7600.0
jpn,2023,7700.0
jpn,2024,7500.0
jor,2015,320.0
jor,2016,300.0
jor,2017,600.0
jor,2018,440.0
jor,2019,270.0
jor,2020,380.0
jor,2021,270.0
jor,2022,290.0
jor,2023,300.0
jor,2024,380.0
kaz,2015,22000.0
kaz,2016,21000.0
kaz,2017,21000.0
kaz,2018,23000.0
kaz,2019,20000.0
kaz,2020,15000.0
kaz,2021,16000.0
kaz,2022,18000.0
kaz,2023,16000.0
kaz,2024,15000.0
ken,2015,98000.0
ken,2016,110000.0
ken,2017,120000.0
ken,2018,120000.0
ken,2019,120000.0
ken,2020,100000.0
ken,2021,100000.0
ken,2022,110000.0
ken,2023,120000.0
ken,2024,120000.0
kir,2015,1300.0
kir,2016,820.0
kir,2017,840.0
kir,2018,720.0
kir,2019,880.0
kir,2020,890.0
kir,2021,860.0
kir,2022,890.0
kir,2023,1100.0
kir,2024,1100.0
kwt,2015,2300.0
kwt,2016,1600.0
kwt,2017,1600.0
kwt,2018,1400.0
kwt,2019,1400.0
kwt,2020,1300.0
kwt,2021,1700.0
kwt,2022,1100.0
kwt,2023,930.0
kwt,2024,1100.0
kgz,2015,8700.0
kgz,2016,8800.0
kgz,2017,8700.0
kgz,2018,8400.0
kgz,2019,8400.0
kgz,2020,6200.0
kgz,2021,6500.0
kgz,2022,6900.0
kgz,2023,6800.0
kgz,2024,6700.0
lao,2015,12000.0
lao,2016,12000.0
lao,2017,13000.0
lao,2018,13000.0
lao,2019,13000.0
lao,2020,15000.0
lao,2021,13000.0
lao,2022,18000.0
lao,2023,19000.0
lao,2024,17000.0
lva,2015,600.0
lva,2016,560.0
lva,2017,480.0
lva,2021,240.0
lva,2022,290.0
lva,2024,270.0
lbn,2015,720.0
lbn,2016,880.0
lbn,2017,950.0
lbn,2018,950.0
lbn,2019,1300.0
lbn,2020,1000.0
lbn,2021,740.0
lbn,2022,800.0
lbn,2023,920.0
lbn,2024,890.0
lso,2015,7900.0
lso,2016,8900.0
lso,2017,9000.0
lso,2018,11000.0
lso,2019,11000.0
lso,2020,7000.0
lso,2021,7000.0
lso,2022,8300.0
lso,2023,8100.0
lso,2024,8000.0
lbr,2015,9000.0
lbr,2016,9900.0
lbr,2017,11000.0
lbr,2018,10000.0
lbr,2019,11000.0
lbr,2020,13000.0
lbr,2021,13000.0
lbr,2022,14000.0
lbr,2023,16000.0
lbr,2024,17000.0
lby,2015,1800.0
lby,2016,2000.0
lby,2017,2000.0
lby,2018,2800.0
lby,2019,3100.0
lby,2020,2900.0
lby,2021,3200.0
lby,2022,4300.0
lby,2023,4600.0
lby,2024,5200.0
ltu,2015,1300.0
ltu,2016,1300.0
ltu,2017,1200.0
ltu,2018,1100.0
ltu,2019,1000.0
ltu,2020,700.0
ltu,2021,650.0
ltu,2022,760.0
ltu,2023,710.0
ltu,2024,700.0
lux,2015,25.0
lux,2016,27.0
lux,2017,26.0
lux,2018,36.0
lux,2019,41.0
lux,2020,28.0
lux,2021,32.0
lux,2022,38.0
lux,2023,34.0
lux,2024,33.0
mdg,2015,65000.0
mdg,2016,65000.0
mdg,2017,69000.0
mdg,2018,73000.0
mdg,2019,80000.0
mdg,2020,78000.0
mdg,2021,87000.0
mdg,2022,97000.0
mdg,2023,97000.0
mdg,2024,100000.0
mwi,2015,20000.0
mwi,2016,21000.0
mwi,2017,21000.0
mwi,2018,19000.0
mwi,2019,20000.0
mwi,2020,20000.0
mwi,2021,20000.0
mwi,2022,23000.0
mwi,2023,26000.0
mwi,2024,26000.0
mys,2015,49000.0
mys,2016,53000.0
mys,2017,51000.0
mys,2018,50000.0
mys,2019,52000.0
mys,2020,45000.0
mys,2021,42000.0
mys,2022,49000.0
mys,2023,50000.0
mys,2024,60000.0
mdv,2015,450.0
mdv,2016,310.0
mdv,2017,390.0
mdv,2018,420.0
mdv,2019,450.0
mdv,2020,280.0
mdv,2021,190.0
mdv,2022,150.0
mdv,2023,200.0
mdv,2024,200.0
mli,2015,21000.0
mli,2016,21000.0
mli,2017,19000.0
mli,2018,21000.0
mli,2019,21000.0
mli,2020,20000.0
mli,2021,21000.0
mli,2022,23000.0
mli,2023,24000.0
mli,2024,27000.0
mlt,2015,25.0
mlt,2016,49.0
mlt,2017,37.0
mlt,2018,43.0
mlt,2019,66.0
mlt,2020,77.0
mlt,2021,43.0
mlt,2022,46.0
mlt,2023,47.0
mlt,2024,63.0
mrt,2015,5700.0
mrt,2016,5700.0
mrt,2017,6000.0
mrt,2018,5300.0
mrt,2019,5500.0
mrt,2020,5500.0
mrt,2021,5500.0
mrt,2022,5500.0
mrt,2023,5500.0
mus,2015,270.0
mus,2016,250.0
mus,2017,240.0
mus,2018,270.0
mus,2019,250.0
mus,2020,190.0
mus,2021,190.0
mus,2022,260.0
mus,2023,220.0
mus,2024,220.0
mex,2015,36000.0
mex,2016,37000.0
mex,2017,37000.0
mex,2018,38000.0
mex,2019,38000.0
mex,2020,25000.0
mex,2021,32000.0
mex,2022,39000.0
mex,2023,42000.0
mex,2024,44000.0
mco,2015,0.0
mco,2016,0.0
mco,2017,0.0
mco,2018,0.0
mco,2019,0.0
mco,2020,0.0
mco,2021,0.0
mng,2015,4900.0
mng,2016,4400.0
mng,2017,4400.0
mng,2018,4200.0
mng,2019,5000.0
mng,2020,4500.0
mng,2021,3100.0
mng,2022,3800.0
mng,2023,4300.0
mng,2024,3900.0
mne,2015,120.0
mne,2016,120.0
mne,2017,120.0
mne,2018,130.0
mne,2019,140.0
mne,2020,63.0
mne,2021,120.0
mne,2022,120.0
mne,2023,110.0
mne,2024,94.0
mar,2015,45000.0
mar,2016,47000.0
mar,2017,44000.0
mar,2018,45000.0
mar,2019,45000.0
mar,2020,44000.0
mar,2021,47000.0
mar,2022,47000.0
mar,2023,51000.0
mar,2024,51000.0
moz,2015,82000.0
moz,2016,94000.0
moz,2017,100000.0
moz,2018,110000.0
moz,2019,110000.0
moz,2020,100000.0
moz,2021,110000.0
moz,2022,150000.0
moz,2023,170000.0
moz,2024,170000.0
mmr,2015,140000.0
mmr,2016,140000.0
mmr,2017,140000.0
mmr,2018,160000.0
mmr,2019,160000.0
mmr,2020,140000.0
mmr,2021,77000.0
mmr,2022,140000.0
mmr,2023,160000.0
mmr,2024,150000.0
nam,2015,18000.0
nam,2016,17000.0
nam,2017,17000.0
nam,2018,15000.0
nam,2019,14000.0
nam,2020,14000.0
nam,2021,14000.0
nam,2022,17000.0
nam,2023,18000.0
nam,2024,19000.0
npl,2015,53000.0
npl,2016,50000.0
npl,2017,50000.0
npl,2018,53000.0
npl,2019,53000.0
npl,2020,44000.0
npl,2021,47000.0
npl,2022,62000.0
npl,2023,62000.0
npl,2024,67000.0
nld,2015,430.0
nld,2016,380.0
nld,2017,390.0
nld,2018,410.0
nld,2019,390.0
nld,2020,300.0
nld,2021,350.0
nld,2022,350.0
nld,2023,420.0
nld,2024,410.0
nzl,2015,200.0
nzl,2016,200.0
nzl,2017,230.0
nzl,2018,230.0
nzl,2019,250.0
nzl,2020,210.0
nzl,2021,200.0
nzl,2022,210.0
nzl,2023,210.0
nzl,2024,270.0
nic,2015,6000.0
nic,2016,5700.0
nic,2017,6000.0
nic,2018,5600.0
nic,2019,5900.0
nic,2020,5000.0
nic,2021,5000.0
nic,2022,5700.0
nic,2023,5800.0
ner,2015,34000.0
ner,2016,34000.0
ner,2017,37000.0
ner,2018,38000.0
ner,2019,41000.0
ner,2020,41000.0
ner,2021,47000.0
ner,2022,52000.0
ner,2023,57000.0
ner,2024,61000.0
nga,2015,180000.0
nga,2016,220000.0
nga,2017,250000.0
nga,2018,250000.0
nga,2019,280000.0
nga,2020,340000.0
nga,2021,520000.0
nga,2022,750000.0
nga,2023,1000000.0
nga,2024,1100000.0
mkd,2015,420.0
mkd,2016,390.0
mkd,2017,330.0
mkd,2018,320.0
mkd,2019,310.0
mkd,2020,230.0
mkd,2021,240.0
mkd,2022,270.0
mkd,2023,240.0
mkd,2024,240.0
nor,2015,190.0
nor,2016,160.0
nor,2017,140.0
nor,2018,110.0
nor,2019,97.0
nor,2020,87.0
nor,2021,74.0
nor,2022,100.0
nor,2023,99.0
nor,2024,110.0
pse,2015,41.0
pse,2016,130.0
pse,2017,110.0
pse,2018,66.0
pse,2019,48.0
pse,2020,48.0
pse,2021,55.0
pse,2022,55.0
pse,2023,44.0
pse,2024,22.0
omn,2015,1400.0
omn,2016,1400.0
omn,2017,1200.0
omn,2018,1100.0
omn,2019,1900.0
omn,2020,1600.0
omn,2021,1100.0
omn,2022,2000.0
omn,2023,2900.0
omn,2024,2400.0
pak,2015,710000.0
pak,2016,730000.0
pak,2017,740000.0
pak,2018,740000.0
pak,2019,700000.0
pak,2020,580000.0
pak,2021,760000.0
pak,2022,940000.0
pak,2023,1000000.0
pak,2024,1100000.0
pan,2015,2000.0
pan,2016,2100.0
pan,2017,2500.0
pan,2018,2400.0
pan,2019,1300.0
pan,2020,1400.0
pan,2021,2100.0
pan,2022,2400.0
pan,2023,3100.0
pan,2024,3300.0
png,2015,17000.0
png,2016,19000.0
png,2017,16000.0
png,2018,19000.0
png,2019,24000.0
png,2020,25000.0
png,2021,22000.0
png,2022,30000.0
png,2023,39000.0
png,2024,46000.0
pry,2015,4300.0
pry,2016,4400.0
pry,2017,4700.0
pry,2018,4500.0
pry,2019,4900.0
pry,2020,3900.0
pry,2021,5000.0
pry,2022,6000.0
pry,2023,6900.0
pry,2024,7700.0
per,2015,43000.0
per,2016,43000.0
per,2017,44000.0
per,2018,43000.0
per,2019,43000.0
per,2020,33000.0
per,2021,36000.0
per,2022,42000.0
per,2023,49000.0
per,2024,50000.0
phl,2015,280000.0
phl,2016,350000.0
phl,2017,350000.0
phl,2018,380000.0
phl,2019,400000.0
phl,2020,310000.0
phl,2021,400000.0
phl,2022,590000.0
phl,2023,730000.0
phl,2024,720000.0
pol,2015,7200.0
pol,2016,7000.0
pol,2017,6400.0
pol,2018,6200.0
pol,2019,6100.0
pol,2020,3900.0
pol,2021,4600.0
pol,2022,5300.0
pol,2023,5500.0
pol,2024,5400.0
prt,2015,1800.0
prt,2016,1500.0
prt,2017,1500.0
prt,2018,1600.0
prt,2019,1500.0
prt,2020,1200.0
prt,2021,1300.0
prt,2022,1300.0
prt,2023,1200.0
prt,2024,1200.0
pri,2015,49.0
pri,2016,66.0
pri,2017,44.0
pri,2018,25.0
pri,2019,46.0
pri,2020,34.0
pri,2021,22.0
pri,2022,28.0
pri,2023,22.0
qat,2015,530.0
qat,2016,870.0
qat,2017,1100.0
qat,2018,1100.0
qat,2019,1400.0
qat,2020,1300.0
qat,2021,1400.0
qat,2022,1200.0
qat,2023,1300.0
qat,2024,1300.0
kor,2015,23000.0
kor,2016,23000.0
kor,2017,23000.0
kor,2018,23000.0
kor,2019,21000.0
kor,2020,16000.0
kor,2021,15000.0
kor,2022,14000.0
kor,2023,14000.0
kor,2024,13000.0
mda,2015,3500.0
mda,2016,3400.0
mda,2017,3200.0
mda,2018,3100.0
mda,2019,3000.0
mda,2020,1900.0
mda,2021,2300.0
mda,2022,2400.0
mda,2023,2400.0
mda,2024,2400.0
rou,2015,14000.0
rou,2016,13000.0
rou,2017,13000.0
rou,2018,12000.0
rou,2019,12000.0
rou,2020,7800.0
rou,2021,8700.0
rou,2022,10000.0
rou,2023,11000.0
rou,2024,9800.0
rus,2015,63000.0
rus,2016,59000.0
rus,2017,56000.0
rus,2018,54000.0
rus,2019,50000.0
rus,2020,40000.0
rus,2021,41000.0
rus,2022,42000.0
rus,2023,40000.0
rus,2024,36000.0
rwa,2015,12000.0
rwa,2016,13000.0
rwa,2017,12000.0
rwa,2018,13000.0
rwa,2019,12000.0
rwa,2020,12000.0
rwa,2021,11000.0
rwa,2022,15000.0
rwa,2023,19000.0
rwa,2024,17000.0
lca,2015,23.0
lca,2016,5.0
lca,2017,18.0
lca,2018,8.4
lca,2019,10.0
lca,2020,12.0
lca,2021,3.4
lca,2022,3.4
lca,2023,3.4
lca,2024,0.0
wsm,2015,72.0
wsm,2016,41.0
wsm,2017,66.0
wsm,2018,36.0
wsm,2019,72.0
wsm,2020,56.0
wsm,2021,66.0
wsm,2022,46.0
wsm,2023,66.0
wsm,2024,56.0
stp,2015,170.0
stp,2016,170.0
stp,2017,130.0
stp,2018,140.0
stp,2019,120.0
stp,2020,140.0
stp,2021,120.0
stp,2022,250.0
stp,2023,160.0
stp,2024,180.0
sau,2015,9100.0
sau,2016,7600.0
sau,2017,7500.0
sau,2018,8900.0
sau,2019,8400.0
sau,2020,7200.0
sau,2021,7700.0
sau,2022,8100.0
sau,2023,8000.0
sau,2024,8000.0
sen,2015,69000.0
sen,2016,69000.0
sen,2017,71000.0
sen,2018,73000.0
sen,2019,74000.0
sen,2020,71000.0
sen,2021,77000.0
sen,2022,85000.0
sen,2023,94000.0
sen,2024,95000.0
srb,2015,1400.0
srb,2016,1300.0
srb,2017,1300.0
srb,2018,1300.0
srb,2019,930.0
srb,2020,240.0
srb,2021,310.0
srb,2022,980.0
srb,2023,890.0
srb,2024,590.0
syc,2015,12.0
syc,2016,15.0
syc,2017,35.0
syc,2018,37.0
syc,2019,25.0
syc,2020,17.0
syc,2021,25.0
syc,2022,22.0
syc,2023,52.0
syc,2024,52.0
sle,2015,30000.0
sle,2016,44000.0
sle,2017,38000.0
sle,2018,40000.0
sle,2019,41000.0
sle,2020,38000.0
sle,2021,45000.0
sle,2022,50000.0
sle,2023,58000.0
sle,2024,58000.0
sgp,2015,2000.0
sgp,2016,2300.0
sgp,2017,2100.0
sgp,2018,2100.0
sgp,2019,1900.0
sgp,2020,2000.0
sgp,2021,2000.0
sgp,2022,1900.0
sgp,2023,1900.0
sgp,2024,2200.0
sxm,2015,0.0
sxm,2016,0.0
sxm,2017,4.2
sxm,2018,2.8
sxm,2019,6.9
sxm,2020,1.4
sxm,2021,1.4
sxm,2022,2.8
sxm,2023,4.2
sxm,2024,4.2
svk,2015,290.0
svk,2016,240.0
svk,2017,230.0
svk,2018,270.0
svk,2019,210.0
svk,2020,120.0
svk,2021,140.0
svk,2022,130.0
svk,2023,190.0
svk,2024,120.0
svn,2015,120.0
svn,2016,120.0
svn,2017,110.0
svn,2018,100.0
svn,2019,100.0
svn,2020,80.0
svn,2021,82.0
svn,2022,73.0
svn,2023,93.0
svn,2024,45.0
slb,2015,710.0
slb,2016,530.0
slb,2017,520.0
slb,2018,740.0
slb,2019,640.0
slb,2020,690.0
slb,2021,610.0
slb,2022,740.0
slb,2023,770.0
slb,2024,1100.0
som,2015,33000.0
som,2016,31000.0
som,2017,36000.0
som,2018,35000.0
som,2019,37000.0
som,2020,40000.0
som,2021,40000.0
som,2022,43000.0
som,2023,43000.0
som,2024,43000.0
zaf,2015,330000.0
zaf,2016,300000.0
zaf,2017,310000.0
zaf,2018,300000.0
zaf,2019,290000.0
zaf,2020,220000.0
zaf,2021,220000.0
zaf,2022,280000.0
zaf,2023,260000.0
zaf,2024,210000.0
ssd,2015,20000.0
ssd,2016,25000.0
ssd,2017,20000.0
ssd,2018,32000.0
ssd,2019,34000.0
ssd,2020,35000.0
ssd,2021,39000.0
ssd,2022,44000.0
ssd,2023,57000.0
ssd,2024,70000.0
esp,2015,3400.0
esp,2016,4100.0
esp,2017,3800.0
esp,2018,3800.0
esp,2019,3400.0
esp,2020,2200.0
esp,2021,2900.0
esp,2022,2200.0
esp,2023,3400.0
esp,2024,2900.0
lka,2015,12000.0
lka,2016,11000.0
lka,2017,11000.0
lka,2018,12000.0
lka,2019,12000.0
lka,2020,10000.0
lka,2021,9700.0
lka,2022,12000.0
lka,2023,13000.0
lka,2024,13000.0
sdn,2015,30000.0
sdn,2016,32000.0
sdn,2017,33000.0
sdn,2018,33000.0
sdn,2019,38000.0
sdn,2020,35000.0
sdn,2021,37000.0
sdn,2022,39000.0
sdn,2023,24000.0
sdn,2024,29000.0
sur,2015,240.0
sur,2016,210.0
sur,2017,230.0
sur,2018,290.0
sur,2019,240.0
sur,2020,190.0
sur,2021,190.0
sur,2022,260.0
sur,2023,240.0
sur,2024,240.0
swe,2015,460.0
swe,2016,430.0
swe,2017,290.0
swe,2018,310.0
swe,2019,300.0
swe,2020,190.0
swe,2021,200.0
swe,2022,250.0
swe,2023,220.0
swe,2024,200.0
che,2015,350.0
che,2016,390.0
che,2017,370.0
che,2018,340.0
che,2019,280.0
che,2020,260.0
che,2021,340.0
che,2022,330.0
che,2023,390.0
che,2024,400.0
syr,2015,5600.0
syr,2016,5200.0
syr,2017,4600.0
syr,2018,4300.0
syr,2019,4000.0
syr,2020,5600.0
syr,2021,6400.0
syr,2022,5500.0
syr,2023,6400.0
syr,2024,6000.0
tjk,2015,14000.0
tjk,2016,14000.0
tjk,2017,13000.0
tjk,2018,13000.0
tjk,2019,12000.0
tjk,2020,8600.0
tjk,2021,9500.0
tjk,2022,9200.0
tjk,2023,9400.0
tjk,2024,9200.0
tha,2015,55000.0
tha,2016,58000.0
tha,2017,59000.0
tha,2018,70000.0
tha,2019,77000.0
tha,2020,75000.0
tha,2021,69000.0
tha,2022,74000.0
tha,2023,81000.0
tha,2024,85000.0
tls,2015,6400.0
tls,2016,7300.0
tls,2017,7600.0
tls,2018,6700.0
tls,2019,6700.0
tls,2020,6100.0
tls,2021,6100.0
tls,2022,10000.0
tls,2023,11000.0
tls,2024,7600.0
tgo,2015,6300.0
tgo,2016,6600.0
tgo,2017,6500.0
tgo,2018,6100.0
tgo,2019,6500.0
tgo,2020,5800.0
tgo,2021,6300.0
tgo,2022,7900.0
tgo,2023,8100.0
tgo,2024,8000.0
tkl,2015,0.0
tkl,2016,0.0
tkl,2017,0.0
tkl,2020,0.0
tkl,2021,0.0
tkl,2023,0.0
ton,2015,23.0
ton,2016,20.0
ton,2017,27.0
ton,2018,27.0
ton,2019,16.0
ton,2020,20.0
ton,2021,27.0
ton,2022,7.8
ton,2023,23.0
ton,2024,3.9
tto,2015,270.0
tto,2016,260.0
tto,2017,250.0
tto,2018,330.0
tto,2019,320.0
tto,2020,310.0
tto,2021,210.0
tto,2022,270.0
tto,2023,320.0
tto,2024,350.0
tun,2015,3100.0
tun,2016,2900.0
tun,2017,2500.0
tun,2018,2700.0
tun,2019,2800.0
tun,2020,2100.0
tun,2021,2100.0
tun,2022,2800.0
tun,2023,2500.0
tur,2015,17000.0
tur,2016,18000.0
tur,2017,17000.0
tur,2018,16000.0
tur,2019,16000.0
tur,2020,12000.0
tur,2021,12000.0
tur,2022,13000.0
tur,2023,13000.0
tur,2024,12000.0
tkm,2015,4000.0
tkm,2016,3500.0
tkm,2017,2700.0
tkm,2018,3000.0
tkm,2019,3000.0
tkm,2020,2700.0
tkm,2021,2900.0
tkm,2022,3700.0
tkm,2023,4100.0
tkm,2024,5300.0
tca,2015,2.4
tca,2016,2.4
tca,2017,3.6
tca,2018,1.2
tca,2019,4.8
tca,2021,0.0
tca,2023,8.4
tca,2024,0.0
tuv,2015,41.0
tuv,2016,64.0
tuv,2017,51.0
tuv,2018,64.0
tuv,2019,74.0
tuv,2020,92.0
tuv,2021,83.0
tuv,2022,78.0
tuv,2023,60.0
uga,2015,96000.0
uga,2016,95000.0
uga,2017,95000.0
uga,2018,100000.0
uga,2019,110000.0
uga,2020,120000.0
uga,2021,140000.0
uga,2022,200000.0
uga,2023,200000.0
uga,2024,210000.0
ukr,2015,25000.0
ukr,2016,24000.0
ukr,2017,22000.0
ukr,2018,22000.0
ukr,2019,22000.0
ukr,2020,16000.0
ukr,2021,16000.0
ukr,2022,17000.0
ukr,2023,18000.0
ukr,2024,17000.0
are,2015,160.0
are,2016,140.0
are,2017,160.0
are,2018,170.0
are,2019,130.0
are,2020,110.0
are,2021,110.0
are,2022,110.0
are,2023,100.0
are,2024,110.0
gbr,2015,2800.0
gbr,2016,2900.0
gbr,2017,2600.0
gbr,2018,2500.0
gbr,2019,2500.0
gbr,2020,2100.0
gbr,2021,2500.0
gbr,2022,2500.0
gbr,2023,2900.0
gbr,2024,3200.0
tza,2015,89000.0
tza,2016,97000.0
tza,2017,100000.0
tza,2018,99000.0
tza,2019,100000.0
tza,2020,100000.0
tza,2021,110000.0
tza,2022,120000.0
tza,2023,130000.0
tza,2024,140000.0
usa,2015,7800.0
usa,2016,7700.0
usa,2017,7600.0
usa,2018,7600.0
usa,2019,7600.0
usa,2020,6100.0
usa,2021,6800.0
usa,2022,7100.0
usa,2023,8500.0
ury,2015,1100.0
ury,2016,1100.0
ury,2017,1100.0
ury,2018,1200.0
ury,2019,1300.0
ury,2020,1200.0
ury,2021,1200.0
ury,2022,1400.0
ury,2023,1600.0
ury,2024,1600.0
uzb,2015,18000.0
uzb,2016,19000.0
uzb,2017,22000.0
uzb,2018,23000.0
uzb,2019,24000.0
uzb,2020,18000.0
uzb,2021,23000.0
uzb,2022,24000.0
uzb,2023,24000.0
uzb,2024,23000.0
vut,2015,130.0
vut,2016,150.0
vut,2017,170.0
vut,2018,150.0
vut,2019,190.0
vut,2020,170.0
vut,2021,160.0
vut,2022,210.0
vut,2023,220.0
vut,2024,190.0
ven,2015,12000.0
ven,2016,15000.0
ven,2017,22000.0
ven,2018,22000.0
ven,2019,21000.0
ven,2020,19000.0
ven,2021,19000.0
ven,2022,22000.0
ven,2023,25000.0
ven,2024,25000.0
vnm,2015,120000.0
vnm,2016,130000.0
vnm,2017,130000.0
vnm,2018,120000.0
vnm,2019,130000.0
vnm,2020,130000.0
vnm,2021,100000.0
vnm,2022,150000.0
vnm,2023,160000.0
vnm,2024,170000.0
yem,2015,15000.0
yem,2016,18000.0
yem,2017,18000.0
yem,2018,16000.0
yem,2019,15000.0
yem,2020,13000.0
yem,2021,13000.0
yem,2022,16000.0
yem,2023,16000.0
yem,2024,18000.0
zmb,2015,52000.0
zmb,2016,57000.0
zmb,2017,58000.0
zmb,2018,62000.0
zmb,2019,65000.0
zmb,2020,68000.0
zmb,2021,79000.0
zmb,2022,91000.0
zmb,2023,110000.0
zmb,2024,92000.0
zwe,2015,35000.0
zwe,2016,36000.0
zwe,2017,36000.0
zwe,2018,33000.0
zwe,2019,29000.0
zwe,2020,23000.0
zwe,2021,24000.0
zwe,2022,27000.0
zwe,2023,28000.0
zwe,2024,31000.0
