country,year,c_cdr_hi
afg,2000,29.0
afg,2001,41.0
afg,2002,53.0
afg,2003,50.0
afg,2004,64.0
afg,2005,73.0
afg,2006,82.0
afg,2007,91.0
afg,2008,87.0
afg,2009,78.0
afg,2010,81.0
afg,2011,78.0
afg,2012,77.0
afg,2013,79.0
afg,2014,79.0
afg,2015,87.0
afg,2016,99.0
afg,2017,110.0
afg,2018,110.0
afg,2019,110.0
afg,2020,99.0
afg,2021,110.0
afg,2022,110.0
afg,2023,110.0
alb,2000,110.0
alb,2001,110.0
alb,2002,110.0
alb,2003,110.0
alb,2004,110.0
alb,2005,100.0
alb,2006,100.0
alb,2007,100.0
alb,2008,100.0
alb,2009,100.0
alb,2010,100.0
alb,2011,100.0
alb,2012,100.0
alb,2013,100.0
alb,2014,100.0
alb,2015,100.0
alb,2016,100.0
alb,2017,100.0
alb,2018,100.0
alb,2019,100.0
alb,2020,62.0
alb,2021,70.0
alb,2022,77.0
alb,2023,82.0
dza,2000,110.0
dza,2001,110.0
dza,2002,110.0
dza,2003,110.0
dza,2004,110.0
dza,2005,120.0
dza,2006,110.0
dza,2007,110.0
dza,2008,110.0
dza,2009,110.0
dza,2010,110.0
dza,2011,110.0
dza,2012,110.0
dza,2013,110.0
dza,2014,110.0
dza,2015,110.0
dza,2016,110.0
dza,2017,110.0
dza,2018,110.0
dza,2019,100.0
dza,2020,89.0
dza,2021,110.0
dza,2022,110.0
dza,2023,120.0
asm,2000,100.0
asm,2001,100.0
asm,2002,100.0
asm,2003,100.0
asm,2004,100.0
asm,2005,100.0
asm,2006,100.0
asm,2007,100.0
asm,2008,100.0
asm,2009,100.0
asm,2010,100.0
asm,2011,100.0
asm,2015,100.0
asm,2017,100.0
asm,2019,100.0
asm,2020,100.0
and,2000,100.0
and,2001,100.0
and,2002,100.0
and,2003,100.0
and,2004,100.0
and,2005,100.0
and,2006,100.0
and,2007,100.0
and,2008,100.0
and,2009,100.0
and,2010,100.0
and,2011,100.0
and,2012,100.0
and,2013,100.0
and,2014,100.0
and,2015,100.0
and,2016,100.0
and,2017,100.0
and,2018,100.0
and,2019,100.0
and,2020,100.0
and,2021,100.0
and,2022,100.0
and,2023,100.0
ago,2000,48.0
ago,2001,61.0
ago,2002,80.0
ago,2003,91.0
ago,2004,84.0
ago,2005,83.0
ago,2006,92.0
ago,2007,84.0
ago,2008,87.0
ago,2009,77.0
ago,2010,81.0
ago,2011,82.0
ago,2012,87.0
ago,2013,95.0
ago,2014,85.0
ago,2015,91.0
ago,2016,88.0
ago,2017,78.0
ago,2018,93.0
ago,2019,100.0
ago,2020,88.0
ago,2021,84.0
ago,2022,86.0
ago,2023,82.0
aia,2001,0.0
aia,2002,0.0
aia,2003,0.0
aia,2004,0.0
aia,2006,0.0
aia,2007,0.0
aia,2010,54.0
aia,2011,0.0
aia,2012,0.0
aia,2013,0.0
aia,2014,51.0
aia,2015,0.0
aia,2016,0.0
aia,2018,0.0
aia,2021,0.0
aia,2022,50.0
atg,2000,100.0
atg,2001,100.0
atg,2002,100.0
atg,2003,100.0
atg,2005,100.0
atg,2006,100.0
atg,2007,100.0
atg,2008,100.0
atg,2009,100.0
atg,2010,100.0
atg,2011,100.0
atg,2012,100.0
atg,2013,100.0
atg,2014,100.0
atg,2016,100.0
atg,2017,100.0
atg,2018,100.0
atg,2020,100.0
atg,2021,100.0
atg,2022,100.0
atg,2023,100.0
arg,2000,100.0
arg,2001,100.0
arg,2002,100.0
arg,2003,100.0
arg,2004,100.0
arg,2005,100.0
arg,2006,100.0
arg,2007,100.0
arg,2008,99.0
arg,2009,97.0
arg,2010,96.0
arg,2011,99.0
arg,2012,98.0
arg,2013,98.0
arg,2014,98.0
arg,2015,99.0
arg,2016,100.0
arg,2017,99.0
arg,2018,100.0
arg,2019,100.0
arg,2020,85.0
arg,2021,110.0
arg,2022,110.0
arg,2023,100.0
arm,2000,140.0
arm,2001,150.0
arm,2002,150.0
arm,2003,160.0
arm,2004,180.0
arm,2005,250.0
arm,2006,190.0
arm,2007,180.0
arm,2008,180.0
arm,2009,170.0
arm,2010,160.0
arm,2011,140.0
arm,2012,140.0
arm,2013,160.0
arm,2014,150.0
arm,2015,140.0
arm,2016,130.0
arm,2017,120.0
arm,2018,110.0
arm,2019,110.0
arm,2020,70.0
arm,2021,72.0
arm,2022,80.0
arm,2023,73.0
abw,2010,100.0
abw,2011,100.0
abw,2012,100.0
abw,2013,100.0
abw,2014,100.0
abw,2015,68.0
abw,2016,58.0
abw,2017,100.0
abw,2018,100.0
abw,2019,100.0
abw,2020,100.0
abw,2021,100.0
abw,2022,100.0
abw,2023,120.0
aus,2000,100.0
aus,2001,100.0
aus,2002,100.0
aus,2003,100.0
aus,2004,100.0
aus,2005,100.0
aus,2006,100.0
aus,2007,100.0
aus,2008,100.0
aus,2009,100.0
aus,2010,100.0
aus,2011,100.0
aus,2012,100.0
aus,2013,100.0
aus,2014,100.0
aus,2015,100.0
aus,2016,100.0
aus,2017,100.0
aus,2018,100.0
aus,2019,100.0
aus,2020,100.0
aus,2021,100.0
aus,2022,100.0
aus,2023,100.0
aut,2000,100.0
aut,2001,100.0
aut,2002,100.0
aut,2003,100.0
aut,2004,100.0
aut,2005,100.0
aut,2006,100.0
aut,2007,100.0
aut,2009,100.0
aut,2010,100.0
aut,2011,100.0
aut,2012,100.0
aut,2013,100.0
aut,2014,100.0
aut,2015,100.0
aut,2016,100.0
aut,2017,100.0
aut,2018,100.0
aut,2019,100.0
aut,2020,100.0
aut,2021,100.0
aut,2022,100.0
aut,2023,100.0
aze,2000,110.0
aze,2001,110.0
aze,2002,110.0
aze,2003,100.0
aze,2004,110.0
aze,2005,120.0
aze,2006,120.0
aze,2007,110.0
aze,2008,130.0
aze,2009,150.0
aze,2010,130.0
aze,2011,140.0
aze,2012,120.0
aze,2013,110.0
aze,2014,110.0
aze,2015,110.0
aze,2016,110.0
aze,2017,110.0
aze,2018,110.0
aze,2019,100.0
aze,2020,81.0
aze,2021,79.0
aze,2022,82.0
aze,2023,79.0
bhs,2000,100.0
bhs,2002,100.0
bhs,2003,100.0
bhs,2004,100.0
bhs,2005,100.0
bhs,2006,100.0
bhs,2007,100.0
bhs,2008,100.0
bhs,2009,100.0
bhs,2010,100.0
bhs,2011,100.0
bhs,2012,100.0
bhs,2013,100.0
bhs,2014,100.0
bhs,2015,100.0
bhs,2016,100.0
bhs,2017,100.0
bhs,2018,100.0
bhs,2019,100.0
bhs,2020,100.0
bhs,2021,100.0
bhs,2022,100.0
bhs,2023,100.0
bhr,2000,100.0
bhr,2001,100.0
bhr,2002,100.0
bhr,2003,100.0
bhr,2004,100.0
bhr,2005,100.0
bhr,2006,100.0
bhr,2007,100.0
bhr,2008,100.0
bhr,2009,100.0
bhr,2010,100.0
bhr,2011,100.0
bhr,2012,100.0
bhr,2013,100.0
bhr,2016,100.0
bhr,2017,100.0
bhr,2018,100.0
bhr,2019,100.0
bhr,2020,100.0
bhr,2021,100.0
bhr,2022,100.0
bhr,2023,100.0
bgd,2000,35.0
bgd,2001,35.0
bgd,2002,37.0
bgd,2003,39.0
bgd,2004,43.0
bgd,2005,53.0
bgd,2006,62.0
bgd,2007,62.0
bgd,2008,63.0
bgd,2009,66.0
bgd,2010,63.0
bgd,2011,62.0
bgd,2012,68.0
bgd,2013,73.0
bgd,2014,75.0
bgd,2015,81.0
bgd,2016,86.0
bgd,2017,93.0
bgd,2018,100.0
bgd,2019,110.0
bgd,2020,86.0
bgd,2021,110.0
bgd,2022,96.0
bgd,2023,110.0
brb,2000,100.0
brb,2001,100.0
brb,2002,100.0
brb,2004,100.0
brb,2006,100.0
brb,2007,100.0
brb,2008,100.0
brb,2009,100.0
brb,2010,100.0
brb,2012,100.0
brb,2013,100.0
brb,2014,100.0
brb,2016,100.0
brb,2018,100.0
brb,2020,100.0
brb,2021,100.0
brb,2022,100.0
brb,2023,100.0
blr,2000,200.0
blr,2001,160.0
blr,2002,150.0
blr,2003,170.0
blr,2004,160.0
blr,2005,160.0
blr,2006,160.0
blr,2007,160.0
blr,2008,160.0
blr,2009,160.0
blr,2010,160.0
blr,2011,150.0
blr,2012,150.0
blr,2013,140.0
blr,2014,130.0
blr,2015,130.0
blr,2016,120.0
blr,2017,110.0
blr,2018,110.0
blr,2019,100.0
blr,2020,76.0
blr,2021,76.0
blr,2022,87.0
blr,2023,82.0
bel,2000,100.0
bel,2001,100.0
bel,2002,100.0
bel,2003,100.0
bel,2004,100.0
bel,2005,100.0
bel,2006,100.0
bel,2007,100.0
bel,2008,100.0
bel,2009,100.0
bel,2010,100.0
bel,2011,100.0
bel,2012,100.0
bel,2013,100.0
bel,2014,100.0
bel,2015,100.0
bel,2016,100.0
bel,2017,100.0
bel,2018,100.0
bel,2019,100.0
bel,2020,100.0
bel,2021,100.0
bel,2022,100.0
bel,2023,34.0
blz,2000,120.0
blz,2001,130.0
blz,2002,130.0
blz,2003,110.0
blz,2004,110.0
blz,2005,110.0
blz,2006,110.0
blz,2007,100.0
blz,2008,110.0
blz,2009,110.0
blz,2010,120.0
blz,2011,100.0
blz,2012,100.0
blz,2013,110.0
blz,2014,100.0
blz,2015,100.0
blz,2016,110.0
blz,2017,110.0
blz,2018,100.0
blz,2019,100.0
blz,2020,89.0
blz,2021,80.0
blz,2022,82.0
blz,2023,89.0
ben,2000,89.0
ben,2001,86.0
ben,2002,90.0
ben,2003,91.0
ben,2004,94.0
ben,2005,97.0
ben,2006,100.0
ben,2007,100.0
ben,2008,110.0
ben,2009,100.0
ben,2010,97.0
ben,2011,110.0
ben,2012,98.0
ben,2013,94.0
ben,2014,94.0
ben,2015,94.0
ben,2016,90.0
ben,2017,81.0
ben,2018,89.0
ben,2019,94.0
ben,2020,87.0
ben,2021,83.0
ben,2022,93.0
ben,2023,98.0
bmu,2004,100.0
bmu,2006,100.0
bmu,2010,100.0
bmu,2011,100.0
bmu,2012,100.0
bmu,2016,100.0
bmu,2017,100.0
bmu,2018,100.0
bmu,2019,100.0
bmu,2020,100.0
bmu,2021,100.0
bmu,2022,100.0
bmu,2023,100.0
btn,2000,100.0
btn,2001,100.0
btn,2002,100.0
btn,2003,100.0
btn,2004,100.0
btn,2005,100.0
btn,2006,100.0
btn,2007,100.0
btn,2008,100.0
btn,2009,100.0
btn,2010,100.0
btn,2011,100.0
btn,2012,100.0
btn,2013,100.0
btn,2014,100.0
btn,2015,100.0
btn,2016,100.0
btn,2017,100.0
btn,2018,100.0
btn,2019,100.0
btn,2020,94.0
btn,2021,88.0
btn,2022,81.0
btn,2023,85.0
bol,2000,150.0
bol,2001,120.0
bol,2002,120.0
bol,2003,140.0
bol,2004,120.0
bol,2005,110.0
bol,2006,120.0
bol,2007,110.0
bol,2008,120.0
bol,2009,120.0
bol,2010,110.0
bol,2011,110.0
bol,2012,110.0
bol,2013,110.0
bol,2014,100.0
bol,2015,99.0
bol,2016,96.0
bol,2017,94.0
bol,2018,94.0
bol,2019,93.0
bol,2020,76.0
bol,2021,87.0
bol,2022,99.0
bol,2023,110.0
bih,2000,180.0
bih,2001,180.0
bih,2002,130.0
bih,2003,140.0
bih,2004,180.0
bih,2005,160.0
bih,2006,140.0
bih,2007,180.0
bih,2008,140.0
bih,2009,140.0
bih,2010,120.0
bih,2011,130.0
bih,2012,130.0
bih,2013,120.0
bih,2014,120.0
bih,2015,120.0
bih,2016,110.0
bih,2017,100.0
bih,2018,100.0
bih,2019,83.0
bih,2020,56.0
bih,2021,60.0
bih,2022,75.0
bih,2023,80.0
bwa,2000,550.0
bwa,2001,520.0
bwa,2002,320.0
bwa,2003,290.0
bwa,2004,220.0
bwa,2005,180.0
bwa,2006,290.0
bwa,2007,250.0
bwa,2008,150.0
bwa,2009,140.0
bwa,2010,180.0
bwa,2011,170.0
bwa,2012,130.0
bwa,2013,120.0
bwa,2014,120.0
bwa,2015,120.0
bwa,2016,110.0
bwa,2017,110.0
bwa,2018,98.0
bwa,2019,68.0
bwa,2020,64.0
bwa,2021,66.0
bwa,2022,79.0
bwa,2023,57.0
bra,2000,100.0
bra,2001,100.0
bra,2002,100.0
bra,2003,110.0
bra,2004,110.0
bra,2005,100.0
bra,2006,100.0
bra,2007,100.0
bra,2008,100.0
bra,2009,100.0
bra,2010,100.0
bra,2011,100.0
bra,2012,100.0
bra,2013,100.0
bra,2014,100.0
bra,2015,100.0
bra,2016,100.0
bra,2017,100.0
bra,2018,110.0
bra,2019,110.0
bra,2020,96.0
bra,2021,94.0
bra,2022,100.0
bra,2023,110.0
vgb,2000,100.0
vgb,2001,100.0
vgb,2002,100.0
vgb,2003,100.0
vgb,2004,100.0
vgb,2010,100.0
vgb,2013,100.0
vgb,2018,100.0
brn,2000,100.0
brn,2001,100.0
brn,2002,100.0
brn,2003,100.0
brn,2004,100.0
brn,2005,100.0
brn,2006,100.0
brn,2007,100.0
brn,2008,100.0
brn,2009,100.0
brn,2010,100.0
brn,2011,100.0
brn,2012,100.0
brn,2013,100.0
brn,2014,100.0
brn,2015,100.0
brn,2016,100.0
brn,2017,100.0
brn,2018,100.0
brn,2019,100.0
brn,2020,100.0
brn,2021,100.0
brn,2022,100.0
brn,2023,100.0
bgr,2000,100.0
bgr,2001,100.0
bgr,2002,100.0
bgr,2003,100.0
bgr,2004,100.0
bgr,2005,100.0
bgr,2006,100.0
bgr,2007,100.0
bgr,2008,100.0
bgr,2009,100.0
bgr,2010,100.0
bgr,2011,100.0
bgr,2012,100.0
bgr,2013,100.0
bgr,2014,100.0
bgr,2015,100.0
bgr,2016,100.0
bgr,2017,100.0
bgr,2018,100.0
bgr,2019,100.0
bgr,2020,100.0
bgr,2021,100.0
bgr,2022,100.0
bgr,2023,100.0
bfa,2000,55.0
bfa,2001,56.0
bfa,2002,53.0
bfa,2003,57.0
bfa,2004,61.0
bfa,2005,72.0
bfa,2006,79.0
bfa,2007,78.0
bfa,2008,82.0
bfa,2009,89.0
bfa,2010,89.0
bfa,2011,96.0
bfa,2012,92.0
bfa,2013,93.0
bfa,2014,94.0
bfa,2015,93.0
bfa,2016,93.0
bfa,2017,90.0
bfa,2018,95.0
bfa,2019,77.0
bfa,2020,89.0
bfa,2021,110.0
bfa,2022,120.0
bfa,2023,140.0
bdi,2000,150.0
bdi,2001,140.0
bdi,2002,120.0
bdi,2003,120.0
bdi,2004,120.0
bdi,2005,110.0
bdi,2006,95.0
bdi,2007,95.0
bdi,2008,100.0
bdi,2009,100.0
bdi,2010,100.0
bdi,2011,90.0
bdi,2012,90.0
bdi,2013,95.0
bdi,2014,90.0
bdi,2015,85.0
bdi,2016,93.0
bdi,2017,94.0
bdi,2018,86.0
bdi,2019,80.0
bdi,2020,84.0
bdi,2021,82.0
bdi,2022,94.0
bdi,2023,100.0
cpv,2001,100.0
cpv,2002,100.0
cpv,2003,100.0
cpv,2004,100.0
cpv,2005,100.0
cpv,2006,100.0
cpv,2007,100.0
cpv,2008,100.0
cpv,2009,100.0
cpv,2010,100.0
cpv,2011,100.0
cpv,2012,100.0
cpv,2013,100.0
cpv,2014,100.0
cpv,2015,100.0
cpv,2016,100.0
cpv,2017,100.0
cpv,2018,100.0
cpv,2019,100.0
cpv,2020,100.0
cpv,2021,100.0
cpv,2022,100.0
cpv,2023,100.0
khm,2000,70.0
khm,2001,70.0
khm,2002,88.0
khm,2003,99.0
khm,2004,110.0
khm,2005,120.0
khm,2006,120.0
khm,2007,120.0
khm,2008,130.0
khm,2009,130.0
khm,2010,130.0
khm,2011,120.0
khm,2012,130.0
khm,2013,120.0
khm,2014,130.0
khm,2015,110.0
khm,2016,100.0
khm,2017,110.0
khm,2018,91.0
khm,2019,98.0
khm,2020,96.0
khm,2021,70.0
khm,2022,93.0
khm,2023,88.0
cmr,2000,26.0
cmr,2001,54.0
cmr,2002,52.0
cmr,2003,75.0
cmr,2004,78.0
cmr,2005,92.0
cmr,2006,98.0
cmr,2007,98.0
cmr,2008,98.0
cmr,2009,96.0
cmr,2010,92.0
cmr,2011,92.0
cmr,2012,91.0
cmr,2013,92.0
cmr,2014,93.0
cmr,2015,92.0
cmr,2016,89.0
cmr,2017,84.0
cmr,2018,80.0
cmr,2019,83.0
cmr,2020,77.0
cmr,2021,81.0
cmr,2022,93.0
cmr,2023,99.0
can,2000,100.0
can,2001,100.0
can,2002,100.0
can,2003,100.0
can,2004,100.0
can,2005,100.0
can,2006,100.0
can,2007,100.0
can,2008,100.0
can,2009,100.0
can,2010,100.0
can,2011,100.0
can,2012,100.0
can,2013,100.0
can,2014,100.0
can,2015,100.0
can,2016,100.0
can,2017,100.0
can,2018,100.0
can,2019,100.0
can,2020,100.0
can,2021,100.0
can,2022,100.0
can,2023,110.0
cym,2000,100.0
cym,2001,100.0
cym,2004,100.0
cym,2007,100.0
cym,2008,100.0
cym,2009,100.0
cym,2010,100.0
cym,2011,100.0
cym,2012,100.0
cym,2013,100.0
cym,2015,100.0
cym,2016,100.0
cym,2017,100.0
cym,2018,100.0
cym,2019,100.0
cym,2020,100.0
cym,2021,100.0
cym,2022,100.0
cym,2023,100.0
caf,2001,19.0
caf,2002,35.0
caf,2003,27.0
caf,2004,27.0
caf,2005,21.0
caf,2006,40.0
caf,2008,43.0
caf,2009,55.0
caf,2010,42.0
caf,2011,35.0
caf,2012,50.0
caf,2013,53.0
caf,2014,63.0
caf,2015,65.0
caf,2016,63.0
caf,2017,58.0
caf,2018,64.0
caf,2019,70.0
caf,2020,72.0
caf,2021,74.0
caf,2022,81.0
caf,2023,82.0
tcd,2002,59.0
tcd,2003,52.0
tcd,2004,53.0
tcd,2005,65.0
tcd,2007,56.0
tcd,2008,64.0
tcd,2009,75.0
tcd,2010,82.0
tcd,2011,88.0
tcd,2012,86.0
tcd,2013,88.0
tcd,2014,91.0
tcd,2015,85.0
tcd,2016,77.0
tcd,2017,82.0
tcd,2018,88.0
tcd,2019,89.0
tcd,2020,83.0
tcd,2021,86.0
tcd,2022,90.0
tcd,2023,92.0
chl,2000,100.0
chl,2001,100.0
chl,2002,100.0
chl,2003,100.0
chl,2004,100.0
chl,2005,100.0
chl,2006,100.0
chl,2007,100.0
chl,2008,100.0
chl,2009,100.0
chl,2010,100.0
chl,2011,100.0
chl,2012,100.0
chl,2013,100.0
chl,2014,100.0
chl,2015,100.0
chl,2016,100.0
chl,2017,100.0
chl,2018,100.0
chl,2019,100.0
chl,2020,100.0
chl,2021,100.0
chl,2022,100.0
chl,2023,100.0
chn,2000,59.0
chn,2001,60.0
chn,2002,58.0
chn,2003,75.0
chn,2004,96.0
chn,2005,110.0
chn,2006,110.0
chn,2007,110.0
chn,2008,110.0
chn,2009,110.0
chn,2010,110.0
chn,2011,110.0
chn,2012,110.0
chn,2013,110.0
chn,2014,110.0
chn,2015,110.0
chn,2016,100.0
chn,2017,100.0
chn,2018,110.0
chn,2019,100.0
chn,2020,87.0
chn,2021,88.0
chn,2022,79.0
chn,2023,90.0
hkg,2000,100.0
hkg,2001,100.0
hkg,2002,100.0
hkg,2003,100.0
hkg,2004,100.0
hkg,2005,100.0
hkg,2006,100.0
hkg,2007,100.0
hkg,2008,100.0
hkg,2009,100.0
hkg,2010,100.0
hkg,2011,100.0
hkg,2012,100.0
hkg,2013,100.0
hkg,2014,100.0
hkg,2015,100.0
hkg,2016,100.0
hkg,2017,100.0
hkg,2018,100.0
hkg,2019,100.0
hkg,2020,100.0
hkg,2021,100.0
hkg,2022,100.0
hkg,2023,100.0
mac,2000,100.0
mac,2001,100.0
mac,2002,100.0
mac,2003,100.0
mac,2004,100.0
mac,2005,100.0
mac,2006,100.0
mac,2007,100.0
mac,2008,100.0
mac,2009,100.0
mac,2010,100.0
mac,2011,100.0
mac,2012,100.0
mac,2013,100.0
mac,2014,100.0
mac,2015,100.0
mac,2016,100.0
mac,2017,100.0
mac,2018,100.0
mac,2019,100.0
mac,2020,100.0
mac,2021,100.0
mac,2022,100.0
mac,2023,100.0
col,2000,110.0
col,2001,110.0
col,2002,110.0
col,2003,110.0
col,2004,100.0
col,2005,100.0
col,2006,100.0
col,2007,100.0
col,2008,100.0
col,2009,100.0
col,2010,100.0
col,2011,100.0
col,2012,100.0
col,2013,100.0
col,2014,100.0
col,2015,100.0
col,2016,100.0
col,2017,100.0
col,2018,100.0
col,2019,110.0
col,2020,90.0
col,2021,88.0
col,2022,95.0
col,2023,110.0
com,2000,94.0
com,2001,110.0
com,2002,85.0
com,2003,55.0
com,2004,67.0
com,2005,81.0
com,2006,81.0
com,2008,95.0
com,2009,90.0
com,2011,78.0
com,2012,79.0
com,2013,78.0
com,2014,93.0
com,2016,98.0
com,2017,75.0
com,2018,70.0
com,2019,110.0
com,2020,86.0
com,2021,72.0
com,2022,55.0
com,2023,55.0
cog,2000,97.0
cog,2001,96.0
cog,2002,97.0
cog,2003,89.0
cog,2004,96.0
cog,2005,100.0
cog,2006,86.0
cog,2007,89.0
cog,2008,86.0
cog,2009,92.0
cog,2010,93.0
cog,2011,88.0
cog,2012,87.0
cog,2013,90.0
cog,2014,82.0
cog,2015,80.0
cog,2016,84.0
cog,2017,79.0
cog,2018,82.0
cog,2019,89.0
cog,2020,84.0
cog,2021,88.0
cog,2022,99.0
cog,2023,100.0
cok,2000,100.0
cok,2001,100.0
cok,2002,100.0
cok,2004,100.0
cok,2005,100.0
cok,2006,100.0
cok,2008,100.0
cok,2009,100.0
cok,2011,100.0
cok,2012,100.0
cok,2013,100.0
cok,2014,100.0
cok,2016,100.0
cok,2019,100.0
cok,2020,100.0
cok,2023,100.0
cri,2000,140.0
cri,2001,140.0
cri,2002,130.0
cri,2003,130.0
cri,2004,150.0
cri,2005,120.0
cri,2006,120.0
cri,2007,120.0
cri,2008,120.0
cri,2009,110.0
cri,2010,120.0
cri,2011,120.0
cri,2012,110.0
cri,2013,110.0
cri,2014,110.0
cri,2015,110.0
cri,2016,100.0
cri,2017,100.0
cri,2018,110.0
cri,2019,110.0
cri,2020,91.0
cri,2021,91.0
cri,2022,100.0
cri,2023,120.0
civ,2000,96.0
civ,2001,99.0
civ,2002,90.0
civ,2003,93.0
civ,2004,100.0
civ,2005,94.0
civ,2006,97.0
civ,2007,100.0
civ,2008,110.0
civ,2009,99.0
civ,2010,99.0
civ,2011,97.0
civ,2012,100.0
civ,2013,95.0
civ,2014,98.0
civ,2015,93.0
civ,2016,88.0
civ,2017,86.0
civ,2018,85.0
civ,2019,85.0
civ,2020,81.0
civ,2021,88.0
civ,2022,96.0
civ,2023,99.0
hrv,2000,100.0
hrv,2001,100.0
hrv,2002,100.0
hrv,2003,100.0
hrv,2004,100.0
hrv,2005,100.0
hrv,2006,100.0
hrv,2007,100.0
hrv,2008,100.0
hrv,2009,100.0
hrv,2010,100.0
hrv,2011,100.0
hrv,2012,100.0
hrv,2013,100.0
hrv,2014,100.0
hrv,2015,100.0
hrv,2016,100.0
hrv,2017,100.0
hrv,2018,100.0
hrv,2019,100.0
hrv,2020,100.0
hrv,2021,100.0
hrv,2022,100.0
hrv,2023,220.0
cub,2000,120.0
cub,2001,110.0
cub,2002,110.0
cub,2003,110.0
cub,2004,110.0
cub,2005,110.0
cub,2006,110.0
cub,2007,100.0
cub,2008,110.0
cub,2009,100.0
cub,2010,110.0
cub,2011,110.0
cub,2012,100.0
cub,2013,100.0
cub,2014,100.0
cub,2015,100.0
cub,2016,100.0
cub,2017,100.0
cub,2018,100.0
cub,2019,100.0
cub,2020,95.0
cub,2021,84.0
cub,2022,120.0
cub,2023,100.0
cuw,2010,100.0
cuw,2011,100.0
cuw,2012,100.0
cuw,2013,100.0
cuw,2014,100.0
cuw,2015,100.0
cuw,2016,100.0
cuw,2017,100.0
cuw,2022,100.0
cyp,2000,100.0
cyp,2001,100.0
cyp,2002,100.0
cyp,2003,100.0
cyp,2004,100.0
cyp,2005,100.0
cyp,2006,100.0
cyp,2007,100.0
cyp,2008,100.0
cyp,2009,100.0
cyp,2010,100.0
cyp,2011,100.0
cyp,2012,100.0
cyp,2013,100.0
cyp,2014,100.0
cyp,2015,100.0
cyp,2016,100.0
cyp,2017,100.0
cyp,2018,100.0
cyp,2019,100.0
cyp,2020,100.0
cyp,2021,100.0
cyp,2022,100.0
cyp,2023,120.0
cze,2000,100.0
cze,2001,100.0
cze,2002,100.0
cze,2003,100.0
cze,2004,100.0
cze,2005,100.0
cze,2006,100.0
cze,2007,100.0
cze,2008,100.0
cze,2009,100.0
cze,2010,100.0
cze,2011,100.0
cze,2012,100.0
cze,2013,100.0
cze,2014,100.0
cze,2015,100.0
cze,2016,100.0
cze,2017,100.0
cze,2018,100.0
cze,2019,100.0
cze,2020,100.0
cze,2021,100.0
cze,2022,100.0
cze,2023,100.0
prk,2000,32.0
prk,2001,28.0
prk,2002,38.0
prk,2003,46.0
prk,2004,41.0
prk,2005,39.0
prk,2006,41.0
prk,2007,53.0
prk,2008,66.0
prk,2009,69.0
prk,2010,76.0
prk,2011,82.0
prk,2012,82.0
prk,2013,86.0
prk,2014,91.0
prk,2015,99.0
prk,2016,98.0
prk,2017,87.0
prk,2018,78.0
prk,2019,82.0
prk,2020,78.0
prk,2021,76.0
prk,2022,71.0
prk,2023,67.0
cod,2000,58.0
cod,2001,61.0
cod,2002,63.0
cod,2003,69.0
cod,2004,79.0
cod,2005,79.0
cod,2006,75.0
cod,2007,76.0
cod,2008,78.0
cod,2009,80.0
cod,2010,80.0
cod,2011,74.0
cod,2012,71.0
cod,2013,71.0
cod,2014,71.0
cod,2015,71.0
cod,2016,75.0
cod,2017,83.0
cod,2018,91.0
cod,2019,93.0
cod,2020,100.0
cod,2021,110.0
cod,2022,120.0
cod,2023,120.0
dnk,2000,100.0
dnk,2001,100.0
dnk,2002,100.0
dnk,2003,100.0
dnk,2004,100.0
dnk,2005,100.0
dnk,2006,100.0
dnk,2007,100.0
dnk,2008,100.0
dnk,2009,100.0
dnk,2010,100.0
dnk,2011,100.0
dnk,2012,100.0
dnk,2013,100.0
dnk,2014,100.0
dnk,2015,100.0
dnk,2016,100.0
dnk,2017,100.0
dnk,2018,100.0
dnk,2019,100.0
dnk,2020,100.0
dnk,2021,100.0
dnk,2022,100.0
dnk,2023,94.0
dji,2000,100.0
dji,2001,100.0
dji,2002,100.0
dji,2003,100.0
dji,2004,100.0
dji,2005,100.0
dji,2006,100.0
dji,2007,100.0
dji,2008,100.0
dji,2009,100.0
dji,2010,100.0
dji,2011,100.0
dji,2012,100.0
dji,2013,100.0
dji,2014,100.0
dji,2015,100.0
dji,2016,100.0
dji,2017,100.0
dji,2018,100.0
dji,2019,100.0
dji,2020,100.0
dji,2021,100.0
dji,2022,100.0
dma,2002,92.0
dma,2006,120.0
dma,2007,94.0
dma,2008,110.0
dma,2009,95.0
dma,2010,100.0
dma,2011,92.0
dma,2012,100.0
dma,2013,93.0
dma,2014,89.0
dma,2015,98.0
dma,2016,96.0
dma,2017,92.0
dma,2018,97.0
dma,2019,110.0
dma,2021,0.0
dma,2022,0.0
dma,2023,44.0
dom,2000,130.0
dom,2001,130.0
dom,2002,120.0
dom,2003,120.0
dom,2004,120.0
dom,2005,120.0
dom,2006,120.0
dom,2007,110.0
dom,2008,110.0
dom,2009,110.0
dom,2010,110.0
dom,2011,110.0
dom,2012,110.0
dom,2013,110.0
dom,2014,110.0
dom,2015,110.0
dom,2016,110.0
dom,2017,110.0
dom,2018,110.0
dom,2019,100.0
dom,2020,76.0
dom,2021,96.0
dom,2022,120.0
dom,2023,120.0
ecu,2000,120.0
ecu,2001,110.0
ecu,2002,110.0
ecu,2003,120.0
ecu,2004,110.0
ecu,2005,100.0
ecu,2006,100.0
ecu,2007,100.0
ecu,2008,100.0
ecu,2009,100.0
ecu,2010,100.0
ecu,2011,100.0
ecu,2012,100.0
ecu,2013,100.0
ecu,2014,100.0
ecu,2015,100.0
ecu,2016,100.0
ecu,2017,100.0
ecu,2018,100.0
ecu,2019,100.0
ecu,2020,86.0
ecu,2021,91.0
ecu,2022,110.0
ecu,2023,100.0
egy,2000,68.0
egy,2001,67.0
egy,2002,71.0
egy,2003,73.0
egy,2004,75.0
egy,2005,74.0
egy,2006,65.0
egy,2007,64.0
egy,2008,63.0
egy,2009,67.0
egy,2010,67.0
egy,2011,66.0
egy,2012,63.0
egy,2013,59.0
egy,2014,57.0
egy,2015,62.0
egy,2016,65.0
egy,2017,68.0
egy,2018,72.0
egy,2019,73.0
egy,2020,67.0
egy,2021,68.0
egy,2022,84.0
egy,2023,100.0
slv,2000,100.0
slv,2001,100.0
slv,2002,100.0
slv,2003,100.0
slv,2004,100.0
slv,2005,100.0
slv,2006,100.0
slv,2007,100.0
slv,2008,100.0
slv,2009,100.0
slv,2010,100.0
slv,2011,100.0
slv,2012,100.0
slv,2013,100.0
slv,2014,100.0
slv,2015,100.0
slv,2016,100.0
slv,2017,100.0
slv,2018,100.0
slv,2019,100.0
slv,2020,100.0
slv,2021,100.0
slv,2022,100.0
slv,2023,100.0
gnq,2004,42.0
gnq,2008,43.0
gnq,2009,42.0
gnq,2010,44.0
gnq,2011,44.0
gnq,2014,47.0
gnq,2015,49.0
gnq,2016,50.0
gnq,2017,50.0
gnq,2018,47.0
gnq,2019,48.0
gnq,2020,49.0
gnq,2021,59.0
gnq,2022,96.0
gnq,2023,110.0
eri,2000,340.0
eri,2001,140.0
eri,2002,140.0
eri,2003,7100.0
eri,2004,2400.0
eri,2005,850.0
eri,2006,440.0
eri,2007,740.0
eri,2008,370.0
eri,2009,330.0
eri,2010,310.0
eri,2011,350.0
eri,2012,360.0
eri,2013,290.0
eri,2014,210.0
eri,2015,170.0
eri,2016,180.0
eri,2017,160.0
eri,2018,150.0
eri,2019,140.0
eri,2020,140.0
eri,2021,150.0
eri,2022,210.0
eri,2023,280.0
est,2000,100.0
est,2001,100.0
est,2002,100.0
est,2003,100.0
est,2004,100.0
est,2005,100.0
est,2006,100.0
est,2007,100.0
est,2008,100.0
est,2009,100.0
est,2010,100.0
est,2011,100.0
est,2012,100.0
est,2013,100.0
est,2014,100.0
est,2015,100.0
est,2016,100.0
est,2017,100.0
est,2018,100.0
est,2019,100.0
est,2020,100.0
est,2021,100.0
est,2022,100.0
est,2023,100.0
swz,2000,280.0
swz,2001,300.0
swz,2002,370.0
swz,2003,560.0
swz,2004,640.0
swz,2005,860.0
swz,2006,990.0
swz,2007,900.0
swz,2008,790.0
swz,2009,1600.0
swz,2010,1600.0
swz,2011,620.0
swz,2012,370.0
swz,2013,300.0
swz,2014,210.0
swz,2015,140.0
swz,2016,120.0
swz,2017,110.0
swz,2018,100.0
swz,2019,110.0
swz,2020,93.0
swz,2021,93.0
swz,2022,120.0
swz,2023,130.0
eth,2000,170.0
eth,2001,170.0
eth,2002,180.0
eth,2003,180.0
eth,2004,170.0
eth,2005,160.0
eth,2006,150.0
eth,2007,150.0
eth,2008,160.0
eth,2009,160.0
eth,2010,160.0
eth,2011,130.0
eth,2012,140.0
eth,2013,130.0
eth,2014,110.0
eth,2015,100.0
eth,2016,100.0
eth,2017,99.0
eth,2018,98.0
eth,2019,97.0
eth,2020,100.0
eth,2021,110.0
eth,2022,110.0
eth,2023,110.0
fji,2000,84.0
fji,2001,85.0
fji,2002,83.0
fji,2003,84.0
fji,2004,81.0
fji,2005,80.0
fji,2006,79.0
fji,2007,79.0
fji,2008,79.0
fji,2009,82.0
fji,2010,84.0
fji,2011,85.0
fji,2012,85.0
fji,2013,87.0
fji,2014,94.0
fji,2015,93.0
fji,2016,91.0
fji,2017,93.0
fji,2018,96.0
fji,2019,100.0
fji,2020,93.0
fji,2021,73.0
fji,2022,120.0
fji,2023,83.0
fin,2000,100.0
fin,2001,100.0
fin,2002,100.0
fin,2003,100.0
fin,2004,100.0
fin,2005,100.0
fin,2006,100.0
fin,2007,100.0
fin,2008,100.0
fin,2009,100.0
fin,2010,100.0
fin,2011,100.0
fin,2012,100.0
fin,2013,100.0
fin,2014,100.0
fin,2015,100.0
fin,2016,100.0
fin,2017,100.0
fin,2018,100.0
fin,2019,100.0
fin,2020,100.0
fin,2021,100.0
fin,2022,100.0
fin,2023,110.0
fra,2000,94.0
fra,2001,94.0
fra,2002,94.0
fra,2003,94.0
fra,2004,94.0
fra,2005,94.0
fra,2006,94.0
fra,2007,94.0
fra,2008,94.0
fra,2009,94.0
fra,2010,94.0
fra,2011,94.0
fra,2012,94.0
fra,2013,94.0
fra,2014,94.0
fra,2015,94.0
fra,2016,94.0
fra,2017,94.0
fra,2018,94.0
fra,2019,94.0
fra,2020,94.0
fra,2021,94.0
fra,2022,94.0
fra,2023,94.0
pyf,2000,100.0
pyf,2001,100.0
pyf,2002,100.0
pyf,2003,100.0
pyf,2004,100.0
pyf,2005,100.0
pyf,2006,100.0
pyf,2007,100.0
pyf,2008,100.0
pyf,2009,100.0
pyf,2010,100.0
pyf,2011,100.0
pyf,2012,100.0
pyf,2013,100.0
pyf,2014,100.0
pyf,2015,100.0
pyf,2016,100.0
pyf,2017,100.0
pyf,2018,100.0
pyf,2020,100.0
pyf,2021,100.0
pyf,2022,100.0
pyf,2023,100.0
gab,2001,55.0
gab,2002,44.0
gab,2003,45.0
gab,2004,51.0
gab,2005,48.0
gab,2006,57.0
gab,2007,69.0
gab,2008,80.0
gab,2009,53.0
gab,2010,63.0
gab,2011,71.0
gab,2012,77.0
gab,2013,78.0
gab,2014,82.0
gab,2015,82.0
gab,2016,78.0
gab,2017,71.0
gab,2018,76.0
gab,2019,71.0
gab,2020,64.0
gab,2021,65.0
gab,2022,80.0
gab,2023,84.0
gmb,2000,85.0
gmb,2001,88.0
gmb,2002,89.0
gmb,2003,90.0
gmb,2004,89.0
gmb,2005,90.0
gmb,2006,95.0
gmb,2007,98.0
gmb,2008,89.0
gmb,2009,89.0
gmb,2010,95.0
gmb,2011,88.0
gmb,2012,87.0
gmb,2013,87.0
gmb,2014,94.0
gmb,2015,91.0
gmb,2016,89.0
gmb,2017,87.0
gmb,2018,83.0
gmb,2019,91.0
gmb,2020,85.0
gmb,2021,80.0
gmb,2022,92.0
gmb,2023,100.0
geo,2000,300.0
geo,2001,260.0
geo,2002,270.0
geo,2003,290.0
geo,2004,200.0
geo,2005,210.0
geo,2006,210.0
geo,2007,200.0
geo,2008,140.0
geo,2009,130.0
geo,2010,120.0
geo,2011,120.0
geo,2012,120.0
geo,2013,120.0
geo,2014,120.0
geo,2015,110.0
geo,2016,110.0
geo,2017,98.0
geo,2018,93.0
geo,2019,92.0
geo,2020,77.0
geo,2021,76.0
geo,2022,83.0
geo,2023,79.0
deu,2000,100.0
deu,2001,100.0
deu,2002,100.0
deu,2003,100.0
deu,2004,100.0
deu,2005,100.0
deu,2006,100.0
deu,2007,100.0
deu,2008,100.0
deu,2009,100.0
deu,2010,100.0
deu,2011,100.0
deu,2012,100.0
deu,2013,100.0
deu,2014,100.0
deu,2015,100.0
deu,2016,100.0
deu,2017,100.0
deu,2018,100.0
deu,2019,100.0
deu,2020,100.0
deu,2021,100.0
deu,2022,100.0
deu,2023,120.0
gha,2000,87.0
gha,2001,91.0
gha,2002,85.0
gha,2003,82.0
gha,2004,79.0
gha,2005,78.0
gha,2006,77.0
gha,2007,76.0
gha,2008,82.0
gha,2009,84.0
gha,2010,81.0
gha,2011,83.0
gha,2012,78.0
gha,2013,79.0
gha,2014,75.0
gha,2015,72.0
gha,2016,69.0
gha,2017,67.0
gha,2018,65.0
gha,2019,67.0
gha,2020,60.0
gha,2021,65.0
gha,2022,83.0
gha,2023,99.0
grc,2000,100.0
grc,2001,100.0
grc,2002,100.0
grc,2003,100.0
grc,2004,100.0
grc,2005,100.0
grc,2006,100.0
grc,2007,100.0
grc,2008,100.0
grc,2009,100.0
grc,2010,100.0
grc,2011,100.0
grc,2012,100.0
grc,2013,100.0
grc,2014,100.0
grc,2015,100.0
grc,2016,100.0
grc,2017,100.0
grc,2018,100.0
grc,2019,100.0
grc,2020,100.0
grc,2021,100.0
grc,2022,100.0
grc,2023,100.0
grl,2009,100.0
grl,2010,100.0
grl,2011,100.0
grl,2012,100.0
grl,2013,100.0
grl,2014,100.0
grl,2015,100.0
grl,2016,100.0
grl,2017,100.0
grl,2018,100.0
grl,2019,100.0
grl,2020,100.0
grl,2021,100.0
grl,2022,100.0
grl,2023,100.0
grd,2002,88.0
grd,2003,93.0
grd,2004,93.0
grd,2006,87.0
grd,2007,98.0
grd,2008,110.0
grd,2009,110.0
grd,2010,100.0
grd,2011,92.0
grd,2012,87.0
grd,2015,110.0
grd,2016,120.0
grd,2017,98.0
grd,2018,93.0
grd,2019,98.0
grd,2020,33.0
grd,2021,66.0
grd,2022,33.0
grd,2023,100.0
gum,2000,100.0
gum,2001,100.0
gum,2002,100.0
gum,2003,100.0
gum,2004,100.0
gum,2005,100.0
gum,2006,100.0
gum,2007,100.0
gum,2008,100.0
gum,2009,100.0
gum,2010,100.0
gum,2011,100.0
gum,2012,100.0
gum,2013,100.0
gum,2014,100.0
gum,2015,100.0
gum,2016,100.0
gum,2017,100.0
gum,2018,100.0
gum,2019,100.0
gum,2020,100.0
gum,2021,100.0
gum,2022,100.0
gum,2023,100.0
gtm,2000,110.0
gtm,2001,100.0
gtm,2002,110.0
gtm,2003,100.0
gtm,2004,110.0
gtm,2005,120.0
gtm,2006,110.0
gtm,2007,110.0
gtm,2008,110.0
gtm,2009,100.0
gtm,2010,110.0
gtm,2011,100.0
gtm,2012,110.0
gtm,2013,110.0
gtm,2014,100.0
gtm,2015,110.0
gtm,2016,100.0
gtm,2017,110.0
gtm,2018,110.0
gtm,2019,110.0
gtm,2020,81.0
gtm,2021,89.0
gtm,2022,120.0
gtm,2023,100.0
gin,2000,51.0
gin,2001,54.0
gin,2002,57.0
gin,2003,61.0
gin,2004,66.0
gin,2005,60.0
gin,2006,76.0
gin,2007,80.0
gin,2008,85.0
gin,2009,70.0
gin,2010,91.0
gin,2011,92.0
gin,2012,91.0
gin,2013,89.0
gin,2014,90.0
gin,2015,91.0
gin,2016,92.0
gin,2017,98.0
gin,2018,99.0
gin,2019,110.0
gin,2020,100.0
gin,2021,120.0
gin,2022,130.0
gin,2023,130.0
gnb,2000,48.0
gnb,2002,55.0
gnb,2003,55.0
gnb,2004,59.0
gnb,2005,55.0
gnb,2006,65.0
gnb,2008,61.0
gnb,2009,61.0
gnb,2010,60.0
gnb,2011,55.0
gnb,2012,50.0
gnb,2013,53.0
gnb,2014,56.0
gnb,2015,51.0
gnb,2016,52.0
gnb,2017,51.0
gnb,2018,45.0
gnb,2019,52.0
gnb,2020,54.0
gnb,2021,52.0
gnb,2022,61.0
gnb,2023,53.0
guy,2000,100.0
guy,2001,100.0
guy,2002,100.0
guy,2003,100.0
guy,2004,100.0
guy,2005,100.0
guy,2006,100.0
guy,2007,100.0
guy,2008,100.0
guy,2009,100.0
guy,2010,100.0
guy,2011,100.0
guy,2012,100.0
guy,2013,100.0
guy,2014,100.0
guy,2015,100.0
guy,2016,100.0
guy,2017,100.0
guy,2018,100.0
guy,2019,100.0
guy,2020,100.0
guy,2021,100.0
guy,2022,100.0
guy,2023,100.0
hti,2000,97.0
hti,2001,94.0
hti,2002,110.0
hti,2003,120.0
hti,2004,130.0
hti,2005,120.0
hti,2006,120.0
hti,2007,120.0
hti,2008,120.0
hti,2009,120.0
hti,2010,120.0
hti,2011,110.0
hti,2012,110.0
hti,2013,110.0
hti,2014,100.0
hti,2015,100.0
hti,2016,100.0
hti,2017,100.0
hti,2018,92.0
hti,2019,90.0
hti,2020,81.0
hti,2021,77.0
hti,2022,85.0
hti,2023,92.0
hnd,2000,290.0
hnd,2001,200.0
hnd,2002,170.0
hnd,2003,160.0
hnd,2004,140.0
hnd,2005,130.0
hnd,2006,130.0
hnd,2007,120.0
hnd,2008,120.0
hnd,2009,120.0
hnd,2010,120.0
hnd,2011,120.0
hnd,2012,120.0
hnd,2013,110.0
hnd,2014,110.0
hnd,2015,110.0
hnd,2016,110.0
hnd,2017,110.0
hnd,2018,110.0
hnd,2019,100.0
hnd,2020,78.0
hnd,2021,85.0
hnd,2022,93.0
hnd,2023,110.0
hun,2000,100.0
hun,2001,100.0
hun,2002,100.0
hun,2003,100.0
hun,2004,100.0
hun,2005,100.0
hun,2006,100.0
hun,2007,100.0
hun,2008,100.0
hun,2009,100.0
hun,2010,100.0
hun,2011,100.0
hun,2012,100.0
hun,2013,100.0
hun,2014,100.0
hun,2015,100.0
hun,2016,100.0
hun,2017,100.0
hun,2018,100.0
hun,2019,100.0
hun,2020,100.0
hun,2021,100.0
hun,2022,100.0
hun,2023,100.0
isl,2000,100.0
isl,2001,100.0
isl,2002,100.0
isl,2003,100.0
isl,2004,100.0
isl,2005,100.0
isl,2006,100.0
isl,2007,100.0
isl,2008,100.0
isl,2009,100.0
isl,2010,100.0
isl,2011,100.0
isl,2012,100.0
isl,2013,100.0
isl,2014,100.0
isl,2015,100.0
isl,2016,100.0
isl,2017,100.0
isl,2018,100.0
isl,2019,100.0
isl,2020,100.0
isl,2021,100.0
isl,2022,100.0
isl,2023,130.0
ind,2000,96.0
ind,2001,91.0
ind,2002,88.0
ind,2003,87.0
ind,2004,90.0
ind,2005,90.0
ind,2006,94.0
ind,2007,97.0
ind,2008,98.0
ind,2009,97.0
ind,2010,95.0
ind,2011,76.0
ind,2012,72.0
ind,2013,68.0
ind,2014,72.0
ind,2015,69.0
ind,2016,69.0
ind,2017,63.0
ind,2018,75.0
ind,2019,87.0
ind,2020,68.0
ind,2021,80.0
ind,2022,93.0
ind,2023,100.0
idn,2000,12.0
idn,2001,13.0
idn,2002,21.0
idn,2003,24.0
idn,2004,28.0
idn,2005,34.0
idn,2006,37.0
idn,2007,37.0
idn,2008,39.0
idn,2009,39.0
idn,2010,40.0
idn,2011,42.0
idn,2012,43.0
idn,2013,42.0
idn,2014,42.0
idn,2015,43.0
idn,2016,47.0
idn,2017,57.0
idn,2018,73.0
idn,2019,72.0
idn,2020,51.0
idn,2021,51.0
idn,2022,73.0
idn,2023,81.0
irn,2000,130.0
irn,2001,130.0
irn,2002,130.0
irn,2003,120.0
irn,2004,120.0
irn,2005,110.0
irn,2006,110.0
irn,2007,110.0
irn,2008,110.0
irn,2009,110.0
irn,2010,110.0
irn,2011,110.0
irn,2012,110.0
irn,2013,110.0
irn,2014,110.0
irn,2015,110.0
irn,2016,100.0
irn,2017,100.0
irn,2018,100.0
irn,2019,100.0
irn,2020,73.0
irn,2021,79.0
irn,2022,97.0
irn,2023,100.0
irq,2000,100.0
irq,2001,110.0
irq,2002,120.0
irq,2003,110.0
irq,2004,99.0
irq,2005,87.0
irq,2006,74.0
irq,2007,74.0
irq,2008,84.0
irq,2009,84.0
irq,2010,86.0
irq,2011,77.0
irq,2012,73.0
irq,2013,72.0
irq,2014,70.0
irq,2015,70.0
irq,2016,63.0
irq,2017,69.0
irq,2018,67.0
irq,2019,65.0
irq,2020,52.0
irq,2021,65.0
irq,2022,79.0
irq,2023,89.0
irl,2000,100.0
irl,2001,100.0
irl,2002,100.0
irl,2003,100.0
irl,2004,100.0
irl,2005,100.0
irl,2006,100.0
irl,2007,100.0
irl,2008,100.0
irl,2009,100.0
irl,2010,100.0
irl,2011,100.0
irl,2012,100.0
irl,2013,100.0
irl,2014,100.0
irl,2015,100.0
irl,2016,100.0
irl,2017,100.0
irl,2018,100.0
irl,2019,100.0
irl,2020,100.0
irl,2021,100.0
irl,2022,100.0
irl,2023,100.0
isr,2000,100.0
isr,2001,100.0
isr,2002,100.0
isr,2003,100.0
isr,2004,100.0
isr,2005,100.0
isr,2006,100.0
isr,2007,100.0
isr,2008,100.0
isr,2009,100.0
isr,2010,100.0
isr,2011,100.0
isr,2012,100.0
isr,2013,100.0
isr,2014,100.0
isr,2015,100.0
isr,2016,100.0
isr,2017,100.0
isr,2018,100.0
isr,2019,100.0
isr,2020,100.0
isr,2021,100.0
isr,2022,100.0
isr,2023,100.0
ita,2000,100.0
ita,2001,100.0
ita,2002,100.0
ita,2003,100.0
ita,2004,100.0
ita,2005,100.0
ita,2006,100.0
ita,2007,100.0
ita,2008,100.0
ita,2009,100.0
ita,2010,100.0
ita,2011,100.0
ita,2012,100.0
ita,2013,100.0
ita,2015,100.0
ita,2016,100.0
ita,2017,100.0
ita,2018,100.0
ita,2019,100.0
ita,2020,100.0
ita,2021,100.0
ita,2022,100.0
ita,2023,120.0
jam,2000,140.0
jam,2001,130.0
jam,2002,130.0
jam,2003,130.0
jam,2004,130.0
jam,2005,120.0
jam,2006,120.0
jam,2007,120.0
jam,2008,120.0
jam,2009,140.0
jam,2010,140.0
jam,2011,120.0
jam,2012,120.0
jam,2013,120.0
jam,2014,110.0
jam,2015,120.0
jam,2016,120.0
jam,2017,130.0
jam,2018,110.0
jam,2019,110.0
jam,2020,92.0
jam,2021,85.0
jam,2022,120.0
jam,2023,140.0
jpn,2000,100.0
jpn,2001,100.0
jpn,2002,100.0
jpn,2003,100.0
jpn,2004,100.0
jpn,2005,100.0
jpn,2006,100.0
jpn,2007,100.0
jpn,2008,100.0
jpn,2009,100.0
jpn,2010,100.0
jpn,2011,100.0
jpn,2012,100.0
jpn,2013,100.0
jpn,2014,100.0
jpn,2015,100.0
jpn,2016,100.0
jpn,2017,100.0
jpn,2018,100.0
jpn,2019,100.0
jpn,2020,100.0
jpn,2021,100.0
jpn,2022,100.0
jpn,2023,100.0
jor,2000,110.0
jor,2001,110.0
jor,2002,110.0
jor,2003,110.0
jor,2004,110.0
jor,2005,110.0
jor,2006,110.0
jor,2007,100.0
jor,2008,100.0
jor,2009,110.0
jor,2010,110.0
jor,2011,110.0
jor,2012,110.0
jor,2013,110.0
jor,2014,110.0
jor,2015,100.0
jor,2016,99.0
jor,2017,110.0
jor,2018,97.0
jor,2019,99.0
jor,2020,66.0
jor,2021,65.0
jor,2022,76.0
jor,2023,96.0
kaz,2000,360.0
kaz,2001,390.0
kaz,2002,420.0
kaz,2003,540.0
kaz,2004,430.0
kaz,2005,410.0
kaz,2006,360.0
kaz,2007,340.0
kaz,2008,290.0
kaz,2009,300.0
kaz,2010,270.0
kaz,2011,280.0
kaz,2012,200.0
kaz,2013,210.0
kaz,2014,170.0
kaz,2015,160.0
kaz,2016,150.0
kaz,2017,150.0
kaz,2018,150.0
kaz,2019,150.0
kaz,2020,120.0
kaz,2021,110.0
kaz,2022,110.0
kaz,2023,110.0
ken,2000,120.0
ken,2001,130.0
ken,2002,140.0
ken,2003,170.0
ken,2004,190.0
ken,2005,180.0
ken,2006,190.0
ken,2007,180.0
ken,2008,150.0
ken,2009,150.0
ken,2010,140.0
ken,2011,130.0
ken,2012,120.0
ken,2013,110.0
ken,2014,100.0
ken,2015,95.0
ken,2016,89.0
ken,2017,97.0
ken,2018,110.0
ken,2019,100.0
ken,2020,89.0
ken,2021,94.0
ken,2022,110.0
ken,2023,130.0
kir,2000,100.0
kir,2001,100.0
kir,2002,100.0
kir,2003,100.0
kir,2004,100.0
kir,2005,100.0
kir,2006,100.0
kir,2007,100.0
kir,2008,100.0
kir,2009,100.0
kir,2010,100.0
kir,2011,100.0
kir,2012,100.0
kir,2013,100.0
kir,2014,100.0
kir,2015,100.0
kir,2016,100.0
kir,2017,100.0
kir,2018,100.0
kir,2019,100.0
kir,2020,100.0
kir,2021,100.0
kir,2022,100.0
kir,2023,100.0
kwt,2000,100.0
kwt,2001,100.0
kwt,2002,100.0
kwt,2003,100.0
kwt,2004,100.0
kwt,2005,100.0
kwt,2006,100.0
kwt,2007,100.0
kwt,2008,100.0
kwt,2009,100.0
kwt,2010,100.0
kwt,2011,100.0
kwt,2012,100.0
kwt,2013,100.0
kwt,2014,100.0
kwt,2015,100.0
kwt,2016,100.0
kwt,2017,100.0
kwt,2018,100.0
kwt,2019,100.0
kwt,2020,100.0
kwt,2021,100.0
kwt,2022,100.0
kwt,2023,100.0
kgz,2000,100.0
kgz,2001,110.0
kgz,2002,120.0
kgz,2003,110.0
kgz,2004,110.0
kgz,2005,100.0
kgz,2006,100.0
kgz,2007,100.0
kgz,2008,110.0
kgz,2009,100.0
kgz,2010,100.0
kgz,2011,100.0
kgz,2012,100.0
kgz,2013,110.0
kgz,2014,100.0
kgz,2015,100.0
kgz,2016,100.0
kgz,2017,100.0
kgz,2018,100.0
kgz,2019,100.0
kgz,2020,70.0
kgz,2021,74.0
kgz,2022,73.0
kgz,2023,67.0
lao,2000,36.0
lao,2001,38.0
lao,2002,40.0
lao,2003,41.0
lao,2004,47.0
lao,2005,54.0
lao,2006,57.0
lao,2007,56.0
lao,2008,57.0
lao,2009,54.0
lao,2010,56.0
lao,2011,59.0
lao,2012,56.0
lao,2013,56.0
lao,2014,60.0
lao,2015,62.0
lao,2016,68.0
lao,2017,78.0
lao,2018,90.0
lao,2019,94.0
lao,2020,110.0
lao,2021,91.0
lao,2022,130.0
lao,2023,150.0
lva,2000,100.0
lva,2001,100.0
lva,2002,100.0
lva,2003,100.0
lva,2004,100.0
lva,2005,100.0
lva,2006,100.0
lva,2007,100.0
lva,2008,100.0
lva,2009,100.0
lva,2010,100.0
lva,2011,100.0
lva,2012,100.0
lva,2013,100.0
lva,2014,100.0
lva,2015,100.0
lva,2016,100.0
lva,2017,100.0
lva,2021,100.0
lva,2022,100.0
lbn,2000,100.0
lbn,2001,100.0
lbn,2002,100.0
lbn,2003,100.0
lbn,2004,100.0
lbn,2005,100.0
lbn,2006,100.0
lbn,2007,100.0
lbn,2008,100.0
lbn,2009,100.0
lbn,2010,100.0
lbn,2011,100.0
lbn,2012,100.0
lbn,2013,100.0
lbn,2014,100.0
lbn,2015,100.0
lbn,2016,100.0
lbn,2017,100.0
lbn,2018,100.0
lbn,2019,100.0
lbn,2020,100.0
lbn,2021,100.0
lbn,2022,100.0
lbn,2023,100.0
lso,2000,110.0
lso,2001,77.0
lso,2002,110.0
lso,2003,140.0
lso,2004,130.0
lso,2005,120.0
lso,2006,140.0
lso,2007,150.0
lso,2008,140.0
lso,2009,140.0
lso,2010,130.0
lso,2011,130.0
lso,2012,120.0
lso,2013,100.0
lso,2014,95.0
lso,2015,83.0
lso,2016,82.0
lso,2017,80.0
lso,2018,80.0
lso,2019,79.0
lso,2020,56.0
lso,2021,54.0
lso,2022,69.0
lso,2023,84.0
lbr,2000,30.0
lbr,2001,33.0
lbr,2002,62.0
lbr,2003,45.0
lbr,2004,75.0
lbr,2005,56.0
lbr,2006,68.0
lbr,2008,68.0
lbr,2009,78.0
lbr,2010,84.0
lbr,2011,95.0
lbr,2012,93.0
lbr,2013,84.0
lbr,2014,55.0
lbr,2015,63.0
lbr,2016,75.0
lbr,2017,80.0
lbr,2018,79.0
lbr,2019,82.0
lbr,2020,69.0
lbr,2021,71.0
lbr,2022,67.0
lbr,2023,68.0
lby,2000,84.0
lby,2002,93.0
lby,2003,94.0
lby,2004,87.0
lby,2005,96.0
lby,2006,93.0
lby,2007,94.0
lby,2008,91.0
lby,2009,92.0
lby,2011,80.0
lby,2012,84.0
lby,2013,71.0
lby,2014,60.0
lby,2015,49.0
lby,2016,58.0
lby,2017,69.0
lby,2018,90.0
lby,2019,88.0
lby,2020,69.0
lby,2021,75.0
lby,2022,83.0
lby,2023,88.0
ltu,2000,100.0
ltu,2001,100.0
ltu,2002,100.0
ltu,2003,100.0
ltu,2004,100.0
ltu,2005,100.0
ltu,2006,100.0
ltu,2007,100.0
ltu,2008,100.0
ltu,2009,100.0
ltu,2010,100.0
ltu,2011,100.0
ltu,2012,100.0
ltu,2013,100.0
ltu,2014,100.0
ltu,2015,100.0
ltu,2016,100.0
ltu,2017,100.0
ltu,2018,100.0
ltu,2019,100.0
ltu,2020,100.0
ltu,2021,100.0
ltu,2022,100.0
ltu,2023,100.0
lux,2000,100.0
lux,2001,100.0
lux,2002,100.0
lux,2003,100.0
lux,2004,100.0
lux,2005,100.0
lux,2006,100.0
lux,2007,100.0
lux,2008,100.0
lux,2009,100.0
lux,2010,100.0
lux,2011,100.0
lux,2012,100.0
lux,2013,100.0
lux,2014,100.0
lux,2015,100.0
lux,2016,100.0
lux,2017,100.0
lux,2018,100.0
lux,2019,100.0
lux,2020,100.0
lux,2021,100.0
lux,2022,100.0
lux,2023,100.0
mdg,2001,58.0
mdg,2002,60.0
mdg,2003,66.0
mdg,2004,67.0
mdg,2005,62.0
mdg,2006,70.0
mdg,2007,69.0
mdg,2008,68.0
mdg,2009,68.0
mdg,2010,72.0
mdg,2011,75.0
mdg,2012,72.0
mdg,2013,73.0
mdg,2014,76.0
mdg,2015,77.0
mdg,2016,74.0
mdg,2017,78.0
mdg,2018,81.0
mdg,2019,87.0
mdg,2020,84.0
mdg,2021,91.0
mdg,2022,100.0
mdg,2023,100.0
mwi,2000,490.0
mwi,2001,560.0
mwi,2002,530.0
mwi,2003,610.0
mwi,2004,560.0
mwi,2005,500.0
mwi,2006,460.0
mwi,2007,410.0
mwi,2008,370.0
mwi,2009,310.0
mwi,2010,260.0
mwi,2011,210.0
mwi,2012,190.0
mwi,2013,150.0
mwi,2014,120.0
mwi,2015,110.0
mwi,2016,110.0
mwi,2017,110.0
mwi,2018,110.0
mwi,2019,110.0
mwi,2020,110.0
mwi,2021,110.0
mwi,2022,140.0
mwi,2023,160.0
mys,2000,100.0
mys,2001,99.0
mys,2002,98.0
mys,2003,98.0
mys,2004,97.0
mys,2005,97.0
mys,2006,97.0
mys,2007,97.0
mys,2008,97.0
mys,2009,97.0
mys,2010,97.0
mys,2011,98.0
mys,2012,99.0
mys,2013,99.0
mys,2014,99.0
mys,2015,98.0
mys,2016,98.0
mys,2017,98.0
mys,2018,97.0
mys,2019,97.0
mys,2020,88.0
mys,2021,76.0
mys,2022,82.0
mys,2023,86.0
mdv,2000,120.0
mdv,2001,130.0
mdv,2002,120.0
mdv,2003,130.0
mdv,2004,120.0
mdv,2005,120.0
mdv,2006,110.0
mdv,2007,120.0
mdv,2008,110.0
mdv,2009,110.0
mdv,2010,100.0
mdv,2011,100.0
mdv,2012,110.0
mdv,2013,110.0
mdv,2014,110.0
mdv,2015,120.0
mdv,2016,120.0
mdv,2017,110.0
mdv,2018,110.0
mdv,2019,110.0
mdv,2020,77.0
mdv,2021,58.0
mdv,2022,71.0
mdv,2023,72.0
mli,2000,93.0
mli,2001,96.0
mli,2002,93.0
mli,2003,92.0
mli,2004,90.0
mli,2005,91.0
mli,2006,94.0
mli,2007,95.0
mli,2008,110.0
mli,2009,99.0
mli,2010,90.0
mli,2011,90.0
mli,2012,88.0
mli,2013,92.0
mli,2014,91.0
mli,2015,100.0
mli,2016,100.0
mli,2017,92.0
mli,2018,97.0
mli,2019,96.0
mli,2020,96.0
mli,2021,100.0
mli,2022,110.0
mli,2023,120.0
mlt,2000,100.0
mlt,2001,100.0
mlt,2002,100.0
mlt,2003,100.0
mlt,2004,100.0
mlt,2005,100.0
mlt,2006,100.0
mlt,2007,100.0
mlt,2008,100.0
mlt,2009,100.0
mlt,2010,100.0
mlt,2011,100.0
mlt,2012,100.0
mlt,2013,100.0
mlt,2014,100.0
mlt,2015,100.0
mlt,2016,100.0
mlt,2017,100.0
mlt,2018,100.0
mlt,2019,100.0
mlt,2020,100.0
mlt,2021,100.0
mlt,2022,100.0
mlt,2023,100.0
mhl,2000,100.0
mhl,2001,100.0
mhl,2002,100.0
mhl,2003,100.0
mhl,2004,100.0
mhl,2005,100.0
mhl,2006,100.0
mhl,2007,100.0
mhl,2008,100.0
mhl,2009,100.0
mhl,2010,100.0
mhl,2011,100.0
mhl,2012,100.0
mhl,2013,100.0
mhl,2014,100.0
mhl,2015,100.0
mhl,2016,100.0
mhl,2017,100.0
mhl,2018,100.0
mhl,2019,100.0
mhl,2020,100.0
mhl,2021,100.0
mhl,2022,100.0
mhl,2023,100.0
mrt,2000,210.0
mrt,2004,180.0
mrt,2005,110.0
mrt,2006,130.0
mrt,2007,140.0
mrt,2008,120.0
mrt,2009,120.0
mrt,2010,110.0
mrt,2011,78.0
mrt,2012,110.0
mrt,2013,93.0
mrt,2014,99.0
mrt,2015,87.0
mrt,2016,94.0
mrt,2017,97.0
mrt,2018,94.0
mrt,2019,97.0
mrt,2020,94.0
mrt,2021,100.0
mrt,2022,110.0
mrt,2023,110.0
mus,2000,120.0
mus,2001,100.0
mus,2002,110.0
mus,2003,110.0
mus,2004,110.0
mus,2005,100.0
mus,2006,100.0
mus,2007,99.0
mus,2008,99.0
mus,2009,100.0
mus,2010,100.0
mus,2011,100.0
mus,2012,100.0
mus,2013,100.0
mus,2014,100.0
mus,2015,100.0
mus,2016,100.0
mus,2017,100.0
mus,2018,110.0
mus,2019,100.0
mus,2020,86.0
mus,2021,77.0
mus,2022,100.0
mus,2023,87.0
mex,2000,100.0
mex,2001,110.0
mex,2002,100.0
mex,2003,100.0
mex,2004,98.0
mex,2005,100.0
mex,2006,100.0
mex,2007,100.0
mex,2008,100.0
mex,2009,100.0
mex,2010,100.0
mex,2011,100.0
mex,2012,100.0
mex,2013,100.0
mex,2014,100.0
mex,2015,100.0
mex,2016,100.0
mex,2017,110.0
mex,2018,110.0
mex,2019,110.0
mex,2020,79.0
mex,2021,88.0
mex,2022,98.0
mex,2023,100.0
fsm,2000,100.0
fsm,2001,100.0
fsm,2002,100.0
fsm,2003,100.0
fsm,2004,100.0
fsm,2005,100.0
fsm,2006,100.0
fsm,2007,100.0
fsm,2008,100.0
fsm,2009,100.0
fsm,2010,100.0
fsm,2011,100.0
fsm,2012,100.0
fsm,2014,100.0
fsm,2015,100.0
fsm,2016,100.0
fsm,2017,100.0
fsm,2018,100.0
fsm,2019,100.0
fsm,2020,100.0
fsm,2021,100.0
fsm,2022,100.0
fsm,2023,100.0
mco,2010,100.0
mco,2016,100.0
mco,2018,100.0
mng,2000,57.0
mng,2001,65.0
mng,2002,69.0
mng,2003,71.0
mng,2004,81.0
mng,2005,81.0
mng,2006,89.0
mng,2007,81.0
mng,2008,77.0
mng,2009,76.0
mng,2010,75.0
mng,2011,70.0
mng,2012,67.0
mng,2013,69.0
mng,2014,70.0
mng,2015,71.0
mng,2016,66.0
mng,2017,62.0
mng,2018,56.0
mng,2019,60.0
mng,2020,55.0
mng,2021,36.0
mng,2022,32.0
mng,2023,31.0
mne,2005,120.0
mne,2006,120.0
mne,2007,110.0
mne,2008,110.0
mne,2009,110.0
mne,2010,110.0
mne,2011,110.0
mne,2012,100.0
mne,2013,110.0
mne,2014,110.0
mne,2015,100.0
mne,2016,100.0
mne,2017,100.0
mne,2018,100.0
mne,2019,100.0
mne,2020,52.0
mne,2021,110.0
mne,2022,93.0
mne,2023,80.0
msr,2003,140.0
msr,2005,140.0
msr,2007,140.0
mar,2000,110.0
mar,2001,110.0
mar,2002,110.0
mar,2003,100.0
mar,2004,100.0
mar,2005,100.0
mar,2006,100.0
mar,2007,100.0
mar,2008,100.0
mar,2009,100.0
mar,2010,100.0
mar,2011,100.0
mar,2012,100.0
mar,2013,100.0
mar,2014,100.0
mar,2015,100.0
mar,2016,100.0
mar,2017,100.0
mar,2018,100.0
mar,2019,100.0
mar,2020,98.0
mar,2021,100.0
mar,2022,100.0
mar,2023,110.0
moz,2000,54.0
moz,2001,55.0
moz,2002,62.0
moz,2003,68.0
moz,2004,72.0
moz,2005,75.0
moz,2006,78.0
moz,2007,81.0
moz,2008,82.0
moz,2009,87.0
moz,2010,85.0
moz,2011,85.0
moz,2012,88.0
moz,2013,95.0
moz,2014,100.0
moz,2015,99.0
moz,2016,120.0
moz,2017,140.0
moz,2018,140.0
moz,2019,140.0
moz,2020,140.0
moz,2021,140.0
moz,2022,150.0
moz,2023,160.0
mmr,2000,35.0
mmr,2001,48.0
mmr,2002,63.0
mmr,2003,82.0
mmr,2004,100.0
mmr,2005,110.0
mmr,2006,130.0
mmr,2007,140.0
mmr,2008,130.0
mmr,2009,130.0
mmr,2010,130.0
mmr,2011,130.0
mmr,2012,130.0
mmr,2013,120.0
mmr,2014,120.0
mmr,2015,120.0
mmr,2016,120.0
mmr,2017,110.0
mmr,2018,120.0
mmr,2019,120.0
mmr,2020,96.0
mmr,2021,53.0
mmr,2022,77.0
mmr,2023,73.0
nam,2000,130.0
nam,2001,150.0
nam,2002,150.0
nam,2003,160.0
nam,2004,170.0
nam,2005,160.0
nam,2006,160.0
nam,2007,150.0
nam,2008,140.0
nam,2009,120.0
nam,2010,120.0
nam,2011,110.0
nam,2012,100.0
nam,2013,100.0
nam,2014,94.0
nam,2015,100.0
nam,2016,92.0
nam,2017,90.0
nam,2018,83.0
nam,2019,85.0
nam,2020,81.0
nam,2021,91.0
nam,2022,120.0
nam,2023,140.0
nru,2000,100.0
nru,2001,100.0
nru,2002,100.0
nru,2003,100.0
nru,2005,100.0
nru,2006,100.0
nru,2007,100.0
nru,2008,100.0
nru,2009,100.0
nru,2010,100.0
nru,2011,100.0
nru,2014,100.0
nru,2015,100.0
nru,2016,100.0
nru,2017,100.0
nru,2018,100.0
nru,2019,100.0
nru,2020,100.0
nru,2021,100.0
nru,2022,100.0
nru,2023,100.0
npl,2000,51.0
npl,2001,52.0
npl,2002,54.0
npl,2003,60.0
npl,2004,59.0
npl,2005,63.0
npl,2006,63.0
npl,2007,65.0
npl,2008,66.0
npl,2009,72.0
npl,2010,74.0
npl,2011,76.0
npl,2012,77.0
npl,2013,76.0
npl,2014,80.0
npl,2015,77.0
npl,2016,74.0
npl,2017,75.0
npl,2018,78.0
npl,2019,78.0
npl,2020,70.0
npl,2021,73.0
npl,2022,97.0
npl,2023,99.0
nld,2000,100.0
nld,2001,100.0
nld,2002,100.0
nld,2003,100.0
nld,2004,100.0
nld,2005,100.0
nld,2006,100.0
nld,2007,100.0
nld,2008,100.0
nld,2009,100.0
nld,2010,100.0
nld,2011,100.0
nld,2012,100.0
nld,2013,100.0
nld,2014,100.0
nld,2015,100.0
nld,2016,100.0
nld,2017,100.0
nld,2018,100.0
nld,2019,100.0
nld,2020,100.0
nld,2021,100.0
nld,2022,100.0
nld,2023,100.0
ncl,2000,100.0
ncl,2001,100.0
ncl,2002,100.0
ncl,2003,100.0
ncl,2004,100.0
ncl,2005,100.0
ncl,2006,100.0
ncl,2007,100.0
ncl,2008,100.0
ncl,2009,100.0
ncl,2010,100.0
ncl,2011,100.0
ncl,2012,100.0
ncl,2014,100.0
ncl,2015,100.0
ncl,2016,100.0
ncl,2017,100.0
ncl,2018,100.0
ncl,2019,100.0
ncl,2020,100.0
ncl,2021,100.0
ncl,2023,100.0
nzl,2000,100.0
nzl,2001,100.0
nzl,2002,100.0
nzl,2003,100.0
nzl,2004,100.0
nzl,2005,100.0
nzl,2006,100.0
nzl,2007,100.0
nzl,2008,100.0
nzl,2009,100.0
nzl,2010,100.0
nzl,2011,100.0
nzl,2012,100.0
nzl,2013,100.0
nzl,2014,100.0
nzl,2015,100.0
nzl,2016,100.0
nzl,2017,100.0
nzl,2018,100.0
nzl,2019,100.0
nzl,2020,100.0
nzl,2021,100.0
nzl,2022,100.0
nzl,2023,100.0
nic,2000,120.0
nic,2001,120.0
nic,2002,110.0
nic,2003,110.0
nic,2004,110.0
nic,2005,110.0
nic,2006,110.0
nic,2007,110.0
nic,2008,110.0
nic,2009,110.0
nic,2010,110.0
nic,2011,120.0
nic,2012,120.0
nic,2013,120.0
nic,2014,110.0
nic,2015,110.0
nic,2016,110.0
nic,2017,110.0
nic,2018,100.0
nic,2019,110.0
nic,2020,89.0
nic,2021,85.0
nic,2022,96.0
nic,2023,97.0
ner,2000,67.0
ner,2001,69.0
ner,2002,66.0
ner,2003,87.0
ner,2004,80.0
ner,2005,89.0
ner,2006,93.0
ner,2007,99.0
ner,2008,95.0
ner,2009,100.0
ner,2010,99.0
ner,2011,100.0
ner,2012,100.0
ner,2013,100.0
ner,2014,96.0
ner,2015,90.0
ner,2016,84.0
ner,2017,86.0
ner,2018,87.0
ner,2019,92.0
ner,2020,92.0
ner,2021,110.0
ner,2022,120.0
ner,2023,130.0
nga,2000,14.0
nga,2001,25.0
nga,2002,20.0
nga,2003,23.0
nga,2004,29.0
nga,2005,31.0
nga,2006,33.0
nga,2007,38.0
nga,2008,38.0
nga,2009,38.0
nga,2010,35.0
nga,2011,35.0
nga,2012,37.0
nga,2013,37.0
nga,2014,33.0
nga,2015,32.0
nga,2016,35.0
nga,2017,36.0
nga,2018,35.0
nga,2019,39.0
nga,2020,44.0
nga,2021,66.0
nga,2022,88.0
nga,2023,110.0
niu,2002,120.0
niu,2011,120.0
niu,2018,120.0
niu,2020,180.0
niu,2021,0.0
niu,2022,0.0
niu,2023,0.0
mkd,2000,220.0
mkd,2001,230.0
mkd,2002,240.0
mkd,2003,250.0
mkd,2004,220.0
mkd,2005,200.0
mkd,2006,190.0
mkd,2007,180.0
mkd,2008,160.0
mkd,2009,160.0
mkd,2010,140.0
mkd,2011,130.0
mkd,2012,130.0
mkd,2013,130.0
mkd,2014,120.0
mkd,2015,120.0
mkd,2016,120.0
mkd,2017,110.0
mkd,2018,120.0
mkd,2019,110.0
mkd,2020,87.0
mkd,2021,92.0
mkd,2022,99.0
mkd,2023,110.0
mnp,2000,100.0
mnp,2001,100.0
mnp,2002,100.0
mnp,2003,100.0
mnp,2004,100.0
mnp,2005,100.0
mnp,2006,100.0
mnp,2007,100.0
mnp,2008,100.0
mnp,2009,100.0
mnp,2010,100.0
mnp,2011,100.0
mnp,2012,100.0
mnp,2013,100.0
mnp,2014,100.0
mnp,2015,100.0
mnp,2016,100.0
mnp,2017,100.0
mnp,2018,100.0
mnp,2019,100.0
mnp,2020,100.0
mnp,2021,100.0
mnp,2022,100.0
mnp,2023,100.0
nor,2000,100.0
nor,2001,100.0
nor,2002,100.0
nor,2003,100.0
nor,2004,100.0
nor,2005,100.0
nor,2006,100.0
nor,2007,100.0
nor,2008,100.0
nor,2009,100.0
nor,2010,100.0
nor,2011,100.0
nor,2012,100.0
nor,2013,100.0
nor,2014,100.0
nor,2015,100.0
nor,2016,100.0
nor,2017,100.0
nor,2018,100.0
nor,2019,100.0
nor,2020,100.0
nor,2021,100.0
nor,2022,100.0
nor,2023,100.0
pse,2000,100.0
pse,2001,100.0
pse,2003,100.0
pse,2004,100.0
pse,2005,100.0
pse,2006,100.0
pse,2007,100.0
pse,2008,100.0
pse,2009,100.0
pse,2010,100.0
pse,2011,100.0
pse,2012,100.0
pse,2014,100.0
pse,2015,100.0
pse,2016,100.0
pse,2017,100.0
pse,2018,100.0
pse,2019,100.0
pse,2020,100.0
pse,2021,100.0
pse,2022,100.0
pse,2023,100.0
omn,2000,100.0
omn,2001,100.0
omn,2002,100.0
omn,2003,100.0
omn,2004,100.0
omn,2005,100.0
omn,2006,100.0
omn,2007,100.0
omn,2008,100.0
omn,2009,100.0
omn,2010,100.0
omn,2011,100.0
omn,2012,100.0
omn,2013,100.0
omn,2014,100.0
omn,2015,100.0
omn,2016,100.0
omn,2017,100.0
omn,2018,100.0
omn,2019,100.0
omn,2020,100.0
omn,2021,100.0
omn,2022,100.0
omn,2023,100.0
pak,2000,4.1
pak,2001,7.5
pak,2002,17.0
pak,2003,24.0
pak,2004,32.0
pak,2005,46.0
pak,2006,57.0
pak,2007,72.0
pak,2008,74.0
pak,2009,78.0
pak,2010,76.0
pak,2011,75.0
pak,2012,74.0
pak,2013,79.0
pak,2014,83.0
pak,2015,84.0
pak,2016,85.0
pak,2017,86.0
pak,2018,85.0
pak,2019,76.0
pak,2020,64.0
pak,2021,76.0
pak,2022,92.0
pak,2023,100.0
plw,2002,100.0
plw,2003,100.0
plw,2004,100.0
plw,2005,100.0
plw,2006,100.0
plw,2007,100.0
plw,2009,100.0
plw,2010,100.0
plw,2011,100.0
plw,2012,100.0
plw,2013,100.0
plw,2014,100.0
plw,2015,100.0
plw,2016,100.0
plw,2017,100.0
plw,2018,100.0
plw,2019,100.0
plw,2020,100.0
plw,2021,100.0
plw,2022,100.0
plw,2023,100.0
pan,2000,100.0
pan,2001,100.0
pan,2002,100.0
pan,2003,100.0
pan,2004,100.0
pan,2005,100.0
pan,2006,100.0
pan,2007,100.0
pan,2008,100.0
pan,2009,100.0
pan,2010,100.0
pan,2011,100.0
pan,2012,100.0
pan,2013,100.0
pan,2014,100.0
pan,2015,100.0
pan,2016,100.0
pan,2017,100.0
pan,2018,100.0
pan,2019,100.0
pan,2020,100.0
pan,2021,100.0
pan,2022,100.0
pan,2023,100.0
png,2000,68.0
png,2001,79.0
png,2002,68.0
png,2003,75.0
png,2004,72.0
png,2005,69.0
png,2006,67.0
png,2007,77.0
png,2008,70.0
png,2009,59.0
png,2010,68.0
png,2011,68.0
png,2012,91.0
png,2013,85.0
png,2014,86.0
png,2015,86.0
png,2016,87.0
png,2017,81.0
png,2018,84.0
png,2019,91.0
png,2020,82.0
png,2021,83.0
png,2022,99.0
png,2023,110.0
pry,2000,100.0
pry,2001,110.0
pry,2002,110.0
pry,2003,110.0
pry,2004,110.0
pry,2005,110.0
pry,2006,110.0
pry,2007,110.0
pry,2008,110.0
pry,2009,110.0
pry,2010,110.0
pry,2011,110.0
pry,2012,110.0
pry,2013,110.0
pry,2014,110.0
pry,2015,110.0
pry,2016,110.0
pry,2017,110.0
pry,2018,110.0
pry,2019,110.0
pry,2020,91.0
pry,2021,100.0
pry,2022,120.0
pry,2023,100.0
per,2000,120.0
per,2001,120.0
per,2002,120.0
per,2003,110.0
per,2004,110.0
per,2005,110.0
per,2006,110.0
per,2007,110.0
per,2008,110.0
per,2009,110.0
per,2010,110.0
per,2011,110.0
per,2012,110.0
per,2013,110.0
per,2014,110.0
per,2015,110.0
per,2016,110.0
per,2017,100.0
per,2018,110.0
per,2019,110.0
per,2020,81.0
per,2021,80.0
per,2022,79.0
per,2023,82.0
phl,2000,49.0
phl,2001,43.0
phl,2002,47.0
phl,2003,52.0
phl,2004,50.0
phl,2005,52.0
phl,2006,55.0
phl,2007,53.0
phl,2008,51.0
phl,2009,52.0
phl,2010,58.0
phl,2011,66.0
phl,2012,72.0
phl,2013,74.0
phl,2014,76.0
phl,2015,85.0
phl,2016,100.0
phl,2017,94.0
phl,2018,110.0
phl,2019,120.0
phl,2020,76.0
phl,2021,89.0
phl,2022,120.0
phl,2023,170.0
pol,2000,100.0
pol,2001,100.0
pol,2002,100.0
pol,2003,100.0
pol,2004,100.0
pol,2005,100.0
pol,2006,100.0
pol,2007,100.0
pol,2008,100.0
pol,2009,100.0
pol,2010,100.0
pol,2011,100.0
pol,2012,100.0
pol,2013,100.0
pol,2014,100.0
pol,2015,100.0
pol,2016,100.0
pol,2017,100.0
pol,2018,100.0
pol,2019,100.0
pol,2020,100.0
pol,2021,100.0
pol,2022,100.0
pol,2023,120.0
prt,2000,100.0
prt,2001,100.0
prt,2002,100.0
prt,2003,100.0
prt,2004,100.0
prt,2005,100.0
prt,2006,100.0
prt,2007,100.0
prt,2008,100.0
prt,2009,100.0
prt,2010,100.0
prt,2011,100.0
prt,2012,100.0
prt,2013,100.0
prt,2014,100.0
prt,2015,100.0
prt,2016,100.0
prt,2017,100.0
prt,2018,100.0
prt,2019,100.0
prt,2020,100.0
prt,2021,100.0
prt,2022,100.0
prt,2023,110.0
pri,2000,100.0
pri,2001,100.0
pri,2002,100.0
pri,2003,100.0
pri,2004,100.0
pri,2005,100.0
pri,2006,100.0
pri,2007,100.0
pri,2008,100.0
pri,2009,100.0
pri,2010,100.0
pri,2011,100.0
pri,2012,100.0
pri,2013,100.0
pri,2014,100.0
pri,2015,100.0
pri,2016,100.0
pri,2017,100.0
pri,2018,100.0
pri,2019,100.0
pri,2020,100.0
pri,2021,100.0
pri,2022,100.0
pri,2023,100.0
qat,2000,100.0
qat,2001,100.0
qat,2002,100.0
qat,2003,100.0
qat,2004,100.0
qat,2005,100.0
qat,2006,100.0
qat,2007,100.0
qat,2008,100.0
qat,2009,100.0
qat,2010,100.0
qat,2011,100.0
qat,2012,100.0
qat,2014,100.0
qat,2015,100.0
qat,2016,100.0
qat,2017,100.0
qat,2018,100.0
qat,2019,100.0
qat,2020,100.0
qat,2021,100.0
qat,2022,100.0
qat,2023,100.0
kor,2000,100.0
kor,2001,100.0
kor,2002,100.0
kor,2003,100.0
kor,2004,100.0
kor,2005,100.0
kor,2006,100.0
kor,2007,100.0
kor,2008,100.0
kor,2009,100.0
kor,2010,100.0
kor,2011,100.0
kor,2012,100.0
kor,2013,100.0
kor,2014,100.0
kor,2015,100.0
kor,2016,100.0
kor,2017,100.0
kor,2018,100.0
kor,2019,100.0
kor,2020,100.0
kor,2021,100.0
kor,2022,100.0
kor,2023,100.0
mda,2000,100.0
mda,2001,110.0
mda,2002,110.0
mda,2003,210.0
mda,2004,120.0
mda,2005,120.0
mda,2006,120.0
mda,2007,120.0
mda,2008,120.0
mda,2009,120.0
mda,2010,120.0
mda,2011,130.0
mda,2012,130.0
mda,2013,130.0
mda,2014,130.0
mda,2015,130.0
mda,2016,130.0
mda,2017,130.0
mda,2018,130.0
mda,2019,130.0
mda,2020,87.0
mda,2021,100.0
mda,2022,110.0
mda,2023,110.0
rou,2000,100.0
rou,2001,100.0
rou,2002,100.0
rou,2003,100.0
rou,2004,100.0
rou,2005,100.0
rou,2006,100.0
rou,2007,100.0
rou,2008,100.0
rou,2009,100.0
rou,2010,100.0
rou,2011,100.0
rou,2012,100.0
rou,2013,100.0
rou,2014,100.0
rou,2015,100.0
rou,2016,100.0
rou,2017,100.0
rou,2018,100.0
rou,2019,100.0
rou,2020,100.0
rou,2021,100.0
rou,2022,100.0
rou,2023,100.0
rus,2000,250.0
rus,2001,240.0
rus,2002,230.0
rus,2003,230.0
rus,2004,220.0
rus,2005,230.0
rus,2006,230.0
rus,2007,230.0
rus,2008,240.0
rus,2009,240.0
rus,2010,230.0
rus,2011,210.0
rus,2012,200.0
rus,2013,200.0
rus,2014,190.0
rus,2015,190.0
rus,2016,180.0
rus,2017,170.0
rus,2018,160.0
rus,2019,160.0
rus,2020,130.0
rus,2021,130.0
rus,2022,180.0
rus,2023,180.0
rwa,2000,120.0
rwa,2001,120.0
rwa,2002,120.0
rwa,2003,130.0
rwa,2004,120.0
rwa,2005,130.0
rwa,2006,140.0
rwa,2007,130.0
rwa,2008,130.0
rwa,2009,120.0
rwa,2010,120.0
rwa,2011,110.0
rwa,2012,110.0
rwa,2013,110.0
rwa,2014,110.0
rwa,2015,100.0
rwa,2016,100.0
rwa,2017,100.0
rwa,2018,100.0
rwa,2019,100.0
rwa,2020,98.0
rwa,2021,92.0
rwa,2022,120.0
rwa,2023,160.0
kna,2001,100.0
kna,2002,100.0
kna,2003,100.0
kna,2004,100.0
kna,2006,100.0
kna,2007,100.0
kna,2008,100.0
kna,2009,100.0
kna,2010,100.0
kna,2011,100.0
kna,2012,100.0
kna,2014,100.0
kna,2017,100.0
kna,2019,100.0
kna,2020,100.0
kna,2023,100.0
lca,2000,100.0
lca,2001,100.0
lca,2002,100.0
lca,2003,100.0
lca,2004,100.0
lca,2005,100.0
lca,2006,100.0
lca,2007,100.0
lca,2008,100.0
lca,2009,100.0
lca,2010,100.0
lca,2011,100.0
lca,2012,100.0
lca,2013,100.0
lca,2014,100.0
lca,2015,100.0
lca,2016,100.0
lca,2017,100.0
lca,2018,100.0
lca,2019,100.0
lca,2020,100.0
lca,2021,100.0
lca,2022,100.0
lca,2023,100.0
vct,2000,170.0
vct,2001,130.0
vct,2002,130.0
vct,2003,150.0
vct,2004,120.0
vct,2005,110.0
vct,2006,150.0
vct,2007,140.0
vct,2008,140.0
vct,2009,120.0
vct,2010,170.0
vct,2011,190.0
vct,2012,430.0
vct,2013,98.0
vct,2014,110.0
vct,2015,120.0
vct,2016,110.0
vct,2017,98.0
vct,2018,120.0
vct,2019,110.0
vct,2020,220.0
vct,2021,63.0
vct,2022,48.0
vct,2023,30.0
wsm,2000,100.0
wsm,2001,100.0
wsm,2002,100.0
wsm,2003,100.0
wsm,2004,100.0
wsm,2005,100.0
wsm,2006,100.0
wsm,2008,100.0
wsm,2009,100.0
wsm,2010,100.0
wsm,2011,100.0
wsm,2012,100.0
wsm,2013,100.0
wsm,2014,100.0
wsm,2015,100.0
wsm,2016,100.0
wsm,2017,100.0
wsm,2018,100.0
wsm,2019,100.0
wsm,2020,100.0
wsm,2021,100.0
wsm,2022,100.0
wsm,2023,130.0
smr,2000,100.0
smr,2002,100.0
smr,2003,100.0
stp,2000,150.0
stp,2001,150.0
stp,2002,140.0
stp,2003,670.0
stp,2004,180.0
stp,2005,210.0
stp,2006,250.0
stp,2007,120.0
stp,2008,94.0
stp,2009,100.0
stp,2010,150.0
stp,2011,170.0
stp,2012,130.0
stp,2013,180.0
stp,2014,190.0
stp,2015,230.0
stp,2016,240.0
stp,2017,150.0
stp,2018,160.0
stp,2019,150.0
stp,2020,95.0
stp,2021,85.0
stp,2022,130.0
stp,2023,110.0
sau,2000,100.0
sau,2001,100.0
sau,2002,100.0
sau,2003,100.0
sau,2004,100.0
sau,2005,100.0
sau,2006,100.0
sau,2007,100.0
sau,2008,100.0
sau,2009,100.0
sau,2010,100.0
sau,2011,100.0
sau,2012,100.0
sau,2013,100.0
sau,2014,100.0
sau,2015,100.0
sau,2016,100.0
sau,2017,100.0
sau,2018,100.0
sau,2019,100.0
sau,2020,100.0
sau,2021,100.0
sau,2022,100.0
sau,2023,100.0
sen,2000,88.0
sen,2001,87.0
sen,2002,84.0
sen,2003,92.0
sen,2004,88.0
sen,2005,94.0
sen,2006,96.0
sen,2007,96.0
sen,2008,100.0
sen,2009,100.0
sen,2010,98.0
sen,2011,96.0
sen,2012,100.0
sen,2013,110.0
sen,2014,110.0
sen,2015,110.0
sen,2016,100.0
sen,2017,100.0
sen,2018,100.0
sen,2019,99.0
sen,2020,95.0
sen,2021,98.0
sen,2022,110.0
sen,2023,120.0
srb,2005,170.0
srb,2006,170.0
srb,2007,160.0
srb,2008,160.0
srb,2009,150.0
srb,2010,150.0
srb,2011,140.0
srb,2012,140.0
srb,2013,140.0
srb,2014,140.0
srb,2015,140.0
srb,2016,130.0
srb,2017,130.0
srb,2018,130.0
srb,2019,130.0
srb,2020,55.0
srb,2021,56.0
srb,2022,140.0
srb,2023,130.0
syc,2000,100.0
syc,2001,100.0
syc,2002,100.0
syc,2003,100.0
syc,2004,100.0
syc,2005,100.0
syc,2008,100.0
syc,2009,100.0
syc,2010,100.0
syc,2011,100.0
syc,2012,100.0
syc,2013,100.0
syc,2014,100.0
syc,2015,100.0
syc,2016,100.0
syc,2017,100.0
syc,2018,100.0
syc,2019,100.0
syc,2020,100.0
syc,2021,100.0
syc,2022,100.0
syc,2023,100.0
sle,2000,44.0
sle,2001,51.0
sle,2002,49.0
sle,2003,52.0
sle,2004,54.0
sle,2005,62.0
sle,2006,72.0
sle,2007,83.0
sle,2008,92.0
sle,2009,96.0
sle,2010,92.0
sle,2011,91.0
sle,2012,91.0
sle,2013,92.0
sle,2014,93.0
sle,2015,87.0
sle,2016,100.0
sle,2017,110.0
sle,2018,120.0
sle,2019,120.0
sle,2020,110.0
sle,2021,120.0
sle,2022,130.0
sle,2023,150.0
sgp,2000,100.0
sgp,2001,100.0
sgp,2002,100.0
sgp,2003,100.0
sgp,2004,100.0
sgp,2005,100.0
sgp,2006,100.0
sgp,2007,100.0
sgp,2008,100.0
sgp,2009,100.0
sgp,2010,100.0
sgp,2011,100.0
sgp,2012,100.0
sgp,2013,100.0
sgp,2014,100.0
sgp,2015,100.0
sgp,2016,100.0
sgp,2017,100.0
sgp,2018,100.0
sgp,2019,100.0
sgp,2020,100.0
sgp,2021,100.0
sgp,2022,100.0
sgp,2023,100.0
sxm,2010,100.0
sxm,2011,100.0
sxm,2012,100.0
sxm,2013,100.0
sxm,2015,100.0
sxm,2017,100.0
sxm,2018,100.0
sxm,2019,100.0
sxm,2020,100.0
sxm,2021,100.0
sxm,2022,100.0
sxm,2023,100.0
svk,2000,100.0
svk,2001,100.0
svk,2002,100.0
svk,2003,100.0
svk,2004,100.0
svk,2005,100.0
svk,2006,100.0
svk,2007,100.0
svk,2008,100.0
svk,2009,100.0
svk,2010,100.0
svk,2011,100.0
svk,2012,100.0
svk,2013,100.0
svk,2014,100.0
svk,2015,100.0
svk,2016,100.0
svk,2017,100.0
svk,2018,100.0
svk,2019,100.0
svk,2020,100.0
svk,2021,100.0
svk,2022,100.0
svk,2023,100.0
svn,2000,100.0
svn,2001,100.0
svn,2002,100.0
svn,2003,100.0
svn,2004,100.0
svn,2005,100.0
svn,2006,100.0
svn,2007,100.0
svn,2008,100.0
svn,2009,100.0
svn,2010,100.0
svn,2011,100.0
svn,2012,100.0
svn,2013,100.0
svn,2014,100.0
svn,2015,100.0
svn,2016,100.0
svn,2017,100.0
svn,2018,100.0
svn,2019,100.0
svn,2020,100.0
svn,2021,100.0
svn,2022,100.0
svn,2023,100.0
slb,2000,100.0
slb,2001,100.0
slb,2002,100.0
slb,2003,100.0
slb,2004,100.0
slb,2005,100.0
slb,2006,100.0
slb,2007,100.0
slb,2008,100.0
slb,2009,100.0
slb,2010,100.0
slb,2011,100.0
slb,2012,100.0
slb,2013,100.0
slb,2014,100.0
slb,2015,100.0
slb,2016,100.0
slb,2017,100.0
slb,2018,100.0
slb,2019,100.0
slb,2020,100.0
slb,2021,100.0
slb,2022,100.0
slb,2023,100.0
som,2000,37.0
som,2001,43.0
som,2002,44.0
som,2003,53.0
som,2004,65.0
som,2005,69.0
som,2006,62.0
som,2007,56.0
som,2008,61.0
som,2009,53.0
som,2010,47.0
som,2011,54.0
som,2012,55.0
som,2013,58.0
som,2014,56.0
som,2015,59.0
som,2016,58.0
som,2017,65.0
som,2018,64.0
som,2019,63.0
som,2020,64.0
som,2021,64.0
som,2022,67.0
som,2023,67.0
zaf,2000,77.0
zaf,2001,73.0
zaf,2002,100.0
zaf,2003,110.0
zaf,2004,130.0
zaf,2005,130.0
zaf,2006,150.0
zaf,2007,150.0
zaf,2008,120.0
zaf,2009,110.0
zaf,2010,110.0
zaf,2011,100.0
zaf,2012,110.0
zaf,2013,100.0
zaf,2014,100.0
zaf,2015,95.0
zaf,2016,84.0
zaf,2017,89.0
zaf,2018,86.0
zaf,2019,82.0
zaf,2020,80.0
zaf,2021,80.0
zaf,2022,110.0
zaf,2023,130.0
ssd,2011,48.0
ssd,2012,53.0
ssd,2013,39.0
ssd,2014,51.0
ssd,2015,59.0
ssd,2016,68.0
ssd,2017,68.0
ssd,2018,98.0
ssd,2019,110.0
ssd,2020,100.0
ssd,2021,110.0
ssd,2022,120.0
ssd,2023,140.0
esp,2000,100.0
esp,2001,100.0
esp,2002,100.0
esp,2003,100.0
esp,2004,100.0
esp,2005,100.0
esp,2006,100.0
esp,2007,100.0
esp,2008,100.0
esp,2009,100.0
esp,2010,100.0
esp,2011,100.0
esp,2012,100.0
esp,2013,100.0
esp,2014,100.0
esp,2015,100.0
esp,2016,100.0
esp,2017,100.0
esp,2018,100.0
esp,2019,100.0
esp,2020,100.0
esp,2021,100.0
esp,2022,100.0
esp,2023,170.0
lka,2000,94.0
lka,2001,91.0
lka,2002,94.0
lka,2003,95.0
lka,2004,94.0
lka,2005,95.0
lka,2006,94.0
lka,2007,94.0
lka,2008,95.0
lka,2009,95.0
lka,2010,95.0
lka,2011,95.0
lka,2012,94.0
lka,2013,93.0
lka,2014,93.0
lka,2015,92.0
lka,2016,83.0
lka,2017,80.0
lka,2018,82.0
lka,2019,78.0
lka,2020,68.0
lka,2021,63.0
lka,2022,79.0
lka,2023,90.0
sdn,2000,260.0
sdn,2001,230.0
sdn,2002,230.0
sdn,2003,220.0
sdn,2004,240.0
sdn,2005,240.0
sdn,2006,250.0
sdn,2007,250.0
sdn,2008,160.0
sdn,2009,170.0
sdn,2010,170.0
sdn,2011,140.0
sdn,2012,140.0
sdn,2013,130.0
sdn,2014,130.0
sdn,2015,110.0
sdn,2016,100.0
sdn,2017,97.0
sdn,2018,95.0
sdn,2019,95.0
sdn,2020,88.0
sdn,2021,99.0
sdn,2022,110.0
sdn,2023,86.0
sur,2000,98.0
sur,2001,94.0
sur,2002,98.0
sur,2003,99.0
sur,2004,96.0
sur,2005,100.0
sur,2006,100.0
sur,2008,98.0
sur,2009,120.0
sur,2010,120.0
sur,2011,100.0
sur,2012,100.0
sur,2013,100.0
sur,2014,100.0
sur,2015,100.0
sur,2016,97.0
sur,2017,100.0
sur,2018,110.0
sur,2019,100.0
sur,2020,77.0
sur,2021,65.0
sur,2022,91.0
sur,2023,87.0
swe,2000,100.0
swe,2001,100.0
swe,2002,100.0
swe,2003,100.0
swe,2004,100.0
swe,2005,100.0
swe,2006,100.0
swe,2007,100.0
swe,2008,100.0
swe,2009,100.0
swe,2010,100.0
swe,2011,100.0
swe,2012,100.0
swe,2013,100.0
swe,2014,100.0
swe,2015,100.0
swe,2016,100.0
swe,2017,100.0
swe,2018,100.0
swe,2019,100.0
swe,2020,100.0
swe,2021,100.0
swe,2022,100.0
swe,2023,100.0
che,2000,100.0
che,2001,100.0
che,2002,100.0
che,2003,100.0
che,2004,100.0
che,2005,100.0
che,2006,100.0
che,2007,100.0
che,2008,100.0
che,2009,100.0
che,2010,100.0
che,2011,100.0
che,2012,100.0
che,2013,100.0
che,2014,100.0
che,2015,100.0
che,2016,100.0
che,2017,100.0
che,2018,100.0
che,2019,100.0
che,2020,100.0
che,2021,100.0
che,2022,100.0
che,2023,100.0
syr,2000,140.0
syr,2001,140.0
syr,2002,130.0
syr,2003,130.0
syr,2004,130.0
syr,2005,120.0
syr,2006,110.0
syr,2007,110.0
syr,2008,110.0
syr,2009,110.0
syr,2010,100.0
syr,2011,100.0
syr,2012,93.0
syr,2013,92.0
syr,2014,100.0
syr,2015,99.0
syr,2016,99.0
syr,2017,94.0
syr,2018,91.0
syr,2019,88.0
syr,2020,90.0
syr,2021,110.0
syr,2022,110.0
syr,2023,120.0
tjk,2000,44.0
tjk,2001,54.0
tjk,2002,61.0
tjk,2003,130.0
tjk,2004,66.0
tjk,2005,79.0
tjk,2006,78.0
tjk,2007,92.0
tjk,2008,94.0
tjk,2009,110.0
tjk,2010,110.0
tjk,2011,110.0
tjk,2012,110.0
tjk,2013,94.0
tjk,2014,100.0
tjk,2015,100.0
tjk,2016,100.0
tjk,2017,100.0
tjk,2018,96.0
tjk,2019,95.0
tjk,2020,69.0
tjk,2021,68.0
tjk,2022,69.0
tjk,2023,71.0
tha,2000,70.0
tha,2001,100.0
tha,2002,100.0
tha,2003,110.0
tha,2004,110.0
tha,2005,110.0
tha,2006,110.0
tha,2007,100.0
tha,2008,100.0
tha,2009,100.0
tha,2010,99.0
tha,2011,97.0
tha,2012,94.0
tha,2013,94.0
tha,2014,100.0
tha,2015,93.0
tha,2016,95.0
tha,2017,96.0
tha,2018,100.0
tha,2019,110.0
tha,2020,110.0
tha,2021,94.0
tha,2022,91.0
tha,2023,98.0
tls,2002,97.0
tls,2003,97.0
tls,2004,100.0
tls,2005,100.0
tls,2006,100.0
tls,2007,100.0
tls,2008,99.0
tls,2009,98.0
tls,2011,96.0
tls,2012,93.0
tls,2013,93.0
tls,2014,96.0
tls,2015,86.0
tls,2016,91.0
tls,2017,86.0
tls,2018,92.0
tls,2019,97.0
tls,2020,75.0
tls,2021,73.0
tls,2022,120.0
tls,2023,140.0
tgo,2000,100.0
tgo,2002,110.0
tgo,2003,120.0
tgo,2004,140.0
tgo,2005,150.0
tgo,2006,170.0
tgo,2007,140.0
tgo,2008,170.0
tgo,2009,170.0
tgo,2010,150.0
tgo,2011,150.0
tgo,2012,140.0
tgo,2013,130.0
tgo,2014,120.0
tgo,2015,110.0
tgo,2016,99.0
tgo,2017,98.0
tgo,2018,96.0
tgo,2019,100.0
tgo,2020,96.0
tgo,2021,100.0
tgo,2022,140.0
tgo,2023,140.0
tkl,2015,1100.0
tkl,2020,0.0
tkl,2021,0.0
tkl,2023,0.0
ton,2000,100.0
ton,2001,100.0
ton,2002,100.0
ton,2003,100.0
ton,2004,100.0
ton,2005,100.0
ton,2006,100.0
ton,2007,100.0
ton,2008,100.0
ton,2009,100.0
ton,2010,100.0
ton,2011,100.0
ton,2012,100.0
ton,2013,100.0
ton,2014,100.0
ton,2015,100.0
ton,2016,100.0
ton,2017,100.0
ton,2018,100.0
ton,2019,100.0
ton,2020,100.0
ton,2021,100.0
ton,2022,100.0
ton,2023,100.0
tto,2000,100.0
tto,2001,100.0
tto,2002,100.0
tto,2003,100.0
tto,2004,100.0
tto,2005,100.0
tto,2006,100.0
tto,2007,100.0
tto,2008,100.0
tto,2009,100.0
tto,2010,100.0
tto,2011,100.0
tto,2012,100.0
tto,2013,100.0
tto,2014,100.0
tto,2015,100.0
tto,2016,100.0
tto,2017,100.0
tto,2018,100.0
tto,2019,100.0
tto,2020,100.0
tto,2021,100.0
tto,2022,100.0
tto,2023,100.0
tun,2000,97.0
tun,2001,95.0
tun,2002,95.0
tun,2003,95.0
tun,2004,95.0
tun,2005,95.0
tun,2006,96.0
tun,2007,97.0
tun,2008,97.0
tun,2009,96.0
tun,2010,97.0
tun,2011,100.0
tun,2012,100.0
tun,2013,100.0
tun,2014,100.0
tun,2015,100.0
tun,2016,100.0
tun,2017,100.0
tun,2018,100.0
tun,2019,100.0
tun,2020,83.0
tun,2021,79.0
tun,2022,95.0
tun,2023,89.0
tur,2000,120.0
tur,2001,120.0
tur,2002,120.0
tur,2003,120.0
tur,2004,120.0
tur,2005,120.0
tur,2006,120.0
tur,2007,120.0
tur,2008,120.0
tur,2009,110.0
tur,2010,110.0
tur,2011,110.0
tur,2012,110.0
tur,2013,110.0
tur,2014,100.0
tur,2015,100.0
tur,2016,100.0
tur,2017,100.0
tur,2018,100.0
tur,2019,99.0
tur,2020,81.0
tur,2021,92.0
tur,2022,100.0
tur,2023,100.0
tkm,2000,170.0
tkm,2001,160.0
tkm,2002,150.0
tkm,2003,170.0
tkm,2004,140.0
tkm,2005,130.0
tkm,2006,130.0
tkm,2007,130.0
tkm,2008,140.0
tkm,2009,120.0
tkm,2010,120.0
tkm,2011,110.0
tkm,2012,110.0
tkm,2013,110.0
tkm,2014,100.0
tkm,2015,96.0
tkm,2016,94.0
tkm,2017,91.0
tkm,2018,93.0
tkm,2019,91.0
tkm,2020,79.0
tkm,2021,74.0
tkm,2022,94.0
tkm,2023,81.0
tca,2001,100.0
tca,2002,100.0
tca,2003,100.0
tca,2006,100.0
tca,2010,100.0
tca,2011,100.0
tca,2012,100.0
tca,2013,100.0
tca,2014,100.0
tca,2015,100.0
tca,2016,100.0
tca,2017,100.0
tca,2018,100.0
tca,2019,100.0
tca,2023,100.0
tuv,2000,95.0
tuv,2001,95.0
tuv,2002,94.0
tuv,2003,110.0
tuv,2005,94.0
tuv,2006,92.0
tuv,2007,97.0
tuv,2008,96.0
tuv,2009,96.0
tuv,2010,93.0
tuv,2011,92.0
tuv,2012,95.0
tuv,2013,95.0
tuv,2014,94.0
tuv,2015,98.0
tuv,2016,99.0
tuv,2017,100.0
tuv,2018,110.0
tuv,2019,110.0
tuv,2020,110.0
tuv,2021,85.0
tuv,2022,100.0
tuv,2023,64.0
uga,2000,120.0
uga,2001,110.0
uga,2002,110.0
uga,2003,100.0
uga,2004,100.0
uga,2005,100.0
uga,2006,100.0
uga,2007,99.0
uga,2008,99.0
uga,2009,98.0
uga,2010,98.0
uga,2011,99.0
uga,2012,97.0
uga,2013,97.0
uga,2014,96.0
uga,2015,94.0
uga,2016,95.0
uga,2017,97.0
uga,2018,110.0
uga,2019,130.0
uga,2020,110.0
uga,2021,140.0
uga,2022,170.0
uga,2023,150.0
ukr,2000,120.0
ukr,2001,130.0
ukr,2002,140.0
ukr,2003,270.0
ukr,2005,140.0
ukr,2006,150.0
ukr,2007,140.0
ukr,2008,140.0
ukr,2009,130.0
ukr,2010,130.0
ukr,2011,130.0
ukr,2012,160.0
ukr,2013,140.0
ukr,2014,130.0
ukr,2015,120.0
ukr,2016,120.0
ukr,2017,120.0
ukr,2018,120.0
ukr,2019,110.0
ukr,2020,80.0
ukr,2021,75.0
ukr,2022,73.0
ukr,2023,81.0
are,2000,100.0
are,2001,100.0
are,2002,100.0
are,2003,100.0
are,2004,100.0
are,2005,100.0
are,2006,100.0
are,2007,100.0
are,2008,100.0
are,2009,100.0
are,2010,100.0
are,2011,100.0
are,2012,100.0
are,2013,100.0
are,2014,100.0
are,2015,100.0
are,2016,100.0
are,2017,100.0
are,2018,100.0
are,2019,100.0
are,2020,100.0
are,2021,100.0
are,2022,100.0
are,2023,91.0
gbr,2000,98.0
gbr,2001,98.0
gbr,2002,98.0
gbr,2003,98.0
gbr,2004,98.0
gbr,2005,98.0
gbr,2006,98.0
gbr,2007,98.0
gbr,2008,98.0
gbr,2009,98.0
gbr,2010,98.0
gbr,2011,98.0
gbr,2012,98.0
gbr,2013,98.0
gbr,2014,98.0
gbr,2015,98.0
gbr,2016,98.0
gbr,2017,98.0
gbr,2018,98.0
gbr,2019,98.0
gbr,2020,98.0
gbr,2021,98.0
gbr,2022,98.0
gbr,2023,110.0
tza,2000,170.0
tza,2001,170.0
tza,2002,160.0
tza,2003,160.0
tza,2004,140.0
tza,2005,130.0
tza,2006,120.0
tza,2007,120.0
tza,2008,110.0
tza,2009,110.0
tza,2010,110.0
tza,2011,110.0
tza,2012,120.0
tza,2013,120.0
tza,2014,110.0
tza,2015,110.0
tza,2016,110.0
tza,2017,110.0
tza,2018,120.0
tza,2019,120.0
tza,2020,130.0
tza,2021,150.0
tza,2022,190.0
tza,2023,200.0
usa,2000,100.0
usa,2001,100.0
usa,2002,100.0
usa,2003,100.0
usa,2004,100.0
usa,2005,100.0
usa,2006,100.0
usa,2007,100.0
usa,2008,100.0
usa,2009,100.0
usa,2010,100.0
usa,2011,100.0
usa,2012,100.0
usa,2013,100.0
usa,2014,100.0
usa,2015,100.0
usa,2016,100.0
usa,2017,100.0
usa,2018,100.0
usa,2019,100.0
usa,2020,100.0
usa,2021,100.0
usa,2022,100.0
usa,2023,100.0
ury,2000,100.0
ury,2001,100.0
ury,2002,100.0
ury,2003,100.0
ury,2004,100.0
ury,2005,100.0
ury,2006,100.0
ury,2007,100.0
ury,2008,100.0
ury,2009,100.0
ury,2010,100.0
ury,2011,100.0
ury,2012,100.0
ury,2013,100.0
ury,2014,100.0
ury,2015,100.0
ury,2016,100.0
ury,2017,100.0
ury,2018,100.0
ury,2019,100.0
ury,2020,100.0
ury,2021,100.0
ury,2022,100.0
ury,2023,100.0
uzb,2000,130.0
uzb,2001,140.0
uzb,2002,120.0
uzb,2003,110.0
uzb,2004,150.0
uzb,2005,130.0
uzb,2006,120.0
uzb,2007,120.0
uzb,2008,120.0
uzb,2009,110.0
uzb,2010,120.0
uzb,2011,110.0
uzb,2012,100.0
uzb,2013,100.0
uzb,2014,100.0
uzb,2015,99.0
uzb,2016,100.0
uzb,2017,110.0
uzb,2018,110.0
uzb,2019,110.0
uzb,2020,81.0
uzb,2021,95.0
uzb,2022,100.0
uzb,2023,110.0
vut,2000,160.0
vut,2001,180.0
vut,2002,120.0
vut,2003,120.0
vut,2004,180.0
vut,2005,120.0
vut,2006,130.0
vut,2007,130.0
vut,2008,140.0
vut,2009,110.0
vut,2010,120.0
vut,2011,120.0
vut,2012,110.0
vut,2013,110.0
vut,2014,120.0
vut,2015,110.0
vut,2016,96.0
vut,2017,91.0
vut,2018,94.0
vut,2019,100.0
vut,2020,89.0
vut,2021,72.0
vut,2022,86.0
vut,2023,100.0
ven,2000,96.0
ven,2001,95.0
ven,2002,94.0
ven,2003,96.0
ven,2004,95.0
ven,2005,95.0
ven,2006,95.0
ven,2007,94.0
ven,2008,93.0
ven,2009,93.0
ven,2010,93.0
ven,2011,93.0
ven,2012,93.0
ven,2013,93.0
ven,2014,93.0
ven,2015,93.0
ven,2016,95.0
ven,2017,100.0
ven,2018,100.0
ven,2019,100.0
ven,2020,94.0
ven,2021,93.0
ven,2022,100.0
ven,2023,110.0
vnm,2000,130.0
vnm,2001,120.0
vnm,2002,120.0
vnm,2003,110.0
vnm,2004,110.0
vnm,2005,100.0
vnm,2006,100.0
vnm,2007,98.0
vnm,2008,96.0
vnm,2009,94.0
vnm,2010,93.0
vnm,2011,94.0
vnm,2012,96.0
vnm,2013,94.0
vnm,2014,93.0
vnm,2015,93.0
vnm,2016,93.0
vnm,2017,94.0
vnm,2018,91.0
vnm,2019,94.0
vnm,2020,93.0
vnm,2021,73.0
vnm,2022,91.0
vnm,2023,92.0
wlf,2001,100.0
wlf,2002,100.0
wlf,2003,100.0
wlf,2005,100.0
wlf,2007,100.0
wlf,2009,100.0
wlf,2011,100.0
wlf,2013,100.0
wlf,2019,100.0
yem,2000,74.0
yem,2001,72.0
yem,2002,65.0
yem,2003,59.0
yem,2004,60.0
yem,2005,56.0
yem,2006,55.0
yem,2007,57.0
yem,2008,59.0
yem,2009,66.0
yem,2010,72.0
yem,2011,71.0
yem,2012,81.0
yem,2013,84.0
yem,2014,76.0
yem,2015,59.0
yem,2016,70.0
yem,2017,70.0
yem,2018,68.0
yem,2019,70.0
yem,2020,59.0
yem,2021,61.0
yem,2022,65.0
yem,2023,68.0
zmb,2000,210.0
zmb,2001,180.0
zmb,2002,150.0
zmb,2003,130.0
zmb,2004,130.0
zmb,2005,140.0
zmb,2006,130.0
zmb,2007,150.0
zmb,2008,130.0
zmb,2009,130.0
zmb,2010,130.0
zmb,2011,120.0
zmb,2012,110.0
zmb,2013,110.0
zmb,2014,100.0
zmb,2015,97.0
zmb,2016,99.0
zmb,2017,92.0
zmb,2018,88.0
zmb,2019,90.0
zmb,2020,100.0
zmb,2021,130.0
zmb,2022,150.0
zmb,2023,150.0
zwe,2000,260.0
zwe,2001,220.0
zwe,2002,200.0
zwe,2003,220.0
zwe,2004,220.0
zwe,2005,350.0
zwe,2006,290.0
zwe,2007,240.0
zwe,2008,210.0
zwe,2009,160.0
zwe,2010,140.0
zwe,2011,140.0
zwe,2012,140.0
zwe,2013,120.0
zwe,2014,120.0
zwe,2015,110.0
zwe,2016,110.0
zwe,2017,110.0
zwe,2018,110.0
zwe,2019,93.0
zwe,2020,77.0
zwe,2021,77.0
zwe,2022,82.0
zwe,2023,87.0
