country,year,newrel_f3544
afg,2017,3501.0
afg,2018,3522.0
afg,2019,3883.0
afg,2020,3247.0
alb,2013,13.0
alb,2014,13.0
alb,2015,5.0
alb,2016,12.0
alb,2017,16.0
alb,2018,10.0
alb,2019,10.0
alb,2020,5.0
dza,2013,377.0
dza,2014,342.0
dza,2015,349.0
dza,2016,384.0
dza,2018,349.0
dza,2019,279.0
dza,2020,263.0
asm,2017,1.0
asm,2018,0.0
asm,2019,1.0
asm,2020,0.0
and,2013,1.0
and,2015,1.0
and,2016,0.0
and,2017,0.0
and,2018,0.0
and,2020,1.0
ago,2013,1671.0
ago,2014,1682.0
ago,2016,1717.0
ago,2019,4656.0
ago,2020,4687.0
aia,2013,0.0
aia,2014,0.0
aia,2015,0.0
aia,2016,0.0
atg,2013,0.0
atg,2014,1.0
atg,2016,0.0
atg,2018,0.0
atg,2019,0.0
atg,2020,0.0
arg,2013,537.0
arg,2014,575.0
arg,2015,624.0
arg,2016,589.0
arg,2017,590.0
arg,2018,667.0
arg,2019,734.0
arg,2020,584.0
arm,2013,48.0
arm,2014,43.0
arm,2015,41.0
arm,2016,29.0
arm,2017,31.0
arm,2018,34.0
arm,2019,28.0
arm,2020,22.0
abw,2016,1.0
abw,2017,1.0
abw,2018,0.0
abw,2019,0.0
abw,2020,0.0
aus,2013,97.0
aus,2014,114.0
aus,2015,108.0
aus,2016,108.0
aus,2017,110.0
aus,2018,103.0
aus,2019,105.0
aus,2020,124.0
aut,2013,36.0
aut,2014,25.0
aut,2015,34.0
aut,2016,25.0
aut,2017,29.0
aut,2018,33.0
aut,2019,23.0
aut,2020,16.0
aze,2013,145.0
aze,2014,137.0
aze,2015,138.0
aze,2016,152.0
aze,2017,160.0
aze,2018,154.0
aze,2019,173.0
aze,2020,107.0
bhs,2013,5.0
bhs,2014,5.0
bhs,2015,5.0
bhs,2016,4.0
bhs,2017,6.0
bhs,2018,2.0
bhs,2019,1.0
bhs,2020,3.0
bhr,2013,19.0
bhr,2016,14.0
bhr,2017,9.0
bhr,2018,9.0
bhr,2019,7.0
bhr,2020,14.0
bgd,2013,12386.0
bgd,2014,12702.0
bgd,2015,14609.0
bgd,2016,15801.0
bgd,2017,18355.0
bgd,2018,20081.0
bgd,2019,22526.0
bgd,2020,18972.0
brb,2013,0.0
brb,2014,0.0
brb,2015,0.0
brb,2017,0.0
brb,2018,0.0
brb,2019,0.0
blr,2013,248.0
blr,2014,217.0
blr,2015,201.0
blr,2016,177.0
blr,2017,140.0
blr,2018,125.0
blr,2019,108.0
blr,2020,84.0
bel,2013,50.0
bel,2014,57.0
bel,2015,49.0
bel,2016,53.0
bel,2017,50.0
bel,2018,58.0
bel,2019,55.0
bel,2020,44.0
blz,2013,6.0
blz,2014,5.0
blz,2015,4.0
blz,2016,5.0
blz,2017,11.0
blz,2018,9.0
blz,2019,4.0
blz,2020,6.0
ben,2013,215.0
ben,2014,212.0
ben,2015,264.0
ben,2016,285.0
ben,2017,262.0
ben,2018,268.0
ben,2019,312.0
ben,2020,272.0
bmu,2013,0.0
bmu,2014,0.0
bmu,2015,0.0
bmu,2016,0.0
bmu,2017,0.0
bmu,2018,0.0
bmu,2019,0.0
bmu,2020,0.0
btn,2013,53.0
btn,2014,57.0
btn,2015,59.0
btn,2016,67.0
btn,2017,51.0
btn,2018,59.0
btn,2019,63.0
btn,2020,61.0
bol,2013,355.0
bol,2014,326.0
bol,2015,337.0
bol,2016,316.0
bol,2017,336.0
bol,2018,312.0
bol,2019,333.0
bol,2020,294.0
bih,2013,47.0
bih,2014,57.0
bih,2015,44.0
bih,2016,35.0
bih,2017,20.0
bih,2018,26.0
bih,2019,23.0
bih,2020,11.0
bwa,2013,636.0
bwa,2014,586.0
bwa,2015,488.0
bwa,2016,460.0
bwa,2017,372.0
bwa,2018,339.0
bwa,2019,295.0
bwa,2020,216.0
bra,2013,4595.0
bra,2014,4514.0
bra,2015,4235.0
bra,2016,4377.0
bra,2017,4237.0
bra,2018,4730.0
bra,2019,4774.0
bra,2020,4146.0
vgb,2013,0.0
vgb,2014,0.0
vgb,2015,0.0
vgb,2016,0.0
vgb,2018,0.0
brn,2013,17.0
brn,2014,20.0
brn,2015,13.0
brn,2016,12.0
brn,2017,10.0
brn,2018,14.0
brn,2019,14.0
brn,2020,15.0
bgr,2013,111.0
bgr,2014,95.0
bgr,2015,90.0
bgr,2016,84.0
bgr,2017,77.0
bgr,2018,65.0
bgr,2019,87.0
bgr,2020,45.0
bfa,2013,190.0
bfa,2014,205.0
bfa,2015,209.0
bfa,2016,329.0
bfa,2017,330.0
bfa,2018,344.0
bfa,2019,249.0
bfa,2020,279.0
bdi,2013,461.0
bdi,2014,482.0
bdi,2015,426.0
bdi,2016,547.0
bdi,2017,502.0
bdi,2018,452.0
bdi,2019,409.0
bdi,2020,455.0
cpv,2013,9.0
cpv,2014,12.0
cpv,2015,9.0
cpv,2016,8.0
cpv,2017,13.0
cpv,2018,11.0
cpv,2019,7.0
cpv,2020,10.0
khm,2013,893.0
khm,2014,1939.0
khm,2015,1901.0
khm,2016,1722.0
khm,2017,1613.0
khm,2018,1315.0
khm,2019,1292.0
khm,2020,1304.0
cmr,2016,2355.0
cmr,2017,2229.0
cmr,2018,2057.0
cmr,2019,2107.0
cmr,2020,1875.0
can,2013,125.0
can,2014,122.0
can,2015,130.0
can,2016,118.0
can,2017,120.0
can,2018,120.0
can,2019,129.0
can,2020,133.0
cym,2013,0.0
cym,2014,0.0
cym,2015,1.0
cym,2016,0.0
cym,2017,0.0
cym,2018,0.0
cym,2020,0.0
caf,2013,343.0
caf,2014,447.0
caf,2015,402.0
caf,2016,842.0
caf,2017,800.0
caf,2018,916.0
caf,2019,1033.0
caf,2020,1103.0
tcd,2013,676.0
tcd,2014,811.0
tcd,2015,736.0
tcd,2016,696.0
tcd,2017,757.0
tcd,2018,825.0
tcd,2019,983.0
tcd,2020,823.0
chl,2013,118.0
chl,2014,143.0
chl,2015,144.0
chl,2016,146.0
chl,2017,120.0
chl,2018,148.0
chl,2019,145.0
chl,2020,142.0
chn,2013,38804.0
chn,2014,35937.0
chn,2015,33294.0
chn,2016,30795.0
chn,2017,28933.0
chn,2018,28733.0
chn,2019,25680.0
chn,2020,22513.0
hkg,2013,285.0
hkg,2014,266.0
hkg,2015,271.0
hkg,2016,269.0
hkg,2017,265.0
hkg,2018,263.0
hkg,2019,232.0
hkg,2020,229.0
mac,2013,27.0
mac,2014,16.0
mac,2015,13.0
mac,2016,15.0
mac,2017,16.0
mac,2018,18.0
mac,2019,21.0
mac,2020,25.0
col,2013,651.0
col,2014,666.0
col,2015,608.0
col,2016,637.0
col,2017,661.0
col,2018,658.0
col,2019,712.0
col,2020,597.0
com,2013,2.0
com,2014,10.0
com,2016,9.0
com,2017,6.0
com,2018,9.0
cog,2013,300.0
cog,2014,289.0
cog,2015,759.0
cog,2016,936.0
cog,2017,866.0
cog,2018,944.0
cog,2019,1006.0
cog,2020,901.0
cok,2013,0.0
cok,2014,0.0
cok,2015,0.0
cok,2016,0.0
cok,2017,0.0
cok,2018,0.0
cok,2020,0.0
cri,2013,23.0
cri,2014,31.0
cri,2015,20.0
cri,2016,21.0
cri,2017,14.0
cri,2018,20.0
cri,2019,15.0
civ,2013,1111.0
civ,2014,1056.0
civ,2015,1928.0
civ,2016,1861.0
civ,2017,1717.0
civ,2018,1697.0
civ,2019,1716.0
civ,2020,1467.0
hrv,2013,17.0
hrv,2014,19.0
hrv,2015,20.0
hrv,2016,10.0
hrv,2017,13.0
hrv,2018,15.0
hrv,2019,17.0
hrv,2020,7.0
cub,2013,30.0
cub,2014,26.0
cub,2015,15.0
cub,2016,17.0
cub,2017,28.0
cub,2018,24.0
cub,2019,17.0
cub,2020,24.0
cuw,2013,1.0
cuw,2014,0.0
cuw,2016,0.0
cuw,2017,0.0
cyp,2013,6.0
cyp,2014,6.0
cyp,2015,9.0
cyp,2016,4.0
cyp,2017,4.0
cyp,2018,9.0
cyp,2019,6.0
cyp,2020,1.0
cze,2013,19.0
cze,2014,19.0
cze,2015,18.0
cze,2016,14.0
cze,2017,20.0
cze,2018,23.0
cze,2019,16.0
cze,2020,13.0
prk,2013,8611.0
prk,2014,8752.0
prk,2015,9397.0
prk,2016,9034.0
prk,2017,9421.0
prk,2018,7633.0
prk,2019,8102.0
prk,2020,8020.0
cod,2013,6472.0
cod,2014,6630.0
cod,2015,6689.0
cod,2016,10666.0
cod,2017,12291.0
cod,2018,14333.0
cod,2020,16133.0
dnk,2013,17.0
dnk,2014,31.0
dnk,2015,11.0
dnk,2016,14.0
dnk,2017,19.0
dnk,2018,19.0
dnk,2019,26.0
dnk,2020,13.0
dji,2013,55.0
dji,2014,67.0
dji,2015,58.0
dji,2016,69.0
dji,2017,40.0
dji,2018,62.0
dma,2013,0.0
dma,2014,0.0
dma,2015,0.0
dma,2016,0.0
dma,2017,0.0
dma,2018,0.0
dma,2019,0.0
dom,2013,166.0
dom,2014,169.0
dom,2015,316.0
dom,2016,297.0
dom,2017,254.0
dom,2018,273.0
dom,2019,253.0
dom,2020,158.0
ecu,2013,268.0
ecu,2014,293.0
ecu,2015,276.0
ecu,2016,263.0
ecu,2017,270.0
ecu,2018,280.0
ecu,2019,278.0
ecu,2020,208.0
egy,2013,687.0
egy,2014,732.0
egy,2015,461.0
egy,2016,491.0
egy,2017,433.0
egy,2018,493.0
egy,2019,424.0
egy,2020,390.0
slv,2013,123.0
slv,2014,106.0
slv,2015,96.0
slv,2016,142.0
slv,2017,115.0
slv,2018,111.0
slv,2019,102.0
slv,2020,71.0
gnq,2014,92.0
gnq,2015,121.0
gnq,2016,94.0
gnq,2017,106.0
gnq,2018,108.0
gnq,2019,114.0
gnq,2020,112.0
eri,2014,177.0
eri,2015,147.0
eri,2016,166.0
eri,2017,157.0
eri,2018,151.0
eri,2019,149.0
eri,2020,127.0
est,2013,14.0
est,2014,15.0
est,2015,7.0
est,2016,7.0
est,2017,3.0
est,2018,7.0
est,2019,4.0
est,2020,4.0
swz,2013,562.0
swz,2014,510.0
swz,2015,368.0
swz,2016,342.0
swz,2017,304.0
swz,2018,317.0
swz,2019,326.0
swz,2020,198.0
eth,2015,10245.0
eth,2016,9616.0
eth,2017,8103.0
eth,2018,8872.0
eth,2019,8363.0
eth,2020,8143.0
fji,2013,18.0
fji,2014,21.0
fji,2015,9.0
fji,2016,16.0
fji,2017,23.0
fji,2018,16.0
fji,2019,21.0
fji,2020,21.0
fin,2013,6.0
fin,2014,6.0
fin,2015,8.0
fin,2016,11.0
fin,2017,4.0
fin,2018,4.0
fin,2019,11.0
fin,2020,9.0
fra,2013,262.0
fra,2014,271.0
fra,2015,266.0
fra,2016,231.0
fra,2017,257.0
fra,2018,238.0
fra,2019,315.0
fra,2020,244.0
pyf,2013,3.0
pyf,2014,2.0
pyf,2015,4.0
pyf,2017,4.0
pyf,2018,2.0
pyf,2020,6.0
gab,2013,158.0
gab,2014,465.0
gab,2015,397.0
gab,2016,424.0
gab,2017,388.0
gab,2018,445.0
gab,2019,410.0
gab,2020,343.0
geo,2013,145.0
geo,2014,148.0
geo,2015,143.0
geo,2016,151.0
geo,2017,150.0
geo,2018,129.0
geo,2019,109.0
geo,2020,71.0
deu,2013,215.0
deu,2014,217.0
deu,2015,209.0
deu,2016,258.0
deu,2017,192.0
deu,2018,248.0
deu,2019,236.0
deu,2020,209.0
gha,2013,1089.0
gha,2014,1095.0
gha,2015,1017.0
gha,2016,1042.0
gha,2017,991.0
gha,2018,984.0
gha,2019,1028.0
gha,2020,856.0
grc,2013,12.0
grc,2014,18.0
grc,2015,23.0
grc,2016,18.0
grc,2017,10.0
grc,2018,13.0
grc,2019,9.0
grc,2020,9.0
grl,2013,3.0
grl,2015,1.0
grl,2016,1.0
grl,2017,2.0
grl,2018,3.0
grl,2019,3.0
grl,2020,4.0
grd,2014,0.0
grd,2015,0.0
grd,2016,0.0
grd,2020,1.0
gum,2013,5.0
gum,2014,3.0
gum,2015,3.0
gum,2016,4.0
gum,2017,3.0
gum,2018,1.0
gum,2019,5.0
gum,2020,3.0
gtm,2013,167.0
gtm,2014,204.0
gtm,2015,207.0
gtm,2016,187.0
gtm,2017,226.0
gtm,2018,224.0
gtm,2019,256.0
gtm,2020,187.0
gin,2013,998.0
gin,2014,614.0
gin,2015,715.0
gin,2016,789.0
gin,2017,926.0
gin,2018,919.0
gin,2019,1092.0
gin,2020,1079.0
gnb,2013,145.0
gnb,2014,199.0
gnb,2015,156.0
gnb,2016,175.0
gnb,2017,166.0
gnb,2018,151.0
gnb,2019,188.0
gnb,2020,212.0
guy,2013,42.0
guy,2014,30.0
guy,2015,27.0
guy,2016,26.0
guy,2017,26.0
guy,2018,23.0
guy,2019,22.0
guy,2020,12.0
hti,2013,1262.0
hti,2014,1158.0
hti,2015,1160.0
hti,2016,1111.0
hti,2017,1036.0
hti,2018,927.0
hti,2019,956.0
hti,2020,880.0
hnd,2013,173.0
hnd,2014,170.0
hnd,2015,161.0
hnd,2016,162.0
hnd,2017,164.0
hnd,2018,155.0
hnd,2019,129.0
hnd,2020,93.0
hun,2013,60.0
hun,2014,51.0
hun,2015,47.0
hun,2016,37.0
hun,2017,30.0
hun,2018,31.0
hun,2019,20.0
hun,2020,21.0
isl,2013,1.0
isl,2014,0.0
isl,2015,0.0
isl,2016,0.0
isl,2017,1.0
isl,2018,1.0
isl,2019,0.0
isl,2020,1.0
ind,2014,86782.0
ind,2015,89887.0
ind,2016,95103.0
ind,2017,87316.0
ind,2018,98403.0
ind,2019,111277.0
ind,2020,84947.0
idn,2013,23714.0
idn,2014,23304.0
idn,2015,23262.0
idn,2016,24825.0
idn,2017,29166.0
idn,2018,36841.0
idn,2019,35947.0
idn,2020,25773.0
irn,2013,553.0
irn,2014,581.0
irn,2015,534.0
irn,2016,498.0
irn,2017,448.0
irn,2018,410.0
irn,2019,418.0
irn,2020,313.0
irq,2013,592.0
irq,2014,528.0
irq,2015,552.0
irq,2016,509.0
irq,2017,605.0
irq,2018,528.0
irq,2019,478.0
irq,2020,350.0
irl,2013,34.0
irl,2014,21.0
irl,2015,22.0
irl,2016,11.0
irl,2017,24.0
irl,2018,26.0
irl,2019,26.0
irl,2020,17.0
isr,2013,17.0
isr,2014,17.0
isr,2015,9.0
isr,2016,16.0
isr,2017,24.0
isr,2018,24.0
isr,2019,11.0
isr,2020,10.0
ita,2013,178.0
ita,2015,206.0
ita,2016,201.0
ita,2017,208.0
ita,2018,246.0
ita,2019,326.0
ita,2020,139.0
jam,2013,6.0
jam,2014,1.0
jam,2015,4.0
jam,2016,3.0
jam,2017,4.0
jam,2018,2.0
jam,2019,1.0
jam,2020,3.0
jpn,2013,618.0
jpn,2014,535.0
jpn,2015,552.0
jpn,2016,454.0
jpn,2017,445.0
jpn,2018,357.0
jpn,2019,368.0
jpn,2020,324.0
jor,2013,30.0
jor,2014,31.0
jor,2015,60.0
jor,2016,60.0
jor,2017,87.0
jor,2018,43.0
jor,2019,60.0
jor,2020,29.0
kaz,2013,1154.0
kaz,2014,999.0
kaz,2015,957.0
kaz,2016,781.0
kaz,2017,817.0
kaz,2018,874.0
kaz,2019,842.0
kaz,2020,994.0
ken,2013,6052.0
ken,2014,6577.0
ken,2015,5379.0
ken,2016,5283.0
ken,2017,5795.0
ken,2018,6288.0
ken,2019,5472.0
ken,2020,4738.0
kir,2013,35.0
kir,2014,24.0
kir,2015,28.0
kir,2016,31.0
kir,2017,17.0
kir,2018,18.0
kir,2019,24.0
kir,2020,13.0
kwt,2013,65.0
kwt,2014,71.0
kwt,2015,68.0
kwt,2016,79.0
kwt,2017,90.0
kwt,2018,82.0
kwt,2019,68.0
kwt,2020,80.0
kgz,2013,332.0
kgz,2014,309.0
kgz,2015,419.0
kgz,2016,412.0
kgz,2017,347.0
kgz,2018,335.0
kgz,2019,347.0
kgz,2020,216.0
lao,2013,246.0
lao,2014,236.0
lao,2015,249.0
lao,2016,294.0
lao,2017,316.0
lao,2018,314.0
lao,2019,351.0
lao,2020,359.0
lva,2013,53.0
lva,2014,45.0
lva,2015,41.0
lva,2016,35.0
lva,2017,27.0
lbn,2013,44.0
lbn,2014,48.0
lbn,2015,41.0
lbn,2016,39.0
lbn,2017,41.0
lbn,2018,41.0
lbn,2019,47.0
lbn,2020,50.0
lso,2013,821.0
lso,2014,811.0
lso,2015,647.0
lso,2016,666.0
lso,2017,637.0
lso,2018,608.0
lso,2019,610.0
lso,2020,362.0
lbr,2013,217.0
lbr,2014,126.0
lbr,2016,240.0
lbr,2017,210.0
lbr,2018,640.0
lbr,2019,659.0
lbr,2020,542.0
lby,2013,80.0
lby,2014,79.0
lby,2015,69.0
lby,2016,81.0
lby,2017,83.0
lby,2018,112.0
lby,2019,131.0
lby,2020,85.0
ltu,2013,84.0
ltu,2014,77.0
ltu,2015,68.0
ltu,2016,57.0
ltu,2017,68.0
ltu,2018,44.0
ltu,2019,43.0
ltu,2020,32.0
lux,2013,3.0
lux,2014,2.0
lux,2015,1.0
lux,2016,0.0
lux,2017,3.0
lux,2018,2.0
lux,2019,0.0
lux,2020,1.0
mdg,2018,2292.0
mdg,2019,2542.0
mdg,2020,2524.0
mwi,2013,1556.0
mwi,2014,1402.0
mwi,2015,1304.0
mwi,2016,1382.0
mwi,2017,1511.0
mwi,2018,1383.0
mwi,2019,1554.0
mwi,2020,1422.0
mys,2013,1228.0
mys,2014,1358.0
mys,2015,1206.0
mys,2016,1304.0
mys,2017,1335.0
mys,2018,1378.0
mys,2019,1373.0
mys,2020,1253.0
mdv,2013,4.0
mdv,2014,3.0
mdv,2015,9.0
mdv,2016,9.0
mdv,2017,6.0
mdv,2018,4.0
mdv,2019,8.0
mdv,2020,7.0
mli,2013,266.0
mli,2014,247.0
mli,2015,396.0
mli,2016,452.0
mli,2017,415.0
mli,2018,468.0
mli,2019,439.0
mli,2020,426.0
mlt,2013,1.0
mlt,2014,1.0
mlt,2015,2.0
mlt,2016,1.0
mlt,2017,1.0
mlt,2018,4.0
mlt,2019,1.0
mlt,2020,3.0
mhl,2013,8.0
mhl,2014,6.0
mhl,2015,8.0
mhl,2016,9.0
mhl,2017,18.0
mhl,2018,26.0
mhl,2019,13.0
mhl,2020,12.0
mrt,2013,137.0
mrt,2014,138.0
mrt,2015,117.0
mrt,2016,116.0
mrt,2017,135.0
mrt,2018,125.0
mrt,2019,151.0
mrt,2020,142.0
mus,2013,8.0
mus,2014,5.0
mus,2015,7.0
mus,2016,6.0
mus,2017,5.0
mus,2018,8.0
mus,2019,6.0
mus,2020,9.0
mex,2013,1230.0
mex,2014,1249.0
mex,2015,1303.0
mex,2016,1284.0
mex,2017,1232.0
mex,2018,1368.0
mex,2019,1409.0
mex,2020,1042.0
fsm,2014,7.0
fsm,2015,1.0
fsm,2016,6.0
fsm,2017,7.0
fsm,2018,2.0
fsm,2019,5.0
fsm,2020,6.0
mco,2016,0.0
mco,2018,0.0
mco,2020,0.0
mng,2013,241.0
mng,2014,223.0
mng,2015,243.0
mng,2016,270.0
mng,2017,254.0
mng,2018,245.0
mng,2019,240.0
mng,2020,244.0
mne,2013,7.0
mne,2014,6.0
mne,2015,2.0
mne,2016,4.0
mne,2017,5.0
mne,2018,8.0
mne,2019,2.0
mne,2020,3.0
msr,2018,0.0
mar,2013,1572.0
mar,2014,1602.0
mar,2015,1577.0
mar,2016,1753.0
mar,2017,1754.0
mar,2018,1740.0
mar,2019,1710.0
mar,2020,1772.0
mmr,2014,6299.0
mmr,2015,6224.0
mmr,2016,5991.0
mmr,2017,5740.0
mmr,2018,6352.0
mmr,2019,6046.0
mmr,2020,5056.0
nam,2013,747.0
nam,2014,755.0
nam,2015,795.0
nam,2016,749.0
nam,2017,696.0
nam,2018,594.0
nam,2019,604.0
nam,2020,462.0
nru,2014,0.0
nru,2015,1.0
nru,2016,0.0
nru,2017,2.0
nru,2018,0.0
nru,2019,1.0
nru,2020,2.0
npl,2013,737.0
npl,2014,796.0
npl,2015,1776.0
npl,2016,1643.0
npl,2017,1573.0
npl,2018,1613.0
npl,2019,1544.0
npl,2020,1296.0
nld,2013,46.0
nld,2014,44.0
nld,2015,45.0
nld,2016,52.0
nld,2017,45.0
nld,2018,46.0
nld,2019,54.0
nld,2020,55.0
ncl,2014,0.0
ncl,2015,2.0
ncl,2016,3.0
ncl,2017,0.0
ncl,2018,1.0
nzl,2013,17.0
nzl,2014,25.0
nzl,2015,25.0
nzl,2016,28.0
nzl,2017,30.0
nzl,2018,22.0
nzl,2019,25.0
nzl,2020,23.0
nic,2013,97.0
nic,2014,105.0
nic,2015,111.0
nic,2016,180.0
nic,2017,123.0
nic,2018,115.0
nic,2019,108.0
nic,2020,132.0
ner,2013,353.0
ner,2014,351.0
ner,2015,491.0
ner,2016,487.0
ner,2017,559.0
ner,2018,518.0
ner,2019,559.0
ner,2020,553.0
nga,2013,8295.0
nga,2014,7316.0
nga,2015,7293.0
nga,2016,7817.0
nga,2017,7950.0
nga,2018,8165.0
nga,2019,9284.0
nga,2020,11380.0
niu,2014,0.0
niu,2019,0.0
niu,2020,0.0
mkd,2013,14.0
mkd,2014,11.0
mkd,2015,15.0
mkd,2016,13.0
mkd,2017,10.0
mkd,2018,10.0
mkd,2019,7.0
mkd,2020,6.0
mnp,2013,2.0
mnp,2014,2.0
mnp,2015,4.0
mnp,2016,4.0
mnp,2017,1.0
mnp,2018,5.0
mnp,2019,2.0
mnp,2020,3.0
nor,2013,26.0
nor,2014,32.0
nor,2015,20.0
nor,2016,22.0
nor,2017,12.0
nor,2018,23.0
nor,2019,15.0
nor,2020,10.0
pse,2014,1.0
pse,2015,5.0
pse,2018,2.0
pse,2019,0.0
pse,2020,1.0
omn,2013,14.0
omn,2014,25.0
omn,2015,18.0
omn,2016,20.0
omn,2017,18.0
omn,2018,18.0
omn,2019,27.0
omn,2020,23.0
pak,2014,23833.0
pak,2015,24014.0
pak,2016,25625.0
pak,2017,25453.0
pak,2018,24695.0
pak,2019,21954.0
pak,2020,18386.0
plw,2013,0.0
plw,2014,1.0
plw,2015,1.0
plw,2016,2.0
plw,2017,0.0
plw,2018,1.0
plw,2019,0.0
plw,2020,0.0
pan,2013,80.0
pan,2014,84.0
pan,2015,83.0
pan,2016,96.0
pan,2017,86.0
pan,2018,93.0
pan,2019,59.0
pan,2020,50.0
png,2015,313.0
png,2016,385.0
png,2018,1618.0
png,2019,1989.0
png,2020,2017.0
pry,2013,91.0
pry,2014,83.0
pry,2015,90.0
pry,2016,115.0
pry,2017,109.0
pry,2018,115.0
pry,2019,126.0
pry,2020,93.0
per,2013,1387.0
per,2014,1284.0
per,2015,1723.0
per,2016,1815.0
per,2017,1695.0
per,2018,1674.0
per,2019,1616.0
per,2020,1317.0
phl,2013,5555.0
phl,2014,2710.0
phl,2015,12404.0
phl,2016,15133.0
phl,2017,14620.0
phl,2018,16944.0
phl,2019,19484.0
phl,2020,12272.0
pol,2013,284.0
pol,2014,260.0
pol,2015,247.0
pol,2016,271.0
pol,2017,234.0
pol,2018,215.0
pol,2019,195.0
pol,2020,123.0
prt,2013,178.0
prt,2014,140.0
prt,2015,147.0
prt,2016,119.0
prt,2017,94.0
prt,2018,103.0
prt,2019,113.0
prt,2020,65.0
pri,2013,3.0
pri,2014,1.0
pri,2015,2.0
pri,2016,2.0
pri,2017,0.0
pri,2018,0.0
pri,2019,0.0
pri,2020,0.0
qat,2014,16.0
qat,2016,25.0
qat,2017,23.0
qat,2018,39.0
qat,2019,51.0
qat,2020,42.0
kor,2013,2156.0
kor,2014,2018.0
kor,2015,1743.0
kor,2016,1551.0
kor,2017,1430.0
kor,2018,1216.0
kor,2019,999.0
kor,2020,821.0
mda,2013,234.0
mda,2014,244.0
mda,2015,199.0
mda,2016,198.0
mda,2017,192.0
mda,2018,155.0
mda,2019,161.0
mda,2020,96.0
rou,2013,827.0
rou,2014,762.0
rou,2015,747.0
rou,2016,663.0
rou,2017,603.0
rou,2018,551.0
rou,2019,535.0
rou,2020,313.0
rus,2013,5501.0
rus,2014,6758.0
rus,2015,6941.0
rus,2016,6845.0
rus,2017,6383.0
rus,2018,6351.0
rus,2019,5972.0
rus,2020,5131.0
rwa,2013,364.0
rwa,2014,350.0
rwa,2015,305.0
rwa,2016,400.0
rwa,2017,334.0
rwa,2018,334.0
rwa,2019,352.0
rwa,2020,314.0
kna,2013,0.0
kna,2014,1.0
kna,2016,0.0
lca,2013,2.0
lca,2014,0.0
lca,2015,0.0
lca,2017,0.0
lca,2018,1.0
lca,2019,0.0
lca,2020,0.0
vct,2014,0.0
vct,2015,0.0
vct,2016,1.0
vct,2017,0.0
vct,2018,0.0
vct,2019,0.0
vct,2020,0.0
wsm,2013,0.0
wsm,2014,1.0
wsm,2016,0.0
wsm,2017,0.0
wsm,2018,0.0
wsm,2019,1.0
smr,2016,0.0
smr,2017,0.0
smr,2018,0.0
smr,2019,0.0
stp,2013,15.0
stp,2014,9.0
stp,2015,11.0
stp,2016,15.0
stp,2017,13.0
stp,2018,10.0
stp,2019,10.0
stp,2020,10.0
sau,2013,143.0
sau,2014,124.0
sau,2015,159.0
sau,2016,134.0
sau,2017,114.0
sau,2018,149.0
sau,2019,156.0
sau,2020,132.0
sen,2019,722.0
sen,2020,696.0
srb,2013,62.0
srb,2014,130.0
srb,2015,76.0
srb,2016,57.0
srb,2017,69.0
srb,2018,78.0
srb,2019,45.0
srb,2020,27.0
syc,2013,1.0
syc,2014,1.0
syc,2015,0.0
syc,2016,1.0
syc,2017,1.0
syc,2018,0.0
syc,2019,0.0
syc,2020,0.0
sle,2013,618.0
sle,2014,613.0
sle,2016,624.0
sle,2017,827.0
sle,2018,1251.0
sle,2019,1342.0
sle,2020,1218.0
sgp,2013,143.0
sgp,2014,147.0
sgp,2015,143.0
sgp,2016,190.0
sgp,2017,173.0
sgp,2018,171.0
sgp,2019,172.0
sgp,2020,223.0
sxm,2015,1.0
svk,2013,10.0
svk,2014,17.0
svk,2015,14.0
svk,2016,14.0
svk,2017,10.0
svk,2018,13.0
svk,2019,11.0
svk,2020,6.0
svn,2013,3.0
svn,2014,5.0
svn,2015,3.0
svn,2016,4.0
svn,2017,3.0
svn,2018,6.0
svn,2019,2.0
svn,2020,3.0
slb,2013,14.0
slb,2014,15.0
slb,2015,32.0
slb,2016,20.0
slb,2017,19.0
slb,2018,23.0
slb,2019,29.0
slb,2020,23.0
som,2013,430.0
som,2014,710.0
som,2015,745.0
som,2016,784.0
som,2017,885.0
som,2018,982.0
som,2019,1076.0
som,2020,1142.0
zaf,2013,29297.0
zaf,2014,27953.0
zaf,2015,25448.0
zaf,2016,21028.0
zaf,2017,19227.0
zaf,2018,20288.0
zaf,2019,18848.0
zaf,2020,17503.0
ssd,2013,204.0
ssd,2015,272.0
ssd,2016,319.0
ssd,2017,703.0
ssd,2018,932.0
ssd,2019,1001.0
ssd,2020,951.0
esp,2013,409.0
esp,2014,382.0
esp,2015,320.0
esp,2016,347.0
esp,2017,316.0
esp,2018,317.0
esp,2019,291.0
esp,2020,220.0
lka,2013,417.0
lka,2014,434.0
lka,2015,485.0
lka,2016,420.0
lka,2017,395.0
lka,2018,415.0
lka,2019,382.0
lka,2020,349.0
sdn,2017,831.0
sdn,2018,846.0
sdn,2019,1274.0
sdn,2020,948.0
sur,2013,6.0
sur,2014,10.0
sur,2015,8.0
sur,2016,5.0
sur,2017,5.0
sur,2018,7.0
sur,2019,8.0
sur,2020,10.0
swe,2013,33.0
swe,2014,49.0
swe,2015,56.0
swe,2016,31.0
swe,2017,47.0
swe,2018,28.0
swe,2019,40.0
swe,2020,37.0
che,2013,54.0
che,2014,31.0
che,2015,41.0
che,2016,28.0
che,2017,40.0
che,2018,25.0
che,2019,26.0
che,2020,38.0
syr,2013,197.0
syr,2014,196.0
syr,2015,163.0
syr,2016,184.0
syr,2017,177.0
syr,2018,183.0
syr,2019,134.0
syr,2020,323.0
tjk,2013,295.0
tjk,2014,296.0
tjk,2015,326.0
tjk,2016,300.0
tjk,2017,353.0
tjk,2018,296.0
tjk,2019,288.0
tjk,2020,266.0
tha,2016,3395.0
tha,2017,3632.0
tha,2018,3902.0
tha,2019,4211.0
tha,2020,4090.0
tls,2016,211.0
tls,2017,155.0
tls,2018,193.0
tls,2019,208.0
tls,2020,155.0
tgo,2013,190.0
tgo,2014,189.0
tgo,2015,210.0
tgo,2016,225.0
tgo,2017,193.0
tgo,2018,171.0
tgo,2019,200.0
tgo,2020,162.0
tkl,2013,0.0
tkl,2014,0.0
tkl,2016,0.0
tkl,2017,0.0
tkl,2020,0.0
ton,2013,0.0
ton,2014,0.0
ton,2015,0.0
ton,2016,0.0
ton,2017,0.0
ton,2018,1.0
ton,2019,0.0
ton,2020,1.0
tto,2013,7.0
tto,2014,9.0
tto,2015,14.0
tto,2016,7.0
tto,2017,5.0
tto,2018,9.0
tto,2019,6.0
tto,2020,9.0
tun,2013,230.0
tun,2014,235.0
tun,2015,40.0
tun,2016,280.0
tun,2017,246.0
tun,2018,249.0
tun,2019,280.0
tun,2020,232.0
tur,2013,743.0
tur,2014,748.0
tur,2015,736.0
tur,2016,724.0
tur,2017,690.0
tur,2018,669.0
tur,2019,629.0
tur,2020,542.0
tkm,2016,49.0
tkm,2017,121.0
tkm,2018,159.0
tkm,2019,138.0
tkm,2020,147.0
tca,2013,1.0
tca,2014,0.0
tca,2015,0.0
tca,2016,0.0
tca,2018,0.0
tca,2019,1.0
tuv,2013,0.0
tuv,2014,1.0
tuv,2015,1.0
tuv,2016,1.0
tuv,2017,2.0
tuv,2018,2.0
tuv,2019,1.0
tuv,2020,0.0
uga,2013,1756.0
uga,2014,3033.0
uga,2015,2690.0
uga,2016,2765.0
uga,2017,3008.0
uga,2018,3624.0
uga,2019,4492.0
uga,2020,4076.0
ukr,2013,2309.0
ukr,2014,2115.0
ukr,2015,2117.0
ukr,2016,1917.0
ukr,2017,2001.0
ukr,2018,2031.0
ukr,2019,2027.0
ukr,2020,1403.0
are,2013,3.0
are,2014,0.0
are,2015,2.0
are,2016,5.0
are,2017,2.0
are,2018,5.0
are,2019,4.0
are,2020,4.0
gbr,2013,552.0
gbr,2014,476.0
gbr,2015,425.0
gbr,2016,420.0
gbr,2017,414.0
gbr,2018,390.0
gbr,2019,366.0
gbr,2020,359.0
tza,2014,5608.0
tza,2015,5453.0
tza,2016,5568.0
tza,2017,5696.0
tza,2018,5763.0
tza,2019,5696.0
tza,2020,5889.0
usa,2013,528.0
usa,2014,502.0
usa,2015,537.0
usa,2016,522.0
usa,2017,481.0
usa,2018,453.0
usa,2019,473.0
usa,2020,399.0
ury,2013,44.0
ury,2014,34.0
ury,2015,57.0
ury,2016,58.0
ury,2017,62.0
ury,2018,62.0
ury,2019,56.0
ury,2020,42.0
uzb,2013,1338.0
uzb,2014,1065.0
uzb,2015,946.0
uzb,2016,979.0
uzb,2017,1057.0
uzb,2018,1010.0
uzb,2019,901.0
uzb,2020,743.0
vut,2013,3.0
vut,2014,7.0
vut,2015,1.0
vut,2016,7.0
vut,2017,5.0
vut,2018,1.0
vut,2019,5.0
vut,2020,8.0
ven,2013,354.0
ven,2014,366.0
ven,2015,395.0
ven,2016,464.0
ven,2017,574.0
ven,2018,587.0
ven,2019,605.0
ven,2020,510.0
vnm,2013,1671.0
vnm,2014,1609.0
vnm,2015,1647.0
vnm,2016,3501.0
vnm,2017,3976.0
vnm,2018,3983.0
vnm,2019,4286.0
vnm,2020,4391.0
wlf,2014,0.0
wlf,2015,0.0
wlf,2016,0.0
wlf,2019,0.0
wlf,2020,0.0
yem,2013,825.0
yem,2014,776.0
yem,2016,755.0
yem,2017,787.0
yem,2018,787.0
yem,2019,774.0
yem,2020,610.0
zmb,2013,3752.0
zmb,2014,3267.0
zmb,2015,3301.0
zmb,2016,3495.0
zmb,2017,3192.0
zmb,2018,2977.0
zmb,2019,2954.0
zmb,2020,3193.0
zwe,2013,3526.0
zwe,2014,3157.0
zwe,2015,2967.0
zwe,2016,2793.0
zwe,2017,2676.0
zwe,2018,2497.0
zwe,2019,2029.0
zwe,2020,1396.0
