country,year,e_inc_tbhiv_num
afg,2000,7.0
afg,2001,6.0
afg,2002,6.0
afg,2003,6.0
afg,2004,7.0
afg,2005,8.0
afg,2006,9.0
afg,2007,10.0
afg,2008,11.0
afg,2009,12.0
afg,2010,13.0
afg,2011,15.0
afg,2012,16.0
afg,2013,17.0
afg,2014,17.0
afg,2015,18.0
afg,2016,18.0
afg,2017,19.0
afg,2018,19.0
afg,2019,20.0
afg,2020,13.0
alb,2000,1.0
alb,2001,1.0
alb,2002,1.0
alb,2003,1.0
alb,2004,1.0
alb,2005,2.0
alb,2006,2.0
alb,2007,2.0
alb,2008,2.0
alb,2009,3.0
alb,2010,3.0
alb,2011,4.0
alb,2012,4.0
alb,2013,5.0
alb,2014,4.0
alb,2015,5.0
alb,2016,5.0
alb,2017,6.0
alb,2018,5.0
alb,2019,10.0
alb,2020,4.0
dza,2000,75.0
dza,2001,66.0
dza,2002,43.0
dza,2003,69.0
dza,2004,74.0
dza,2005,90.0
dza,2006,100.0
dza,2007,120.0
dza,2008,120.0
dza,2009,140.0
dza,2010,150.0
dza,2011,160.0
dza,2012,180.0
dza,2013,180.0
dza,2014,200.0
dza,2015,220.0
dza,2016,220.0
dza,2017,230.0
dza,2018,240.0
dza,2019,220.0
dza,2020,220.0
asm,2006,0.0
asm,2007,0.0
asm,2008,0.0
asm,2009,0.0
asm,2010,0.0
asm,2017,0.0
ago,2000,10000.0
ago,2001,9900.0
ago,2002,10000.0
ago,2003,11000.0
ago,2004,12000.0
ago,2005,14000.0
ago,2006,16000.0
ago,2007,7100.0
ago,2008,20000.0
ago,2009,7800.0
ago,2010,22000.0
ago,2011,13000.0
ago,2012,24000.0
ago,2013,24000.0
ago,2014,23000.0
ago,2015,22000.0
ago,2016,21000.0
ago,2017,21000.0
ago,2018,11000.0
ago,2019,8500.0
ago,2020,13000.0
aia,2014,3.0
atg,2005,3.0
atg,2006,3.0
atg,2007,0.0
atg,2008,0.0
atg,2009,0.0
atg,2010,7.0
atg,2011,5.0
atg,2012,2.0
atg,2013,5.0
atg,2014,1.0
atg,2016,0.0
atg,2017,0.0
atg,2018,0.0
atg,2020,0.0
arg,2000,1000.0
arg,2001,860.0
arg,2002,790.0
arg,2003,700.0
arg,2004,740.0
arg,2005,730.0
arg,2006,730.0
arg,2007,840.0
arg,2008,770.0
arg,2009,660.0
arg,2010,640.0
arg,2011,870.0
arg,2012,790.0
arg,2013,790.0
arg,2014,780.0
arg,2015,780.0
arg,2016,810.0
arg,2017,760.0
arg,2018,750.0
arg,2019,810.0
arg,2020,840.0
arm,2000,27.0
arm,2001,31.0
arm,2002,36.0
arm,2003,45.0
arm,2004,55.0
arm,2005,86.0
arm,2006,78.0
arm,2007,82.0
arm,2008,83.0
arm,2009,79.0
arm,2010,24.0
arm,2011,52.0
arm,2012,79.0
arm,2013,83.0
arm,2014,100.0
arm,2015,130.0
arm,2016,71.0
arm,2017,83.0
arm,2018,95.0
arm,2019,81.0
arm,2020,72.0
aus,2000,110.0
aus,2001,93.0
aus,2002,87.0
aus,2003,73.0
aus,2004,72.0
aus,2005,59.0
aus,2006,54.0
aus,2007,44.0
aus,2008,45.0
aus,2009,47.0
aus,2010,45.0
aus,2011,43.0
aus,2012,18.0
aus,2013,37.0
aus,2014,24.0
aus,2015,31.0
aus,2016,29.0
aus,2017,34.0
aus,2018,30.0
aus,2019,25.0
aus,2020,24.0
aut,2000,79.0
aut,2001,64.0
aut,2002,61.0
aut,2003,51.0
aut,2004,44.0
aut,2005,39.0
aut,2006,31.0
aut,2007,25.0
aut,2008,23.0
aut,2009,20.0
aut,2010,20.0
aut,2011,20.0
aut,2012,18.0
aut,2013,16.0
aut,2014,14.0
aut,2015,14.0
aut,2016,15.0
aut,2017,14.0
aut,2018,12.0
aut,2019,12.0
aut,2020,9.0
aze,2000,160.0
aze,2001,140.0
aze,2002,140.0
aze,2003,110.0
aze,2004,160.0
aze,2005,190.0
aze,2006,200.0
aze,2007,200.0
aze,2008,280.0
aze,2009,350.0
aze,2010,72.0
aze,2011,55.0
aze,2012,130.0
aze,2013,120.0
aze,2014,150.0
aze,2015,110.0
aze,2016,140.0
aze,2017,110.0
aze,2018,85.0
aze,2019,94.0
aze,2020,110.0
bhs,2000,59.0
bhs,2001,42.0
bhs,2002,28.0
bhs,2003,15.0
bhs,2004,28.0
bhs,2005,23.0
bhs,2006,37.0
bhs,2007,14.0
bhs,2008,21.0
bhs,2009,17.0
bhs,2010,17.0
bhs,2011,13.0
bhs,2012,9.0
bhs,2013,12.0
bhs,2014,13.0
bhs,2015,20.0
bhs,2016,43.0
bhs,2017,21.0
bhs,2018,12.0
bhs,2019,16.0
bhs,2020,7.0
bhr,2000,7.0
bhr,2001,6.0
bhr,2002,6.0
bhr,2003,7.0
bhr,2004,9.0
bhr,2005,5.0
bhr,2006,4.0
bhr,2007,12.0
bhr,2008,11.0
bhr,2009,12.0
bhr,2010,11.0
bhr,2011,12.0
bhr,2012,2.0
bhr,2013,2.0
bhr,2014,1.0
bhr,2015,1.0
bhr,2016,1.0
bhr,2017,1.0
bhr,2018,1.0
bhr,2019,14.0
bhr,2020,9.0
bgd,2000,98.0
bgd,2001,110.0
bgd,2002,140.0
bgd,2003,170.0
bgd,2004,220.0
bgd,2005,280.0
bgd,2006,340.0
bgd,2007,410.0
bgd,2008,460.0
bgd,2009,510.0
bgd,2010,550.0
bgd,2011,600.0
bgd,2012,640.0
bgd,2013,660.0
bgd,2014,660.0
bgd,2015,660.0
bgd,2016,670.0
bgd,2017,680.0
bgd,2018,690.0
bgd,2019,700.0
bgd,2020,710.0
brb,2000,2.0
brb,2001,4.0
brb,2002,3.0
brb,2003,5.0
brb,2004,9.0
brb,2005,4.0
brb,2006,2.0
brb,2007,5.0
brb,2008,2.0
brb,2009,0.0
brb,2010,2.0
brb,2011,0.0
brb,2012,1.0
brb,2013,1.0
brb,2014,1.0
brb,2015,0.0
brb,2016,1.0
brb,2017,0.0
brb,2018,0.0
brb,2019,0.0
brb,2020,1.0
blr,2000,73.0
blr,2001,58.0
blr,2002,61.0
blr,2003,86.0
blr,2004,81.0
blr,2005,130.0
blr,2006,150.0
blr,2007,190.0
blr,2008,190.0
blr,2009,240.0
blr,2010,230.0
blr,2011,250.0
blr,2012,260.0
blr,2013,290.0
blr,2014,310.0
blr,2015,260.0
blr,2016,350.0
blr,2017,250.0
blr,2018,230.0
blr,2019,200.0
blr,2020,220.0
bel,2000,110.0
bel,2001,110.0
bel,2002,95.0
bel,2003,79.0
bel,2004,92.0
bel,2005,69.0
bel,2006,71.0
bel,2007,66.0
bel,2008,66.0
bel,2009,49.0
bel,2010,78.0
bel,2011,58.0
bel,2012,40.0
bel,2013,36.0
bel,2014,35.0
bel,2015,36.0
bel,2016,40.0
bel,2017,38.0
bel,2018,39.0
bel,2019,38.0
bel,2020,33.0
blz,2003,14.0
blz,2004,15.0
blz,2005,28.0
blz,2006,12.0
blz,2007,12.0
blz,2008,21.0
blz,2009,19.0
blz,2010,34.0
blz,2011,32.0
blz,2012,22.0
blz,2013,29.0
blz,2014,33.0
blz,2015,18.0
blz,2016,44.0
blz,2017,32.0
blz,2018,37.0
blz,2019,20.0
blz,2020,22.0
ben,2000,1700.0
ben,2001,1400.0
ben,2002,1300.0
ben,2003,1100.0
ben,2004,1100.0
ben,2005,1100.0
ben,2006,870.0
ben,2007,860.0
ben,2008,1000.0
ben,2009,1000.0
ben,2010,990.0
ben,2011,1100.0
ben,2012,1000.0
ben,2013,1000.0
ben,2014,1000.0
ben,2015,970.0
ben,2016,940.0
ben,2017,980.0
ben,2018,940.0
ben,2019,1100.0
ben,2020,940.0
bmu,2010,0.0
bmu,2011,0.0
bmu,2012,0.0
bmu,2016,0.0
bmu,2017,0.0
bmu,2018,0.0
bmu,2019,0.0
bmu,2020,1.0
btn,2000,52.0
btn,2001,45.0
btn,2002,46.0
btn,2003,45.0
btn,2004,46.0
btn,2005,51.0
btn,2006,51.0
btn,2007,60.0
btn,2008,59.0
btn,2009,70.0
btn,2010,81.0
btn,2011,77.0
btn,2012,70.0
btn,2013,64.0
btn,2014,13.0
btn,2015,11.0
btn,2016,7.0
btn,2017,6.0
btn,2018,3.0
btn,2019,4.0
btn,2020,8.0
bol,2000,720.0
bol,2001,600.0
bol,2002,520.0
bol,2003,470.0
bol,2004,440.0
bol,2005,450.0
bol,2006,470.0
bol,2007,500.0
bol,2008,490.0
bol,2009,480.0
bol,2010,470.0
bol,2011,470.0
bol,2012,430.0
bol,2013,370.0
bol,2014,530.0
bol,2015,560.0
bol,2016,500.0
bol,2017,560.0
bol,2018,610.0
bol,2019,580.0
bol,2020,500.0
bih,2000,3.0
bih,2001,2.0
bih,2002,1.0
bih,2003,2.0
bih,2004,2.0
bih,2005,2.0
bih,2006,2.0
bih,2007,3.0
bih,2008,3.0
bih,2009,3.0
bih,2010,2.0
bih,2011,3.0
bih,2012,3.0
bih,2013,3.0
bih,2014,3.0
bih,2015,3.0
bih,2016,2.0
bih,2017,2.0
bih,2018,2.0
bih,2019,2.0
bih,2020,2.0
bwa,2000,12000.0
bwa,2001,12000.0
bwa,2002,12000.0
bwa,2003,11000.0
bwa,2004,11000.0
bwa,2005,10000.0
bwa,2006,9900.0
bwa,2007,8100.0
bwa,2008,7700.0
bwa,2009,7100.0
bwa,2010,6700.0
bwa,2011,6100.0
bwa,2012,5400.0
bwa,2013,5200.0
bwa,2014,4800.0
bwa,2015,4500.0
bwa,2016,4200.0
bwa,2017,3200.0
bwa,2018,3300.0
bwa,2019,2800.0
bwa,2020,2700.0
bra,2000,7800.0
bra,2001,6500.0
bra,2002,6500.0
bra,2003,6400.0
bra,2004,6700.0
bra,2005,6700.0
bra,2006,6800.0
bra,2007,7400.0
bra,2008,7900.0
bra,2009,8000.0
bra,2010,15000.0
bra,2011,15000.0
bra,2012,15000.0
bra,2013,14000.0
bra,2014,14000.0
bra,2015,11000.0
bra,2016,11000.0
bra,2017,11000.0
bra,2018,11000.0
bra,2019,10000.0
bra,2020,11000.0
brn,2000,0.0
brn,2001,0.0
brn,2002,1.0
brn,2003,1.0
brn,2004,1.0
brn,2005,2.0
brn,2006,1.0
brn,2007,0.0
brn,2008,0.0
brn,2009,2.0
brn,2010,1.0
brn,2011,3.0
brn,2012,2.0
brn,2013,0.0
brn,2014,0.0
brn,2015,1.0
brn,2016,3.0
brn,2017,2.0
brn,2018,3.0
brn,2019,2.0
brn,2020,6.0
bgr,2000,2.0
bgr,2001,3.0
bgr,2002,4.0
bgr,2003,6.0
bgr,2004,8.0
bgr,2005,11.0
bgr,2006,14.0
bgr,2007,16.0
bgr,2008,19.0
bgr,2009,20.0
bgr,2010,3.0
bgr,2011,8.0
bgr,2012,5.0
bgr,2013,7.0
bgr,2014,5.0
bgr,2015,18.0
bgr,2016,0.0
bgr,2017,5.0
bgr,2018,0.0
bgr,2019,1.0
bgr,2020,14.0
bfa,2000,3100.0
bfa,2001,2700.0
bfa,2002,2300.0
bfa,2003,2100.0
bfa,2004,1900.0
bfa,2005,1900.0
bfa,2006,2500.0
bfa,2007,2600.0
bfa,2008,2000.0
bfa,2009,1800.0
bfa,2010,1600.0
bfa,2011,1500.0
bfa,2012,1300.0
bfa,2013,1200.0
bfa,2014,1100.0
bfa,2015,870.0
bfa,2016,910.0
bfa,2017,880.0
bfa,2018,930.0
bfa,2019,800.0
bfa,2020,750.0
bdi,2000,9000.0
bdi,2001,7400.0
bdi,2002,6200.0
bdi,2003,5200.0
bdi,2004,4600.0
bdi,2005,4200.0
bdi,2006,4000.0
bdi,2007,3900.0
bdi,2008,3600.0
bdi,2009,3400.0
bdi,2010,2900.0
bdi,2011,2700.0
bdi,2012,2300.0
bdi,2013,1800.0
bdi,2014,1700.0
bdi,2015,1700.0
bdi,2016,1500.0
bdi,2017,1400.0
bdi,2018,1300.0
bdi,2019,1000.0
bdi,2020,970.0
cpv,2000,49.0
cpv,2001,44.0
cpv,2002,26.0
cpv,2003,38.0
cpv,2004,34.0
cpv,2005,17.0
cpv,2006,33.0
cpv,2007,36.0
cpv,2008,44.0
cpv,2009,44.0
cpv,2010,47.0
cpv,2011,63.0
cpv,2012,63.0
cpv,2013,31.0
cpv,2014,32.0
cpv,2015,39.0
cpv,2016,25.0
cpv,2017,35.0
cpv,2018,35.0
cpv,2019,42.0
cpv,2020,28.0
khm,2000,8000.0
khm,2001,7700.0
khm,2002,7300.0
khm,2003,6800.0
khm,2004,6400.0
khm,2005,5900.0
khm,2006,5600.0
khm,2007,5400.0
khm,2008,5400.0
khm,2009,4800.0
khm,2010,4000.0
khm,2011,3100.0
khm,2012,2700.0
khm,2013,2300.0
khm,2014,1600.0
khm,2015,1400.0
khm,2016,1400.0
khm,2017,1300.0
khm,2018,1100.0
khm,2019,1300.0
khm,2020,1100.0
cmr,2000,25000.0
cmr,2001,24000.0
cmr,2002,24000.0
cmr,2003,23000.0
cmr,2004,23000.0
cmr,2005,24000.0
cmr,2006,24000.0
cmr,2007,25000.0
cmr,2008,22000.0
cmr,2009,22000.0
cmr,2010,19000.0
cmr,2011,20000.0
cmr,2012,19000.0
cmr,2013,20000.0
cmr,2014,19000.0
cmr,2015,18000.0
cmr,2016,17000.0
cmr,2017,15000.0
cmr,2018,13000.0
cmr,2019,12000.0
cmr,2020,11000.0
can,2000,260.0
can,2001,250.0
can,2002,220.0
can,2003,190.0
can,2004,160.0
can,2005,140.0
can,2006,110.0
can,2007,94.0
can,2008,91.0
can,2009,90.0
can,2010,61.0
can,2011,75.0
can,2012,81.0
can,2013,72.0
can,2014,65.0
can,2015,66.0
can,2016,72.0
can,2017,77.0
can,2018,72.0
can,2019,83.0
can,2020,84.0
cym,2009,0.0
cym,2010,0.0
cym,2011,0.0
cym,2012,0.0
cym,2013,1.0
cym,2017,0.0
cym,2018,0.0
cym,2020,0.0
caf,2000,13000.0
caf,2001,12000.0
caf,2002,11000.0
caf,2003,11000.0
caf,2004,11000.0
caf,2005,11000.0
caf,2006,11000.0
caf,2007,11000.0
caf,2008,11000.0
caf,2009,11000.0
caf,2010,11000.0
caf,2011,11000.0
caf,2012,10000.0
caf,2013,9800.0
caf,2014,9200.0
caf,2015,8500.0
caf,2016,7400.0
caf,2017,6900.0
caf,2018,6600.0
caf,2019,6500.0
caf,2020,7900.0
tcd,2000,4300.0
tcd,2001,3900.0
tcd,2002,3600.0
tcd,2003,3300.0
tcd,2004,3200.0
tcd,2005,3400.0
tcd,2006,3500.0
tcd,2007,3700.0
tcd,2008,3800.0
tcd,2009,3800.0
tcd,2010,3800.0
tcd,2011,3800.0
tcd,2012,3900.0
tcd,2013,3800.0
tcd,2014,3600.0
tcd,2015,4500.0
tcd,2016,4600.0
tcd,2017,4300.0
tcd,2018,3700.0
tcd,2019,4100.0
tcd,2020,3600.0
chl,2000,490.0
chl,2001,470.0
chl,2002,360.0
chl,2003,300.0
chl,2004,330.0
chl,2005,270.0
chl,2006,230.0
chl,2007,190.0
chl,2008,180.0
chl,2009,180.0
chl,2010,190.0
chl,2011,190.0
chl,2012,180.0
chl,2013,170.0
chl,2014,170.0
chl,2015,390.0
chl,2016,370.0
chl,2017,360.0
chl,2018,360.0
chl,2019,380.0
chl,2020,290.0
chn,2000,27000.0
chn,2001,23000.0
chn,2002,21000.0
chn,2003,19000.0
chn,2004,19000.0
chn,2005,20000.0
chn,2006,21000.0
chn,2007,22000.0
chn,2008,21000.0
chn,2009,21000.0
chn,2010,20000.0
chn,2011,20000.0
chn,2012,20000.0
chn,2013,19000.0
chn,2014,17000.0
chn,2015,16000.0
chn,2016,15000.0
chn,2017,15000.0
chn,2018,14000.0
chn,2019,14000.0
chn,2020,12000.0
hkg,2005,54.0
hkg,2006,47.0
hkg,2007,36.0
hkg,2008,33.0
hkg,2009,58.0
hkg,2010,40.0
hkg,2011,47.0
hkg,2012,31.0
hkg,2013,36.0
hkg,2014,37.0
hkg,2015,33.0
hkg,2016,40.0
hkg,2017,47.0
hkg,2018,33.0
hkg,2019,56.0
hkg,2020,22.0
mac,2003,1.0
mac,2004,0.0
mac,2005,1.0
mac,2006,5.0
mac,2007,5.0
mac,2008,1.0
mac,2009,1.0
mac,2010,3.0
mac,2011,2.0
mac,2012,5.0
mac,2013,7.0
mac,2014,8.0
mac,2015,1.0
mac,2016,5.0
mac,2017,0.0
mac,2018,4.0
mac,2019,1.0
mac,2020,2.0
col,2000,1500.0
col,2001,1200.0
col,2002,1100.0
col,2003,1000.0
col,2004,940.0
col,2005,890.0
col,2006,800.0
col,2007,1100.0
col,2008,1400.0
col,2009,1300.0
col,2010,1100.0
col,2011,1200.0
col,2012,2300.0
col,2013,2400.0
col,2014,2000.0
col,2015,2000.0
col,2016,2200.0
col,2017,1900.0
col,2018,2100.0
col,2019,2200.0
col,2020,2700.0
com,2000,1.0
com,2001,1.0
com,2002,1.0
com,2003,1.0
com,2004,0.0
com,2005,4.0
com,2006,1.0
com,2007,1.0
com,2008,0.0
com,2009,1.0
com,2010,1.0
com,2011,1.0
com,2012,8.0
com,2013,1.0
com,2014,1.0
com,2015,1.0
com,2016,1.0
com,2017,0.0
com,2018,5.0
com,2019,1.0
com,2020,1.0
cog,2000,6400.0
cog,2001,6200.0
cog,2002,6100.0
cog,2003,6100.0
cog,2004,6100.0
cog,2005,6400.0
cog,2006,6600.0
cog,2007,6900.0
cog,2008,6800.0
cog,2009,6800.0
cog,2010,6700.0
cog,2011,6800.0
cog,2012,6900.0
cog,2013,6800.0
cog,2014,6700.0
cog,2015,6500.0
cog,2016,6300.0
cog,2017,6200.0
cog,2018,6200.0
cog,2019,6100.0
cog,2020,6200.0
cok,2011,0.0
cok,2012,0.0
cok,2019,0.0
cri,2000,29.0
cri,2001,27.0
cri,2002,22.0
cri,2003,31.0
cri,2004,28.0
cri,2005,89.0
cri,2006,67.0
cri,2007,59.0
cri,2008,56.0
cri,2009,25.0
cri,2010,67.0
cri,2011,46.0
cri,2012,70.0
cri,2013,46.0
cri,2014,54.0
cri,2015,40.0
cri,2016,43.0
cri,2017,43.0
cri,2018,54.0
cri,2019,49.0
cri,2020,29.0
civ,2000,40000.0
civ,2001,35000.0
civ,2002,31000.0
civ,2003,27000.0
civ,2004,25000.0
civ,2005,23000.0
civ,2006,22000.0
civ,2007,21000.0
civ,2008,13000.0
civ,2009,13000.0
civ,2010,9700.0
civ,2011,10000.0
civ,2012,10000.0
civ,2013,9200.0
civ,2014,8900.0
civ,2015,8700.0
civ,2016,7900.0
civ,2017,7300.0
civ,2018,7100.0
civ,2019,6200.0
civ,2020,5200.0
hrv,2000,28.0
hrv,2001,23.0
hrv,2002,24.0
hrv,2003,22.0
hrv,2004,17.0
hrv,2005,14.0
hrv,2006,12.0
hrv,2007,9.0
hrv,2008,10.0
hrv,2009,8.0
hrv,2010,7.0
hrv,2011,6.0
hrv,2012,5.0
hrv,2013,5.0
hrv,2014,5.0
hrv,2015,5.0
hrv,2016,4.0
hrv,2017,4.0
hrv,2018,4.0
hrv,2019,3.0
hrv,2020,3.0
cub,2000,20.0
cub,2001,15.0
cub,2002,16.0
cub,2003,0.0
cub,2004,1.0
cub,2005,0.0
cub,2006,26.0
cub,2007,30.0
cub,2008,96.0
cub,2009,0.0
cub,2010,10.0
cub,2011,74.0
cub,2012,81.0
cub,2013,75.0
cub,2014,99.0
cub,2015,79.0
cub,2016,76.0
cub,2017,110.0
cub,2018,90.0
cub,2019,78.0
cub,2020,68.0
cuw,2010,2.0
cuw,2012,1.0
cuw,2014,1.0
cuw,2016,0.0
cuw,2017,0.0
cyp,2000,4.0
cyp,2001,4.0
cyp,2002,2.0
cyp,2003,3.0
cyp,2004,2.0
cyp,2005,2.0
cyp,2006,2.0
cyp,2007,0.0
cyp,2008,2.0
cyp,2009,3.0
cyp,2010,3.0
cyp,2011,3.0
cyp,2012,3.0
cyp,2013,2.0
cyp,2014,2.0
cyp,2015,3.0
cyp,2016,3.0
cyp,2017,0.0
cyp,2018,3.0
cyp,2019,4.0
cyp,2020,3.0
cze,2000,12.0
cze,2001,12.0
cze,2002,11.0
cze,2003,11.0
cze,2004,9.0
cze,2005,8.0
cze,2006,7.0
cze,2007,5.0
cze,2008,6.0
cze,2009,5.0
cze,2010,5.0
cze,2011,4.0
cze,2012,4.0
cze,2013,3.0
cze,2014,3.0
cze,2015,4.0
cze,2016,4.0
cze,2017,4.0
cze,2018,4.0
cze,2019,4.0
cze,2020,3.0
cod,2000,56000.0
cod,2001,49000.0
cod,2002,44000.0
cod,2003,41000.0
cod,2004,39000.0
cod,2005,40000.0
cod,2006,42000.0
cod,2007,16000.0
cod,2008,16000.0
cod,2009,44000.0
cod,2010,43000.0
cod,2011,43000.0
cod,2012,42000.0
cod,2013,41000.0
cod,2014,38000.0
cod,2015,35000.0
cod,2016,33000.0
cod,2017,26000.0
cod,2018,30000.0
cod,2019,30000.0
cod,2020,22000.0
dnk,2000,56.0
dnk,2001,44.0
dnk,2002,33.0
dnk,2003,29.0
dnk,2004,7.0
dnk,2005,22.0
dnk,2006,16.0
dnk,2007,14.0
dnk,2008,0.0
dnk,2009,0.0
dnk,2010,11.0
dnk,2011,15.0
dnk,2012,12.0
dnk,2013,10.0
dnk,2014,9.0
dnk,2015,9.0
dnk,2016,9.0
dnk,2017,8.0
dnk,2018,8.0
dnk,2019,7.0
dnk,2020,7.0
dji,2000,2300.0
dji,2001,2200.0
dji,2002,1500.0
dji,2003,1400.0
dji,2004,1200.0
dji,2005,1300.0
dji,2006,1200.0
dji,2007,540.0
dji,2008,630.0
dji,2009,560.0
dji,2010,1500.0
dji,2011,1200.0
dji,2012,1100.0
dji,2013,920.0
dji,2014,260.0
dji,2015,200.0
dji,2016,170.0
dji,2017,120.0
dji,2018,90.0
dji,2019,75.0
dji,2020,86.0
dma,2009,1.0
dma,2011,0.0
dma,2013,3.0
dma,2015,0.0
dma,2016,1.0
dma,2017,0.0
dma,2019,0.0
dom,2000,2200.0
dom,2001,1700.0
dom,2002,1300.0
dom,2003,1300.0
dom,2004,1200.0
dom,2005,540.0
dom,2006,1200.0
dom,2007,1100.0
dom,2008,1100.0
dom,2009,460.0
dom,2010,940.0
dom,2011,1000.0
dom,2012,1100.0
dom,2013,1400.0
dom,2014,1300.0
dom,2015,1300.0
dom,2016,1300.0
dom,2017,1200.0
dom,2018,1200.0
dom,2019,1100.0
dom,2020,1100.0
ecu,2000,560.0
ecu,2001,420.0
ecu,2002,370.0
ecu,2003,410.0
ecu,2004,380.0
ecu,2005,280.0
ecu,2006,310.0
ecu,2007,550.0
ecu,2008,470.0
ecu,2009,520.0
ecu,2010,500.0
ecu,2011,690.0
ecu,2012,740.0
ecu,2013,920.0
ecu,2014,870.0
ecu,2015,730.0
ecu,2016,890.0
ecu,2017,940.0
ecu,2018,1000.0
ecu,2019,1100.0
ecu,2020,400.0
egy,2000,25.0
egy,2001,22.0
egy,2002,22.0
egy,2003,23.0
egy,2004,26.0
egy,2005,31.0
egy,2006,36.0
egy,2007,42.0
egy,2008,48.0
egy,2009,51.0
egy,2010,61.0
egy,2011,69.0
egy,2012,77.0
egy,2013,83.0
egy,2014,82.0
egy,2015,87.0
egy,2016,90.0
egy,2017,93.0
egy,2018,95.0
egy,2019,97.0
egy,2020,100.0
slv,2000,150.0
slv,2001,130.0
slv,2002,130.0
slv,2003,160.0
slv,2004,130.0
slv,2005,270.0
slv,2006,220.0
slv,2007,280.0
slv,2008,250.0
slv,2009,260.0
slv,2010,230.0
slv,2011,240.0
slv,2012,270.0
slv,2013,260.0
slv,2014,260.0
slv,2015,240.0
slv,2016,260.0
slv,2017,220.0
slv,2018,260.0
slv,2019,240.0
slv,2020,220.0
gnq,2000,520.0
gnq,2001,500.0
gnq,2002,490.0
gnq,2003,510.0
gnq,2004,540.0
gnq,2005,610.0
gnq,2006,710.0
gnq,2007,810.0
gnq,2008,900.0
gnq,2009,900.0
gnq,2010,590.0
gnq,2011,1200.0
gnq,2012,1300.0
gnq,2013,1400.0
gnq,2014,1200.0
gnq,2015,1600.0
gnq,2016,1800.0
gnq,2017,1400.0
gnq,2018,1200.0
gnq,2019,1300.0
gnq,2020,1700.0
eri,2000,1100.0
eri,2001,980.0
eri,2002,870.0
eri,2003,1400.0
eri,2004,1200.0
eri,2005,970.0
eri,2006,820.0
eri,2007,980.0
eri,2008,1600.0
eri,2009,700.0
eri,2010,650.0
eri,2011,900.0
eri,2012,930.0
eri,2013,310.0
eri,2014,240.0
eri,2015,180.0
eri,2016,220.0
eri,2017,150.0
eri,2018,140.0
eri,2019,120.0
eri,2020,110.0
est,2000,47.0
est,2001,83.0
est,2002,98.0
est,2003,110.0
est,2004,34.0
est,2005,37.0
est,2006,48.0
est,2007,61.0
est,2008,46.0
est,2009,43.0
est,2010,34.0
est,2011,49.0
est,2012,49.0
est,2013,41.0
est,2014,27.0
est,2015,28.0
est,2016,25.0
est,2017,16.0
est,2018,15.0
est,2019,19.0
est,2020,13.0
swz,2000,7100.0
swz,2001,7500.0
swz,2002,8300.0
swz,2003,9700.0
swz,2004,10000.0
swz,2005,11000.0
swz,2006,12000.0
swz,2007,12000.0
swz,2008,12000.0
swz,2009,14000.0
swz,2010,14000.0
swz,2011,11000.0
swz,2012,9000.0
swz,2013,8200.0
swz,2014,6900.0
swz,2015,5200.0
swz,2016,4200.0
swz,2017,3900.0
swz,2018,3000.0
swz,2019,2500.0
swz,2020,2500.0
eth,2000,101000.0
eth,2001,85000.0
eth,2002,72000.0
eth,2003,63000.0
eth,2004,56000.0
eth,2005,53000.0
eth,2006,53000.0
eth,2007,52000.0
eth,2008,49000.0
eth,2009,46000.0
eth,2010,43000.0
eth,2011,40000.0
eth,2012,23000.0
eth,2013,24000.0
eth,2014,20000.0
eth,2015,16000.0
eth,2016,14000.0
eth,2017,12000.0
eth,2018,7600.0
eth,2019,10000.0
eth,2020,9900.0
fji,2000,1.0
fji,2001,2.0
fji,2002,1.0
fji,2003,8.0
fji,2004,0.0
fji,2005,1.0
fji,2006,2.0
fji,2007,1.0
fji,2008,0.0
fji,2009,0.0
fji,2010,5.0
fji,2011,5.0
fji,2012,5.0
fji,2013,7.0
fji,2014,18.0
fji,2015,8.0
fji,2016,12.0
fji,2017,12.0
fji,2018,25.0
fji,2019,37.0
fji,2020,30.0
fin,2000,14.0
fin,2001,12.0
fin,2002,12.0
fin,2003,10.0
fin,2004,7.0
fin,2005,7.0
fin,2006,5.0
fin,2007,5.0
fin,2008,5.0
fin,2009,7.0
fin,2010,5.0
fin,2011,5.0
fin,2012,4.0
fin,2013,4.0
fin,2014,4.0
fin,2015,4.0
fin,2016,4.0
fin,2017,4.0
fin,2018,4.0
fin,2019,4.0
fin,2020,3.0
fra,2000,1100.0
fra,2001,1000.0
fra,2002,970.0
fra,2003,940.0
fra,2004,730.0
fra,2005,620.0
fra,2006,530.0
fra,2007,500.0
fra,2008,480.0
fra,2009,430.0
fra,2010,480.0
fra,2011,420.0
fra,2012,420.0
fra,2013,420.0
fra,2014,320.0
fra,2015,330.0
fra,2016,380.0
fra,2017,330.0
fra,2018,360.0
fra,2019,360.0
fra,2020,270.0
pyf,2018,0.0
gab,2000,3600.0
gab,2001,3600.0
gab,2002,3500.0
gab,2003,3600.0
gab,2004,2700.0
gab,2005,3700.0
gab,2006,3800.0
gab,2007,2800.0
gab,2008,3600.0
gab,2009,4100.0
gab,2010,4100.0
gab,2011,4200.0
gab,2012,1500.0
gab,2013,1100.0
gab,2014,4000.0
gab,2015,3900.0
gab,2016,3800.0
gab,2017,3600.0
gab,2018,3500.0
gab,2019,3400.0
gab,2020,3300.0
gmb,2000,690.0
gmb,2001,650.0
gmb,2002,630.0
gmb,2003,630.0
gmb,2004,650.0
gmb,2005,700.0
gmb,2006,750.0
gmb,2007,810.0
gmb,2008,820.0
gmb,2009,500.0
gmb,2010,840.0
gmb,2011,860.0
gmb,2012,550.0
gmb,2013,480.0
gmb,2014,700.0
gmb,2015,630.0
gmb,2016,670.0
gmb,2017,700.0
gmb,2018,730.0
gmb,2019,670.0
gmb,2020,620.0
geo,2000,13.0
geo,2001,15.0
geo,2002,22.0
geo,2003,33.0
geo,2004,45.0
geo,2005,58.0
geo,2006,70.0
geo,2007,120.0
geo,2008,75.0
geo,2009,110.0
geo,2010,66.0
geo,2011,140.0
geo,2012,150.0
geo,2013,94.0
geo,2014,94.0
geo,2015,110.0
geo,2016,79.0
geo,2017,60.0
geo,2018,66.0
geo,2019,53.0
geo,2020,55.0
deu,2000,810.0
deu,2001,580.0
deu,2002,530.0
deu,2003,480.0
deu,2004,380.0
deu,2005,300.0
deu,2006,230.0
deu,2007,180.0
deu,2008,150.0
deu,2009,150.0
deu,2010,150.0
deu,2011,140.0
deu,2012,130.0
deu,2013,120.0
deu,2014,120.0
deu,2015,160.0
deu,2016,160.0
deu,2017,160.0
deu,2018,160.0
deu,2019,140.0
deu,2020,120.0
gha,2000,17000.0
gha,2001,15000.0
gha,2002,13000.0
gha,2003,13000.0
gha,2004,12000.0
gha,2005,12000.0
gha,2006,13000.0
gha,2007,13000.0
gha,2008,13000.0
gha,2009,10000.0
gha,2010,12000.0
gha,2011,10000.0
gha,2012,11000.0
gha,2013,11000.0
gha,2014,11000.0
gha,2015,9900.0
gha,2016,10000.0
gha,2017,9500.0
gha,2018,8600.0
gha,2019,9200.0
gha,2020,8100.0
grc,2000,45.0
grc,2001,31.0
grc,2002,33.0
grc,2003,31.0
grc,2004,35.0
grc,2005,29.0
grc,2006,23.0
grc,2007,21.0
grc,2008,20.0
grc,2009,20.0
grc,2010,18.0
grc,2011,18.0
grc,2012,21.0
grc,2013,18.0
grc,2014,18.0
grc,2015,16.0
grc,2016,15.0
grc,2017,17.0
grc,2018,16.0
grc,2019,18.0
grc,2020,17.0
grl,2016,0.0
grl,2017,0.0
grl,2018,1.0
grd,2006,0.0
grd,2009,1.0
grd,2010,1.0
grd,2011,0.0
grd,2015,2.0
grd,2016,0.0
grd,2017,1.0
grd,2018,0.0
grd,2019,1.0
grd,2020,0.0
gum,2005,0.0
gum,2006,0.0
gum,2007,0.0
gum,2008,3.0
gum,2009,0.0
gum,2010,2.0
gum,2011,0.0
gum,2013,0.0
gum,2014,0.0
gum,2015,0.0
gum,2016,0.0
gum,2017,1.0
gum,2018,0.0
gum,2019,1.0
gum,2020,0.0
gtm,2000,310.0
gtm,2001,220.0
gtm,2002,240.0
gtm,2003,200.0
gtm,2004,250.0
gtm,2005,290.0
gtm,2006,300.0
gtm,2007,750.0
gtm,2008,770.0
gtm,2009,490.0
gtm,2010,500.0
gtm,2011,490.0
gtm,2012,400.0
gtm,2013,410.0
gtm,2014,350.0
gtm,2015,260.0
gtm,2016,330.0
gtm,2017,320.0
gtm,2018,310.0
gtm,2019,550.0
gtm,2020,370.0
gin,2000,5300.0
gin,2001,3200.0
gin,2002,4200.0
gin,2003,3900.0
gin,2004,3800.0
gin,2005,3900.0
gin,2006,4000.0
gin,2007,4200.0
gin,2008,4200.0
gin,2009,4400.0
gin,2010,3200.0
gin,2011,4100.0
gin,2012,4700.0
gin,2013,4500.0
gin,2014,4800.0
gin,2015,4900.0
gin,2016,5100.0
gin,2017,5300.0
gin,2018,5400.0
gin,2019,5200.0
gin,2020,6800.0
gnb,2000,1700.0
gnb,2001,1600.0
gnb,2002,1600.0
gnb,2003,1700.0
gnb,2004,1800.0
gnb,2005,1900.0
gnb,2006,2000.0
gnb,2007,2200.0
gnb,2008,2200.0
gnb,2009,2300.0
gnb,2010,2300.0
gnb,2011,2300.0
gnb,2012,2300.0
gnb,2013,2400.0
gnb,2014,2300.0
gnb,2015,1600.0
gnb,2016,2100.0
gnb,2017,2100.0
gnb,2018,2400.0
gnb,2019,2200.0
gnb,2020,2200.0
guy,2000,71.0
guy,2001,68.0
guy,2002,97.0
guy,2003,110.0
guy,2004,110.0
guy,2005,140.0
guy,2006,120.0
guy,2007,250.0
guy,2008,180.0
guy,2009,260.0
guy,2010,250.0
guy,2011,210.0
guy,2012,290.0
guy,2013,220.0
guy,2014,170.0
guy,2015,170.0
guy,2016,180.0
guy,2017,190.0
guy,2018,120.0
guy,2019,120.0
guy,2020,110.0
hti,2000,10000.0
hti,2001,9000.0
hti,2002,8200.0
hti,2003,7700.0
hti,2004,7300.0
hti,2005,7400.0
hti,2006,7500.0
hti,2007,5600.0
hti,2008,5500.0
hti,2009,5300.0
hti,2010,4500.0
hti,2011,4600.0
hti,2012,4400.0
hti,2013,4200.0
hti,2014,3900.0
hti,2015,3400.0
hti,2016,3100.0
hti,2017,3200.0
hti,2018,2900.0
hti,2019,3000.0
hti,2020,2600.0
hnd,2000,1600.0
hnd,2001,1000.0
hnd,2002,750.0
hnd,2003,230.0
hnd,2004,460.0
hnd,2005,410.0
hnd,2006,390.0
hnd,2007,350.0
hnd,2008,340.0
hnd,2009,330.0
hnd,2010,310.0
hnd,2011,430.0
hnd,2012,420.0
hnd,2013,380.0
hnd,2014,360.0
hnd,2015,380.0
hnd,2016,290.0
hnd,2017,240.0
hnd,2018,230.0
hnd,2019,170.0
hnd,2020,150.0
hun,2000,46.0
hun,2001,41.0
hun,2002,36.0
hun,2003,33.0
hun,2004,25.0
hun,2005,18.0
hun,2006,15.0
hun,2007,12.0
hun,2008,12.0
hun,2009,11.0
hun,2010,15.0
hun,2011,13.0
hun,2012,11.0
hun,2013,10.0
hun,2014,8.0
hun,2015,9.0
hun,2016,8.0
hun,2017,8.0
hun,2018,7.0
hun,2019,7.0
hun,2020,5.0
isl,2000,1.0
isl,2001,1.0
isl,2002,0.0
isl,2003,0.0
isl,2004,2.0
isl,2005,1.0
isl,2006,3.0
isl,2007,0.0
isl,2008,1.0
isl,2009,0.0
isl,2010,1.0
isl,2011,0.0
isl,2012,0.0
isl,2013,0.0
isl,2014,0.0
isl,2015,0.0
isl,2016,0.0
isl,2017,0.0
isl,2018,0.0
isl,2019,0.0
isl,2020,0.0
ind,2000,417000.0
ind,2001,354000.0
ind,2002,305000.0
ind,2003,271000.0
ind,2004,247000.0
ind,2005,242000.0
ind,2006,243000.0
ind,2007,222000.0
ind,2008,230000.0
ind,2009,213000.0
ind,2010,195000.0
ind,2011,185000.0
ind,2012,176000.0
ind,2013,145000.0
ind,2014,123000.0
ind,2015,113000.0
ind,2016,87000.0
ind,2017,78000.0
ind,2018,94000.0
ind,2019,69000.0
ind,2020,53000.0
idn,2000,3700.0
idn,2001,4600.0
idn,2002,6000.0
idn,2003,7900.0
idn,2004,10000.0
idn,2005,13000.0
idn,2006,16000.0
idn,2007,18000.0
idn,2008,20000.0
idn,2009,22000.0
idn,2010,24000.0
idn,2011,25000.0
idn,2012,26000.0
idn,2013,26000.0
idn,2014,25000.0
idn,2015,24000.0
idn,2016,23000.0
idn,2017,20000.0
idn,2018,20000.0
idn,2019,19000.0
idn,2020,18000.0
irn,2000,160.0
irn,2001,180.0
irn,2002,200.0
irn,2003,230.0
irn,2004,250.0
irn,2005,260.0
irn,2006,310.0
irn,2007,340.0
irn,2008,350.0
irn,2009,370.0
irn,2010,370.0
irn,2011,390.0
irn,2012,370.0
irn,2013,340.0
irn,2014,280.0
irn,2015,250.0
irn,2016,660.0
irn,2017,450.0
irn,2018,380.0
irn,2019,350.0
irn,2020,260.0
irq,2000,2.0
irq,2001,1.0
irq,2002,1.0
irq,2003,1.0
irq,2004,1.0
irq,2005,1.0
irq,2006,1.0
irq,2007,2.0
irq,2008,2.0
irq,2009,2.0
irq,2010,2.0
irq,2011,4.0
irq,2012,3.0
irq,2013,4.0
irq,2014,4.0
irq,2015,4.0
irq,2016,5.0
irq,2017,5.0
irq,2018,0.0
irq,2019,6.0
irq,2020,6.0
irl,2000,28.0
irl,2001,28.0
irl,2002,26.0
irl,2003,26.0
irl,2004,24.0
irl,2005,22.0
irl,2006,20.0
irl,2007,17.0
irl,2008,17.0
irl,2009,17.0
irl,2010,16.0
irl,2011,16.0
irl,2012,13.0
irl,2013,13.0
irl,2014,11.0
irl,2015,11.0
irl,2016,11.0
irl,2017,12.0
irl,2018,12.0
irl,2019,10.0
irl,2020,10.0
isr,2000,38.0
isr,2001,37.0
isr,2002,34.0
isr,2003,50.0
isr,2004,16.0
isr,2005,23.0
isr,2006,16.0
isr,2007,18.0
isr,2008,16.0
isr,2009,30.0
isr,2010,15.0
isr,2011,30.0
isr,2012,19.0
isr,2013,17.0
isr,2014,28.0
isr,2015,16.0
isr,2016,21.0
isr,2017,14.0
isr,2018,14.0
isr,2019,9.0
isr,2020,17.0
ita,2000,590.0
ita,2001,680.0
ita,2002,580.0
ita,2003,590.0
ita,2004,490.0
ita,2005,410.0
ita,2006,370.0
ita,2007,210.0
ita,2008,310.0
ita,2009,300.0
ita,2010,340.0
ita,2011,240.0
ita,2012,210.0
ita,2013,180.0
ita,2014,200.0
ita,2015,200.0
ita,2016,220.0
ita,2017,230.0
ita,2018,230.0
ita,2019,190.0
ita,2020,210.0
jam,2000,45.0
jam,2001,38.0
jam,2002,29.0
jam,2003,60.0
jam,2004,39.0
jam,2005,40.0
jam,2006,37.0
jam,2007,29.0
jam,2008,24.0
jam,2009,52.0
jam,2010,38.0
jam,2011,24.0
jam,2012,26.0
jam,2013,20.0
jam,2014,26.0
jam,2015,29.0
jam,2016,25.0
jam,2017,30.0
jam,2018,16.0
jam,2019,13.0
jam,2020,12.0
jpn,2000,510.0
jpn,2001,450.0
jpn,2002,400.0
jpn,2003,360.0
jpn,2004,310.0
jpn,2005,250.0
jpn,2006,200.0
jpn,2007,100.0
jpn,2008,140.0
jpn,2009,160.0
jpn,2010,160.0
jpn,2011,150.0
jpn,2012,130.0
jpn,2013,120.0
jpn,2014,110.0
jpn,2015,100.0
jpn,2016,100.0
jpn,2017,100.0
jpn,2018,95.0
jpn,2019,89.0
jpn,2020,77.0
jor,2000,1.0
jor,2001,1.0
jor,2002,0.0
jor,2003,0.0
jor,2004,1.0
jor,2005,1.0
jor,2006,1.0
jor,2007,1.0
jor,2008,0.0
jor,2009,0.0
jor,2010,0.0
jor,2011,2.0
jor,2012,0.0
jor,2013,0.0
jor,2014,0.0
jor,2015,0.0
jor,2016,1.0
jor,2017,0.0
jor,2018,4.0
jor,2019,0.0
jor,2020,0.0
kaz,2000,370.0
kaz,2001,370.0
kaz,2002,380.0
kaz,2003,410.0
kaz,2004,440.0
kaz,2005,170.0
kaz,2006,150.0
kaz,2007,220.0
kaz,2008,210.0
kaz,2009,240.0
kaz,2010,330.0
kaz,2011,350.0
kaz,2012,420.0
kaz,2013,460.0
kaz,2014,640.0
kaz,2015,390.0
kaz,2016,710.0
kaz,2017,500.0
kaz,2018,720.0
kaz,2019,680.0
kaz,2020,850.0
ken,2000,99000.0
ken,2001,102000.0
ken,2002,103000.0
ken,2003,114000.0
ken,2004,117000.0
ken,2005,119000.0
ken,2006,127000.0
ken,2007,114000.0
ken,2008,101000.0
ken,2009,102000.0
ken,2010,91000.0
ken,2011,86000.0
ken,2012,79000.0
ken,2013,76000.0
ken,2014,70000.0
ken,2015,61000.0
ken,2016,54000.0
ken,2017,46000.0
ken,2018,40000.0
ken,2019,37000.0
ken,2020,35000.0
kir,2009,3.0
kir,2010,2.0
kir,2011,0.0
kir,2013,0.0
kwt,2000,3.0
kwt,2001,2.0
kwt,2002,3.0
kwt,2003,5.0
kwt,2004,2.0
kwt,2005,3.0
kwt,2006,2.0
kwt,2007,2.0
kwt,2008,3.0
kwt,2009,29.0
kwt,2010,30.0
kwt,2011,21.0
kwt,2012,23.0
kwt,2013,3.0
kwt,2014,3.0
kwt,2015,3.0
kwt,2016,3.0
kwt,2017,4.0
kwt,2018,4.0
kwt,2019,4.0
kwt,2020,3.0
kgz,2000,3.0
kgz,2001,7.0
kgz,2002,14.0
kgz,2003,24.0
kgz,2004,36.0
kgz,2005,55.0
kgz,2006,73.0
kgz,2007,93.0
kgz,2008,140.0
kgz,2009,94.0
kgz,2010,140.0
kgz,2011,160.0
kgz,2012,160.0
kgz,2013,220.0
kgz,2014,230.0
kgz,2015,250.0
kgz,2016,270.0
kgz,2017,280.0
kgz,2018,240.0
kgz,2019,160.0
kgz,2020,220.0
lao,2000,310.0
lao,2001,300.0
lao,2002,300.0
lao,2003,330.0
lao,2004,360.0
lao,2005,410.0
lao,2006,470.0
lao,2007,520.0
lao,2008,550.0
lao,2009,580.0
lao,2010,600.0
lao,2011,620.0
lao,2012,630.0
lao,2013,620.0
lao,2014,960.0
lao,2015,930.0
lao,2016,720.0
lao,2017,690.0
lao,2018,720.0
lao,2019,610.0
lao,2020,610.0
lva,2000,240.0
lva,2001,240.0
lva,2002,200.0
lva,2003,170.0
lva,2004,50.0
lva,2005,70.0
lva,2006,62.0
lva,2007,74.0
lva,2008,94.0
lva,2009,96.0
lva,2010,100.0
lva,2011,94.0
lva,2012,150.0
lva,2013,55.0
lva,2014,170.0
lva,2015,130.0
lva,2016,81.0
lva,2017,67.0
lva,2018,41.0
lva,2019,38.0
lva,2020,35.0
lbn,2000,5.0
lbn,2001,4.0
lbn,2002,3.0
lbn,2003,2.0
lbn,2004,2.0
lbn,2005,3.0
lbn,2006,3.0
lbn,2007,4.0
lbn,2008,5.0
lbn,2009,5.0
lbn,2010,5.0
lbn,2011,5.0
lbn,2012,5.0
lbn,2013,7.0
lbn,2014,15.0
lbn,2015,9.0
lbn,2016,6.0
lbn,2017,5.0
lbn,2018,8.0
lbn,2019,7.0
lbn,2020,3.0
lso,2000,12000.0
lso,2001,13000.0
lso,2002,14000.0
lso,2003,16000.0
lso,2004,17000.0
lso,2005,17000.0
lso,2006,18000.0
lso,2007,18000.0
lso,2008,19000.0
lso,2009,19000.0
lso,2010,18000.0
lso,2011,17000.0
lso,2012,16000.0
lso,2013,14000.0
lso,2014,13000.0
lso,2015,12000.0
lso,2016,11000.0
lso,2017,10000.0
lso,2018,9200.0
lso,2019,8600.0
lso,2020,8200.0
lbr,2000,2800.0
lbr,2001,2500.0
lbr,2002,2300.0
lbr,2003,2200.0
lbr,2004,2200.0
lbr,2005,2200.0
lbr,2006,2400.0
lbr,2007,2600.0
lbr,2008,2600.0
lbr,2009,2700.0
lbr,2010,2700.0
lbr,2011,2700.0
lbr,2012,2800.0
lbr,2013,2700.0
lbr,2014,2500.0
lbr,2015,1800.0
lbr,2016,2200.0
lbr,2017,2200.0
lbr,2018,2600.0
lbr,2019,2200.0
lbr,2020,1800.0
lby,2000,19.0
lby,2001,20.0
lby,2002,23.0
lby,2003,27.0
lby,2004,33.0
lby,2005,41.0
lby,2006,49.0
lby,2007,57.0
lby,2008,62.0
lby,2009,66.0
lby,2010,68.0
lby,2011,210.0
lby,2012,180.0
lby,2013,98.0
lby,2014,120.0
lby,2015,56.0
lby,2016,57.0
lby,2017,68.0
lby,2018,33.0
lby,2019,46.0
lby,2020,26.0
ltu,2000,120.0
ltu,2001,120.0
ltu,2002,110.0
ltu,2003,110.0
ltu,2004,7.0
ltu,2005,72.0
ltu,2006,70.0
ltu,2007,58.0
ltu,2008,54.0
ltu,2009,1700.0
ltu,2010,48.0
ltu,2011,47.0
ltu,2012,44.0
ltu,2013,62.0
ltu,2014,54.0
ltu,2015,60.0
ltu,2016,50.0
ltu,2017,51.0
ltu,2018,39.0
ltu,2019,30.0
ltu,2020,23.0
lux,2000,5.0
lux,2001,3.0
lux,2002,3.0
lux,2003,5.0
lux,2004,3.0
lux,2005,3.0
lux,2006,2.0
lux,2007,2.0
lux,2008,1.0
lux,2009,1.0
lux,2010,2.0
lux,2011,1.0
lux,2012,2.0
lux,2013,2.0
lux,2014,1.0
lux,2015,1.0
lux,2016,1.0
lux,2017,2.0
lux,2018,2.0
lux,2019,0.0
lux,2020,0.0
mdg,2000,210.0
mdg,2001,200.0
mdg,2002,220.0
mdg,2003,250.0
mdg,2004,300.0
mdg,2005,370.0
mdg,2006,450.0
mdg,2007,550.0
mdg,2008,640.0
mdg,2009,750.0
mdg,2010,120.0
mdg,2011,870.0
mdg,2012,1100.0
mdg,2013,1300.0
mdg,2014,1300.0
mdg,2015,1400.0
mdg,2016,1500.0
mdg,2017,1600.0
mdg,2018,960.0
mdg,2019,780.0
mdg,2020,1100.0
mwi,2000,34000.0
mwi,2001,35000.0
mwi,2002,33000.0
mwi,2003,33000.0
mwi,2004,33000.0
mwi,2005,34000.0
mwi,2006,36000.0
mwi,2007,35000.0
mwi,2008,32000.0
mwi,2009,32000.0
mwi,2010,38000.0
mwi,2011,28000.0
mwi,2012,27000.0
mwi,2013,23000.0
mwi,2014,20000.0
mwi,2015,18000.0
mwi,2016,16000.0
mwi,2017,14000.0
mwi,2018,13000.0
mwi,2019,13000.0
mwi,2020,12000.0
mys,2000,1800.0
mys,2001,1500.0
mys,2002,1300.0
mys,2003,1500.0
mys,2004,1200.0
mys,2005,2200.0
mys,2006,2000.0
mys,2007,1400.0
mys,2008,2300.0
mys,2009,2200.0
mys,2010,2000.0
mys,2011,2000.0
mys,2012,1500.0
mys,2013,2000.0
mys,2014,1900.0
mys,2015,1400.0
mys,2016,1800.0
mys,2017,1800.0
mys,2018,1900.0
mys,2019,1700.0
mys,2020,1700.0
mdv,2000,0.0
mdv,2001,0.0
mdv,2002,0.0
mdv,2003,0.0
mdv,2004,0.0
mdv,2005,0.0
mdv,2006,0.0
mdv,2007,0.0
mdv,2008,0.0
mdv,2009,0.0
mdv,2010,0.0
mdv,2011,0.0
mdv,2012,0.0
mdv,2013,0.0
mdv,2014,0.0
mdv,2015,0.0
mdv,2016,1.0
mdv,2017,0.0
mdv,2018,1.0
mdv,2019,0.0
mdv,2020,0.0
mli,2000,2800.0
mli,2001,2400.0
mli,2002,2100.0
mli,2003,1900.0
mli,2004,1800.0
mli,2005,1800.0
mli,2006,1900.0
mli,2007,1400.0
mli,2008,1900.0
mli,2009,1500.0
mli,2010,1500.0
mli,2011,1800.0
mli,2012,700.0
mli,2013,1700.0
mli,2014,1500.0
mli,2015,1400.0
mli,2016,1300.0
mli,2017,1100.0
mli,2018,1000.0
mli,2019,1000.0
mli,2020,990.0
mlt,2000,0.0
mlt,2001,1.0
mlt,2002,1.0
mlt,2003,0.0
mlt,2004,1.0
mlt,2005,1.0
mlt,2006,1.0
mlt,2007,1.0
mlt,2008,6.0
mlt,2009,6.0
mlt,2010,3.0
mlt,2011,6.0
mlt,2012,5.0
mlt,2013,0.0
mlt,2014,9.0
mlt,2015,6.0
mlt,2016,10.0
mlt,2017,0.0
mlt,2018,10.0
mlt,2019,4.0
mlt,2020,3.0
mhl,2005,0.0
mhl,2006,0.0
mhl,2007,0.0
mhl,2008,0.0
mhl,2009,4.0
mhl,2010,0.0
mhl,2011,0.0
mhl,2013,2.0
mhl,2014,0.0
mhl,2016,0.0
mhl,2017,0.0
mhl,2019,1.0
mhl,2020,0.0
mrt,2000,730.0
mrt,2001,610.0
mrt,2002,530.0
mrt,2003,310.0
mrt,2004,440.0
mrt,2005,440.0
mrt,2006,450.0
mrt,2007,450.0
mrt,2008,260.0
mrt,2009,400.0
mrt,2010,370.0
mrt,2011,350.0
mrt,2012,330.0
mrt,2013,300.0
mrt,2014,260.0
mrt,2015,230.0
mrt,2016,200.0
mrt,2017,180.0
mrt,2018,160.0
mrt,2019,150.0
mrt,2020,140.0
mus,2000,29.0
mus,2001,21.0
mus,2002,25.0
mus,2003,4.0
mus,2004,3.0
mus,2005,3.0
mus,2006,7.0
mus,2007,9.0
mus,2008,12.0
mus,2009,9.0
mus,2010,9.0
mus,2011,10.0
mus,2012,12.0
mus,2013,28.0
mus,2014,17.0
mus,2015,18.0
mus,2016,21.0
mus,2017,27.0
mus,2018,36.0
mus,2019,39.0
mus,2020,28.0
mex,2000,1500.0
mex,2001,1300.0
mex,2002,1100.0
mex,2003,1100.0
mex,2004,880.0
mex,2005,1100.0
mex,2006,1200.0
mex,2007,1300.0
mex,2008,1400.0
mex,2009,1200.0
mex,2010,1300.0
mex,2011,1500.0
mex,2012,2100.0
mex,2013,1900.0
mex,2014,1800.0
mex,2015,3100.0
mex,2016,3500.0
mex,2017,3500.0
mex,2018,2800.0
mex,2019,3500.0
mex,2020,3900.0
fsm,2011,0.0
fsm,2014,0.0
fsm,2015,0.0
fsm,2016,0.0
fsm,2017,0.0
fsm,2019,0.0
fsm,2020,0.0
mng,2000,7.0
mng,2001,9.0
mng,2002,12.0
mng,2003,16.0
mng,2004,21.0
mng,2005,27.0
mng,2006,33.0
mng,2007,17.0
mng,2008,17.0
mng,2009,0.0
mng,2010,5.0
mng,2011,10.0
mng,2012,14.0
mng,2013,17.0
mng,2014,29.0
mng,2015,21.0
mng,2016,31.0
mng,2017,25.0
mng,2018,15.0
mng,2019,17.0
mng,2020,17.0
mne,2005,1.0
mne,2006,1.0
mne,2007,1.0
mne,2008,1.0
mne,2009,0.0
mne,2010,2.0
mne,2011,0.0
mne,2012,0.0
mne,2013,3.0
mne,2014,0.0
mne,2015,1.0
mne,2016,0.0
mne,2017,0.0
mne,2018,1.0
mne,2019,0.0
mne,2020,0.0
mar,2000,560.0
mar,2001,480.0
mar,2002,450.0
mar,2003,390.0
mar,2004,380.0
mar,2005,420.0
mar,2006,450.0
mar,2007,140.0
mar,2008,120.0
mar,2009,120.0
mar,2010,550.0
mar,2011,570.0
mar,2012,210.0
mar,2013,570.0
mar,2014,550.0
mar,2015,520.0
mar,2016,500.0
mar,2017,470.0
mar,2018,440.0
mar,2019,420.0
mar,2020,410.0
moz,2000,39000.0
moz,2001,38000.0
moz,2002,38000.0
moz,2003,39000.0
moz,2004,40000.0
moz,2005,43000.0
moz,2006,46000.0
moz,2007,36000.0
moz,2008,47000.0
moz,2009,53000.0
moz,2010,51000.0
moz,2011,54000.0
moz,2012,52000.0
moz,2013,50000.0
moz,2014,50000.0
moz,2015,50000.0
moz,2016,44000.0
moz,2017,42000.0
moz,2018,38000.0
moz,2019,37000.0
moz,2020,32000.0
mmr,2000,36000.0
mmr,2001,32000.0
mmr,2002,30000.0
mmr,2003,29000.0
mmr,2004,29000.0
mmr,2005,31000.0
mmr,2006,29000.0
mmr,2007,29000.0
mmr,2008,29000.0
mmr,2009,29000.0
mmr,2010,26000.0
mmr,2011,24000.0
mmr,2012,23000.0
mmr,2013,21000.0
mmr,2014,23000.0
mmr,2015,18000.0
mmr,2016,19000.0
mmr,2017,16000.0
mmr,2018,15000.0
mmr,2019,14000.0
mmr,2020,14000.0
nam,2000,14000.0
nam,2001,15000.0
nam,2002,16000.0
nam,2003,16000.0
nam,2004,17000.0
nam,2005,17000.0
nam,2006,17000.0
nam,2007,17000.0
nam,2008,13000.0
nam,2009,12000.0
nam,2010,10000.0
nam,2011,8700.0
nam,2012,7800.0
nam,2013,7100.0
nam,2014,6700.0
nam,2015,5900.0
nam,2016,5400.0
nam,2017,4900.0
nam,2018,4500.0
nam,2019,3900.0
nam,2020,3600.0
npl,2000,3000.0
npl,2001,2800.0
npl,2002,2700.0
npl,2003,2700.0
npl,2004,2800.0
npl,2005,3000.0
npl,2006,3200.0
npl,2007,2100.0
npl,2008,3300.0
npl,2009,3100.0
npl,2010,1400.0
npl,2011,2800.0
npl,2012,2600.0
npl,2013,2400.0
npl,2014,2100.0
npl,2015,1900.0
npl,2016,780.0
npl,2017,770.0
npl,2018,620.0
npl,2019,490.0
npl,2020,1400.0
nld,2000,120.0
nld,2001,130.0
nld,2002,110.0
nld,2003,100.0
nld,2004,52.0
nld,2005,70.0
nld,2006,53.0
nld,2007,43.0
nld,2008,43.0
nld,2009,52.0
nld,2010,46.0
nld,2011,42.0
nld,2012,38.0
nld,2013,31.0
nld,2014,29.0
nld,2015,30.0
nld,2016,34.0
nld,2017,38.0
nld,2018,36.0
nld,2019,29.0
nld,2020,22.0
nzl,2000,16.0
nzl,2001,16.0
nzl,2002,13.0
nzl,2003,16.0
nzl,2004,12.0
nzl,2005,10.0
nzl,2006,9.0
nzl,2007,6.0
nzl,2008,6.0
nzl,2009,6.0
nzl,2010,6.0
nzl,2011,6.0
nzl,2012,6.0
nzl,2013,0.0
nzl,2014,3.0
nzl,2015,1.0
nzl,2016,3.0
nzl,2017,1.0
nzl,2018,1.0
nzl,2019,3.0
nzl,2020,2.0
nic,2000,110.0
nic,2001,98.0
nic,2002,77.0
nic,2003,82.0
nic,2004,80.0
nic,2005,74.0
nic,2006,84.0
nic,2007,100.0
nic,2008,110.0
nic,2009,110.0
nic,2010,120.0
nic,2011,130.0
nic,2012,140.0
nic,2013,140.0
nic,2014,130.0
nic,2015,150.0
nic,2016,140.0
nic,2017,140.0
nic,2018,140.0
nic,2019,140.0
nic,2020,160.0
ner,2000,3000.0
ner,2001,2500.0
ner,2002,2100.0
ner,2003,1800.0
ner,2004,1600.0
ner,2005,1600.0
ner,2006,1600.0
ner,2007,1600.0
ner,2008,2100.0
ner,2009,2100.0
ner,2010,2100.0
ner,2011,1100.0
ner,2012,1100.0
ner,2013,990.0
ner,2014,1300.0
ner,2015,1000.0
ner,2016,960.0
ner,2017,830.0
ner,2018,780.0
ner,2019,710.0
ner,2020,740.0
nga,2000,77000.0
nga,2001,68000.0
nga,2002,63000.0
nga,2003,59000.0
nga,2004,59000.0
nga,2005,61000.0
nga,2006,66000.0
nga,2007,71000.0
nga,2008,90000.0
nga,2009,86000.0
nga,2010,86000.0
nga,2011,92000.0
nga,2012,86000.0
nga,2013,83000.0
nga,2014,74000.0
nga,2015,68000.0
nga,2016,64000.0
nga,2017,58000.0
nga,2018,53000.0
nga,2019,46000.0
nga,2020,34000.0
niu,2017,0.0
niu,2018,0.0
niu,2019,0.0
niu,2020,0.0
mkd,2000,1.0
mkd,2001,1.0
mkd,2002,1.0
mkd,2003,1.0
mkd,2004,1.0
mkd,2005,1.0
mkd,2006,1.0
mkd,2007,1.0
mkd,2008,1.0
mkd,2009,1.0
mkd,2010,1.0
mkd,2011,1.0
mkd,2012,1.0
mkd,2013,0.0
mkd,2014,2.0
mkd,2015,0.0
mkd,2016,0.0
mkd,2017,0.0
mkd,2018,1.0
mkd,2019,2.0
mkd,2020,1.0
mnp,2003,0.0
mnp,2005,0.0
mnp,2006,0.0
mnp,2007,0.0
mnp,2008,0.0
mnp,2009,0.0
mnp,2010,0.0
mnp,2011,0.0
mnp,2012,1.0
mnp,2013,1.0
mnp,2014,0.0
mnp,2015,0.0
mnp,2016,0.0
mnp,2017,0.0
mnp,2018,1.0
mnp,2019,0.0
mnp,2020,0.0
nor,2000,12.0
nor,2001,15.0
nor,2002,13.0
nor,2003,17.0
nor,2004,13.0
nor,2005,11.0
nor,2006,10.0
nor,2007,9.0
nor,2008,9.0
nor,2009,10.0
nor,2010,9.0
nor,2011,10.0
nor,2012,10.0
nor,2013,9.0
nor,2014,8.0
nor,2015,7.0
nor,2016,13.0
nor,2017,6.0
nor,2018,8.0
nor,2019,8.0
nor,2020,4.0
pse,2004,0.0
pse,2006,0.0
pse,2007,0.0
pse,2008,0.0
pse,2009,0.0
pse,2010,0.0
pse,2011,0.0
pse,2014,0.0
pse,2015,0.0
pse,2016,0.0
pse,2017,0.0
pse,2018,0.0
pse,2020,0.0
omn,2000,23.0
omn,2001,20.0
omn,2002,18.0
omn,2003,19.0
omn,2004,12.0
omn,2005,12.0
omn,2006,12.0
omn,2007,16.0
omn,2008,9.0
omn,2009,3.0
omn,2010,4.0
omn,2011,9.0
omn,2012,16.0
omn,2013,6.0
omn,2014,3.0
omn,2015,5.0
omn,2016,14.0
omn,2017,4.0
omn,2018,7.0
omn,2019,12.0
omn,2020,10.0
pak,2000,120.0
pak,2001,0.0
pak,2002,0.0
pak,2003,150.0
pak,2004,490.0
pak,2005,1000.0
pak,2006,1800.0
pak,2007,2600.0
pak,2008,3600.0
pak,2009,4700.0
pak,2010,1500.0
pak,2011,6800.0
pak,2012,7600.0
pak,2013,8200.0
pak,2014,8400.0
pak,2015,2700.0
pak,2016,3000.0
pak,2017,2600.0
pak,2018,3800.0
pak,2019,5100.0
pak,2020,14000.0
plw,2004,0.0
plw,2005,0.0
plw,2006,0.0
plw,2009,0.0
plw,2010,0.0
plw,2011,1.0
plw,2012,0.0
plw,2013,1.0
plw,2014,0.0
plw,2015,0.0
plw,2016,0.0
plw,2017,0.0
plw,2018,0.0
plw,2019,0.0
plw,2020,0.0
pan,2000,200.0
pan,2001,260.0
pan,2002,220.0
pan,2003,210.0
pan,2004,220.0
pan,2005,260.0
pan,2006,300.0
pan,2007,320.0
pan,2008,370.0
pan,2009,270.0
pan,2010,300.0
pan,2011,310.0
pan,2012,280.0
pan,2013,270.0
pan,2014,150.0
pan,2015,290.0
pan,2016,350.0
pan,2017,470.0
pan,2018,400.0
pan,2019,350.0
pan,2020,350.0
png,2000,2000.0
png,2001,2000.0
png,2002,2100.0
png,2003,2200.0
png,2004,2500.0
png,2005,2800.0
png,2006,3100.0
png,2007,3400.0
png,2008,1100.0
png,2009,3700.0
png,2010,3800.0
png,2011,4000.0
png,2012,4100.0
png,2013,4200.0
png,2014,4100.0
png,2015,4000.0
png,2016,4000.0
png,2017,4000.0
png,2018,4000.0
png,2019,4000.0
png,2020,2700.0
pry,2000,190.0
pry,2001,180.0
pry,2002,160.0
pry,2003,170.0
pry,2004,170.0
pry,2005,160.0
pry,2006,200.0
pry,2007,52.0
pry,2008,190.0
pry,2009,200.0
pry,2010,53.0
pry,2011,310.0
pry,2012,220.0
pry,2013,260.0
pry,2014,260.0
pry,2015,240.0
pry,2016,270.0
pry,2017,250.0
pry,2018,260.0
pry,2019,270.0
pry,2020,350.0
per,2000,4300.0
per,2001,3500.0
per,2002,2800.0
per,2003,2200.0
per,2004,2200.0
per,2005,2200.0
per,2006,2400.0
per,2007,2400.0
per,2008,2400.0
per,2009,600.0
per,2010,780.0
per,2011,2400.0
per,2012,2300.0
per,2013,2200.0
per,2014,2200.0
per,2015,2300.0
per,2016,2200.0
per,2017,1800.0
per,2018,2300.0
per,2019,2400.0
per,2020,2400.0
phl,2000,330.0
phl,2001,280.0
phl,2002,290.0
phl,2003,370.0
phl,2004,500.0
phl,2005,680.0
phl,2006,890.0
phl,2007,1200.0
phl,2008,1600.0
phl,2009,2200.0
phl,2010,3000.0
phl,2011,3800.0
phl,2012,4800.0
phl,2013,5700.0
phl,2014,6500.0
phl,2015,7400.0
phl,2016,8400.0
phl,2017,9500.0
phl,2018,11000.0
phl,2019,12000.0
phl,2020,12000.0
pol,2000,330.0
pol,2001,290.0
pol,2002,270.0
pol,2003,250.0
pol,2004,200.0
pol,2005,160.0
pol,2006,130.0
pol,2007,110.0
pol,2008,100.0
pol,2009,110.0
pol,2010,98.0
pol,2011,110.0
pol,2012,90.0
pol,2013,82.0
pol,2014,73.0
pol,2015,70.0
pol,2016,72.0
pol,2017,69.0
pol,2018,67.0
pol,2019,66.0
pol,2020,43.0
prt,2000,1300.0
prt,2001,1300.0
prt,2002,1200.0
prt,2003,980.0
prt,2004,1000.0
prt,2005,870.0
prt,2006,700.0
prt,2007,600.0
prt,2008,470.0
prt,2009,500.0
prt,2010,360.0
prt,2011,410.0
prt,2012,370.0
prt,2013,330.0
prt,2014,380.0
prt,2015,340.0
prt,2016,290.0
prt,2017,230.0
prt,2018,180.0
prt,2019,200.0
prt,2020,160.0
pri,2004,48.0
pri,2005,39.0
pri,2006,26.0
pri,2007,25.0
pri,2008,28.0
pri,2009,11.0
pri,2010,17.0
pri,2011,13.0
pri,2012,14.0
pri,2013,12.0
pri,2014,8.0
pri,2015,11.0
pri,2016,8.0
pri,2017,12.0
pri,2018,4.0
pri,2019,4.0
pri,2020,3.0
qat,2000,2.0
qat,2001,2.0
qat,2002,2.0
qat,2003,0.0
qat,2004,1.0
qat,2005,0.0
qat,2006,0.0
qat,2007,0.0
qat,2008,0.0
qat,2009,0.0
qat,2010,1.0
qat,2011,1.0
qat,2012,1.0
qat,2013,1.0
qat,2014,0.0
qat,2015,0.0
qat,2016,0.0
qat,2017,1.0
qat,2018,1.0
qat,2019,1.0
qat,2020,2.0
kor,2000,510.0
kor,2001,810.0
kor,2002,690.0
kor,2003,640.0
kor,2004,530.0
kor,2005,540.0
kor,2006,430.0
kor,2007,360.0
kor,2008,340.0
kor,2009,360.0
kor,2010,380.0
kor,2011,390.0
kor,2012,360.0
kor,2013,320.0
kor,2014,310.0
kor,2015,290.0
kor,2016,300.0
kor,2017,300.0
kor,2018,290.0
kor,2019,270.0
kor,2020,230.0
mda,2000,250.0
mda,2001,280.0
mda,2002,270.0
mda,2003,300.0
mda,2004,350.0
mda,2005,8.0
mda,2006,440.0
mda,2007,210.0
mda,2008,260.0
mda,2009,260.0
mda,2010,280.0
mda,2011,280.0
mda,2012,320.0
mda,2013,320.0
mda,2014,360.0
mda,2015,360.0
mda,2016,360.0
mda,2017,320.0
mda,2018,300.0
mda,2019,340.0
mda,2020,390.0
rou,2000,560.0
rou,2001,510.0
rou,2002,490.0
rou,2003,480.0
rou,2004,480.0
rou,2005,480.0
rou,2006,500.0
rou,2007,510.0
rou,2008,820.0
rou,2009,520.0
rou,2010,680.0
rou,2011,460.0
rou,2012,440.0
rou,2013,480.0
rou,2014,490.0
rou,2015,420.0
rou,2016,380.0
rou,2017,300.0
rou,2018,320.0
rou,2019,240.0
rou,2020,280.0
rus,2000,2200.0
rus,2001,2400.0
rus,2002,2800.0
rus,2003,3400.0
rus,2004,4200.0
rus,2005,5200.0
rus,2006,6300.0
rus,2007,7500.0
rus,2008,7700.0
rus,2009,10000.0
rus,2010,10000.0
rus,2011,11000.0
rus,2012,11000.0
rus,2013,11000.0
rus,2014,11000.0
rus,2015,11000.0
rus,2016,19000.0
rus,2017,17000.0
rus,2018,16000.0
rus,2019,17000.0
rus,2020,16000.0
rwa,2000,4100.0
rwa,2001,3200.0
rwa,2002,3200.0
rwa,2003,3400.0
rwa,2004,3200.0
rwa,2005,4100.0
rwa,2006,4100.0
rwa,2007,3700.0
rwa,2008,3300.0
rwa,2009,3100.0
rwa,2010,2700.0
rwa,2011,2300.0
rwa,2012,2000.0
rwa,2013,1800.0
rwa,2014,1800.0
rwa,2015,1900.0
rwa,2016,1600.0
rwa,2017,1500.0
rwa,2018,1500.0
rwa,2019,1500.0
rwa,2020,1500.0
kna,2009,0.0
kna,2010,0.0
kna,2011,0.0
kna,2012,0.0
kna,2017,0.0
lca,2003,0.0
lca,2006,0.0
lca,2007,2.0
lca,2008,5.0
lca,2009,4.0
lca,2010,0.0
lca,2011,1.0
lca,2012,1.0
lca,2013,0.0
lca,2014,1.0
lca,2015,2.0
lca,2016,1.0
lca,2017,0.0
lca,2018,1.0
lca,2019,1.0
lca,2020,0.0
vct,2004,2.0
vct,2005,1.0
vct,2006,4.0
vct,2007,8.0
vct,2008,6.0
vct,2009,7.0
vct,2011,8.0
vct,2015,1.0
vct,2016,0.0
vct,2018,0.0
vct,2019,0.0
vct,2020,2.0
wsm,2016,0.0
wsm,2017,0.0
wsm,2018,0.0
wsm,2019,0.0
wsm,2020,0.0
stp,2000,42.0
stp,2001,34.0
stp,2002,28.0
stp,2003,4.0
stp,2004,28.0
stp,2005,8.0
stp,2006,34.0
stp,2007,14.0
stp,2008,10.0
stp,2009,17.0
stp,2010,25.0
stp,2011,24.0
stp,2012,29.0
stp,2013,52.0
stp,2014,49.0
stp,2015,42.0
stp,2016,65.0
stp,2017,37.0
stp,2018,38.0
stp,2019,40.0
stp,2020,17.0
sau,2000,44.0
sau,2001,43.0
sau,2002,42.0
sau,2003,39.0
sau,2004,36.0
sau,2005,34.0
sau,2006,31.0
sau,2007,28.0
sau,2008,28.0
sau,2009,28.0
sau,2010,120.0
sau,2011,100.0
sau,2012,98.0
sau,2013,21.0
sau,2014,20.0
sau,2015,21.0
sau,2016,79.0
sau,2017,130.0
sau,2018,49.0
sau,2019,74.0
sau,2020,71.0
sen,2000,2200.0
sen,2001,1900.0
sen,2002,1700.0
sen,2003,1700.0
sen,2004,1600.0
sen,2005,1700.0
sen,2006,1800.0
sen,2007,1900.0
sen,2008,1800.0
sen,2009,1800.0
sen,2010,1600.0
sen,2011,1700.0
sen,2012,1500.0
sen,2013,1400.0
sen,2014,1300.0
sen,2015,1200.0
sen,2016,1100.0
sen,2017,1100.0
sen,2018,910.0
sen,2019,970.0
sen,2020,980.0
srb,2005,6.0
srb,2006,7.0
srb,2007,7.0
srb,2008,7.0
srb,2009,7.0
srb,2010,7.0
srb,2011,8.0
srb,2012,7.0
srb,2013,8.0
srb,2014,7.0
srb,2015,6.0
srb,2016,5.0
srb,2017,5.0
srb,2018,5.0
srb,2019,4.0
srb,2020,4.0
syc,2003,0.0
syc,2008,0.0
syc,2009,10.0
syc,2010,1.0
syc,2011,5.0
syc,2012,3.0
syc,2013,1.0
syc,2014,1.0
syc,2015,0.0
syc,2016,1.0
syc,2017,0.0
syc,2018,1.0
syc,2019,2.0
syc,2020,2.0
sle,2000,4400.0
sle,2001,4000.0
sle,2002,3800.0
sle,2003,3800.0
sle,2004,3800.0
sle,2005,1900.0
sle,2006,4400.0
sle,2007,2100.0
sle,2008,2100.0
sle,2009,2300.0
sle,2010,2000.0
sle,2011,1800.0
sle,2012,2400.0
sle,2013,2700.0
sle,2014,2600.0
sle,2015,3000.0
sle,2016,3100.0
sle,2017,2800.0
sle,2018,2900.0
sle,2019,3000.0
sle,2020,3300.0
sgp,2000,180.0
sgp,2001,160.0
sgp,2002,140.0
sgp,2003,140.0
sgp,2004,110.0
sgp,2005,94.0
sgp,2006,76.0
sgp,2007,67.0
sgp,2008,73.0
sgp,2009,81.0
sgp,2010,76.0
sgp,2011,86.0
sgp,2012,63.0
sgp,2013,71.0
sgp,2014,68.0
sgp,2015,45.0
sgp,2016,44.0
sgp,2017,40.0
sgp,2018,35.0
sgp,2019,47.0
sgp,2020,27.0
sxm,2010,0.0
sxm,2011,0.0
svk,2000,5.0
svk,2001,5.0
svk,2002,4.0
svk,2003,4.0
svk,2004,0.0
svk,2005,1.0
svk,2006,0.0
svk,2007,0.0
svk,2008,0.0
svk,2009,1.0
svk,2010,1.0
svk,2011,0.0
svk,2012,0.0
svk,2013,0.0
svk,2014,0.0
svk,2015,1.0
svk,2016,1.0
svk,2017,0.0
svk,2018,2.0
svk,2019,7.0
svk,2020,1.0
svn,2000,5.0
svn,2001,5.0
svn,2002,5.0
svn,2003,4.0
svn,2004,4.0
svn,2005,4.0
svn,2006,3.0
svn,2007,3.0
svn,2008,0.0
svn,2009,0.0
svn,2010,1.0
svn,2011,0.0
svn,2012,0.0
svn,2013,2.0
svn,2014,0.0
svn,2015,0.0
svn,2016,1.0
svn,2017,1.0
svn,2018,1.0
svn,2019,2.0
svn,2020,0.0
som,2000,1300.0
som,2001,1200.0
som,2002,1100.0
som,2003,1100.0
som,2004,1100.0
som,2005,1200.0
som,2006,1200.0
som,2007,1300.0
som,2008,1300.0
som,2009,1300.0
som,2010,1100.0
som,2011,1100.0
som,2012,1100.0
som,2013,980.0
som,2014,840.0
som,2015,640.0
som,2016,580.0
som,2017,420.0
som,2018,470.0
som,2019,360.0
som,2020,320.0
zaf,2000,258000.0
zaf,2001,288000.0
zaf,2002,321000.0
zaf,2003,353000.0
zaf,2004,384000.0
zaf,2005,414000.0
zaf,2006,438000.0
zaf,2007,453000.0
zaf,2008,453000.0
zaf,2009,443000.0
zaf,2010,426000.0
zaf,2011,409000.0
zaf,2012,393000.0
zaf,2013,366000.0
zaf,2014,355000.0
zaf,2015,310000.0
zaf,2016,269000.0
zaf,2017,255000.0
zaf,2018,230000.0
zaf,2019,209000.0
zaf,2020,234000.0
ssd,2011,3300.0
ssd,2012,7200.0
ssd,2013,3400.0
ssd,2014,3100.0
ssd,2015,2800.0
ssd,2016,3000.0
ssd,2017,3100.0
ssd,2018,3000.0
ssd,2019,2900.0
ssd,2020,3000.0
esp,2000,2200.0
esp,2001,1800.0
esp,2002,1700.0
esp,2003,2100.0
esp,2004,1100.0
esp,2005,1100.0
esp,2006,1000.0
esp,2007,810.0
esp,2008,800.0
esp,2009,720.0
esp,2010,740.0
esp,2011,670.0
esp,2012,570.0
esp,2013,400.0
esp,2014,400.0
esp,2015,300.0
esp,2016,360.0
esp,2017,340.0
esp,2018,360.0
esp,2019,320.0
esp,2020,230.0
lka,2000,66.0
lka,2001,61.0
lka,2002,58.0
lka,2003,59.0
lka,2004,62.0
lka,2005,68.0
lka,2006,26.0
lka,2007,26.0
lka,2008,82.0
lka,2009,82.0
lka,2010,130.0
lka,2011,81.0
lka,2012,80.0
lka,2013,76.0
lka,2014,38.0
lka,2015,44.0
lka,2016,21.0
lka,2017,49.0
lka,2018,56.0
lka,2019,63.0
lka,2020,68.0
sdn,2000,2000.0
sdn,2001,1700.0
sdn,2002,1500.0
sdn,2003,1500.0
sdn,2004,1500.0
sdn,2005,1600.0
sdn,2006,5800.0
sdn,2007,5900.0
sdn,2008,1500.0
sdn,2009,1600.0
sdn,2010,1700.0
sdn,2011,1200.0
sdn,2012,1300.0
sdn,2013,1200.0
sdn,2014,1100.0
sdn,2015,960.0
sdn,2016,850.0
sdn,2017,760.0
sdn,2018,690.0
sdn,2019,620.0
sdn,2020,580.0
sur,2000,25.0
sur,2001,19.0
sur,2002,22.0
sur,2003,33.0
sur,2004,31.0
sur,2005,27.0
sur,2006,32.0
sur,2007,33.0
sur,2008,37.0
sur,2009,68.0
sur,2010,81.0
sur,2011,51.0
sur,2012,46.0
sur,2013,40.0
sur,2014,52.0
sur,2015,54.0
sur,2016,33.0
sur,2017,29.0
sur,2018,32.0
sur,2019,45.0
sur,2020,37.0
swe,2000,19.0
swe,2001,17.0
swe,2002,15.0
swe,2003,15.0
swe,2004,15.0
swe,2005,16.0
swe,2006,13.0
swe,2007,11.0
swe,2008,12.0
swe,2009,14.0
swe,2010,15.0
swe,2011,13.0
swe,2012,14.0
swe,2013,13.0
swe,2014,14.0
swe,2015,17.0
swe,2016,16.0
swe,2017,12.0
swe,2018,12.0
swe,2019,12.0
swe,2020,8.0
che,2000,120.0
che,2001,100.0
che,2002,100.0
che,2003,90.0
che,2004,77.0
che,2005,61.0
che,2006,47.0
che,2007,35.0
che,2008,37.0
che,2009,39.0
che,2010,39.0
che,2011,38.0
che,2012,28.0
che,2013,28.0
che,2014,24.0
che,2015,29.0
che,2016,31.0
che,2017,29.0
che,2018,26.0
che,2019,21.0
che,2020,18.0
syr,2000,3.0
syr,2001,3.0
syr,2002,2.0
syr,2003,2.0
syr,2004,2.0
syr,2005,3.0
syr,2006,3.0
syr,2007,3.0
syr,2008,3.0
syr,2009,4.0
syr,2010,4.0
syr,2011,4.0
syr,2012,4.0
syr,2013,3.0
syr,2014,4.0
syr,2015,4.0
syr,2016,4.0
syr,2017,3.0
syr,2018,3.0
syr,2019,3.0
syr,2020,3.0
tjk,2000,5.0
tjk,2001,0.0
tjk,2002,0.0
tjk,2003,9.0
tjk,2004,26.0
tjk,2005,48.0
tjk,2006,76.0
tjk,2007,110.0
tjk,2008,140.0
tjk,2009,180.0
tjk,2010,210.0
tjk,2011,170.0
tjk,2012,120.0
tjk,2013,170.0
tjk,2014,210.0
tjk,2015,200.0
tjk,2016,250.0
tjk,2017,280.0
tjk,2018,310.0
tjk,2019,230.0
tjk,2020,230.0
tha,2000,56000.0
tha,2001,49000.0
tha,2002,43000.0
tha,2003,38000.0
tha,2004,35000.0
tha,2005,34000.0
tha,2006,24000.0
tha,2007,23000.0
tha,2008,22000.0
tha,2009,21000.0
tha,2010,20000.0
tha,2011,18000.0
tha,2012,16000.0
tha,2013,17000.0
tha,2014,15000.0
tha,2015,14000.0
tha,2016,12000.0
tha,2017,12000.0
tha,2018,11000.0
tha,2019,10000.0
tha,2020,9900.0
tls,2002,21.0
tls,2003,29.0
tls,2004,36.0
tls,2005,43.0
tls,2006,50.0
tls,2007,55.0
tls,2008,61.0
tls,2009,65.0
tls,2010,75.0
tls,2011,85.0
tls,2012,92.0
tls,2013,2.0
tls,2014,2.0
tls,2015,51.0
tls,2016,110.0
tls,2017,56.0
tls,2018,77.0
tls,2019,59.0
tls,2020,98.0
tgo,2000,1200.0
tgo,2001,1200.0
tgo,2002,1100.0
tgo,2003,1200.0
tgo,2004,1300.0
tgo,2005,1400.0
tgo,2006,1500.0
tgo,2007,1700.0
tgo,2008,1500.0
tgo,2009,1200.0
tgo,2010,1200.0
tgo,2011,1300.0
tgo,2012,1100.0
tgo,2013,900.0
tgo,2014,870.0
tgo,2015,820.0
tgo,2016,760.0
tgo,2017,580.0
tgo,2018,510.0
tgo,2019,490.0
tgo,2020,520.0
ton,2007,0.0
ton,2008,0.0
ton,2009,0.0
ton,2010,0.0
ton,2011,0.0
ton,2012,0.0
ton,2013,0.0
ton,2014,0.0
ton,2015,0.0
ton,2016,0.0
ton,2017,0.0
ton,2018,0.0
ton,2019,0.0
ton,2020,0.0
tto,2000,97.0
tto,2001,99.0
tto,2002,61.0
tto,2003,70.0
tto,2004,72.0
tto,2005,65.0
tto,2006,14.0
tto,2007,75.0
tto,2008,74.0
tto,2009,97.0
tto,2010,58.0
tto,2011,86.0
tto,2012,82.0
tto,2013,62.0
tto,2014,71.0
tto,2015,37.0
tto,2016,52.0
tto,2017,28.0
tto,2018,44.0
tto,2019,41.0
tto,2020,41.0
tun,2000,12.0
tun,2001,11.0
tun,2002,10.0
tun,2003,11.0
tun,2004,12.0
tun,2005,15.0
tun,2006,17.0
tun,2007,20.0
tun,2008,21.0
tun,2009,21.0
tun,2010,23.0
tun,2011,31.0
tun,2012,34.0
tun,2013,32.0
tun,2014,20.0
tun,2015,24.0
tun,2016,47.0
tun,2017,18.0
tun,2018,38.0
tun,2019,30.0
tun,2020,31.0
tur,2000,17.0
tur,2001,15.0
tur,2002,16.0
tur,2003,18.0
tur,2004,22.0
tur,2005,31.0
tur,2006,38.0
tur,2007,45.0
tur,2008,51.0
tur,2009,60.0
tur,2010,69.0
tur,2011,78.0
tur,2012,84.0
tur,2013,55.0
tur,2014,73.0
tur,2015,97.0
tur,2016,92.0
tur,2017,100.0
tur,2018,110.0
tur,2019,150.0
tur,2020,150.0
tkm,2000,200.0
tkm,2001,210.0
tkm,2002,220.0
tkm,2003,320.0
tkm,2004,310.0
tkm,2005,370.0
tkm,2006,460.0
tkm,2007,580.0
tkm,2008,720.0
tkm,2009,680.0
tkm,2010,760.0
tkm,2011,700.0
tkm,2012,800.0
tkm,2013,850.0
tkm,2014,710.0
tkm,2015,610.0
tkm,2016,580.0
tkm,2017,550.0
tkm,2018,600.0
tkm,2019,590.0
tkm,2020,630.0
tca,2010,1.0
tca,2012,1.0
tca,2013,0.0
tca,2016,1.0
tca,2017,0.0
tca,2019,0.0
tuv,2013,0.0
tuv,2014,0.0
tuv,2015,0.0
tuv,2016,0.0
tuv,2018,0.0
tuv,2019,0.0
tuv,2020,0.0
uga,2000,43000.0
uga,2001,39000.0
uga,2002,35000.0
uga,2003,34000.0
uga,2004,33000.0
uga,2005,33000.0
uga,2006,34000.0
uga,2007,35000.0
uga,2008,39000.0
uga,2009,38000.0
uga,2010,37000.0
uga,2011,36000.0
uga,2012,36000.0
uga,2013,35000.0
uga,2014,33000.0
uga,2015,32000.0
uga,2016,35000.0
uga,2017,33000.0
uga,2018,34000.0
uga,2019,35000.0
uga,2020,30000.0
ukr,2000,7800.0
ukr,2001,7400.0
ukr,2002,7100.0
ukr,2003,7000.0
ukr,2004,7100.0
ukr,2005,7400.0
ukr,2006,7700.0
ukr,2007,3900.0
ukr,2008,5200.0
ukr,2009,5900.0
ukr,2010,8400.0
ukr,2011,6300.0
ukr,2012,6300.0
ukr,2013,8600.0
ukr,2014,8300.0
ukr,2015,9100.0
ukr,2016,8100.0
ukr,2017,8300.0
ukr,2018,8200.0
ukr,2019,7800.0
ukr,2020,7000.0
are,2000,5.0
are,2001,3.0
are,2002,3.0
are,2003,4.0
are,2004,3.0
are,2005,2.0
are,2006,2.0
are,2007,1.0
are,2008,1.0
are,2009,0.0
are,2010,7.0
are,2011,4.0
are,2012,7.0
are,2013,3.0
are,2014,3.0
are,2015,2.0
are,2016,7.0
are,2017,6.0
are,2018,3.0
are,2019,0.0
are,2020,5.0
gbr,2000,780.0
gbr,2001,710.0
gbr,2002,750.0
gbr,2003,710.0
gbr,2004,620.0
gbr,2005,620.0
gbr,2006,520.0
gbr,2007,430.0
gbr,2008,420.0
gbr,2009,400.0
gbr,2010,390.0
gbr,2011,400.0
gbr,2012,370.0
gbr,2013,320.0
gbr,2014,250.0
gbr,2015,220.0
gbr,2016,220.0
gbr,2017,170.0
gbr,2018,150.0
gbr,2019,190.0
gbr,2020,160.0
tza,2000,104000.0
tza,2001,97000.0
tza,2002,92000.0
tza,2003,90000.0
tza,2004,90000.0
tza,2005,93000.0
tza,2006,96000.0
tza,2007,94000.0
tza,2008,93000.0
tza,2009,92000.0
tza,2010,72000.0
tza,2011,70000.0
tza,2012,68000.0
tza,2013,61000.0
tza,2014,57000.0
tza,2015,56000.0
tza,2016,52000.0
tza,2017,46000.0
tza,2018,40000.0
tza,2019,33000.0
tza,2020,28000.0
usa,2000,4600.0
usa,2001,4200.0
usa,2002,3700.0
usa,2003,3300.0
usa,2004,2800.0
usa,2005,2400.0
usa,2006,2000.0
usa,2007,1600.0
usa,2008,1500.0
usa,2009,1300.0
usa,2010,1100.0
usa,2011,920.0
usa,2012,850.0
usa,2013,690.0
usa,2014,630.0
usa,2015,570.0
usa,2016,570.0
usa,2017,530.0
usa,2018,500.0
usa,2019,460.0
usa,2020,380.0
ury,2000,110.0
ury,2001,110.0
ury,2002,85.0
ury,2003,93.0
ury,2004,140.0
ury,2005,92.0
ury,2006,96.0
ury,2007,110.0
ury,2008,120.0
ury,2009,130.0
ury,2010,130.0
ury,2011,130.0
ury,2012,150.0
ury,2013,150.0
ury,2014,160.0
ury,2015,160.0
ury,2016,160.0
ury,2017,170.0
ury,2018,190.0
ury,2019,170.0
ury,2020,150.0
uzb,2000,70.0
uzb,2001,63.0
uzb,2002,77.0
uzb,2003,110.0
uzb,2004,140.0
uzb,2005,130.0
uzb,2006,200.0
uzb,2007,350.0
uzb,2008,350.0
uzb,2009,470.0
uzb,2010,580.0
uzb,2011,920.0
uzb,2012,1300.0
uzb,2013,1100.0
uzb,2014,880.0
uzb,2015,1600.0
uzb,2016,980.0
uzb,2017,1300.0
uzb,2018,1000.0
uzb,2019,880.0
uzb,2020,690.0
vut,2009,66.0
vut,2010,65.0
vut,2017,0.0
vut,2018,0.0
vut,2019,0.0
vut,2020,0.0
ven,2000,1700.0
ven,2001,1700.0
ven,2002,1600.0
ven,2003,1700.0
ven,2004,1600.0
ven,2005,1400.0
ven,2006,1200.0
ven,2007,1000.0
ven,2008,910.0
ven,2009,810.0
ven,2010,740.0
ven,2011,990.0
ven,2012,950.0
ven,2013,920.0
ven,2014,830.0
ven,2015,960.0
ven,2016,1200.0
ven,2017,1100.0
ven,2018,1100.0
ven,2019,1000.0
ven,2020,1000.0
vnm,2000,16000.0
vnm,2001,14000.0
vnm,2002,13000.0
vnm,2003,12000.0
vnm,2004,12000.0
vnm,2005,13000.0
vnm,2006,14000.0
vnm,2007,9500.0
vnm,2008,7900.0
vnm,2009,14000.0
vnm,2010,14000.0
vnm,2011,14000.0
vnm,2012,14000.0
vnm,2013,12000.0
vnm,2014,9900.0
vnm,2015,7900.0
vnm,2016,6000.0
vnm,2017,6600.0
vnm,2018,6000.0
vnm,2019,5500.0
vnm,2020,5600.0
yem,2000,140.0
yem,2001,110.0
yem,2002,97.0
yem,2003,87.0
yem,2004,82.0
yem,2005,83.0
yem,2006,86.0
yem,2007,88.0
yem,2008,86.0
yem,2009,86.0
yem,2010,86.0
yem,2011,89.0
yem,2012,93.0
yem,2013,95.0
yem,2014,95.0
yem,2015,95.0
yem,2016,96.0
yem,2017,98.0
yem,2018,99.0
yem,2019,100.0
yem,2020,100.0
zmb,2000,64000.0
zmb,2001,59000.0
zmb,2002,55000.0
zmb,2003,53000.0
zmb,2004,51000.0
zmb,2005,50000.0
zmb,2006,50000.0
zmb,2007,50000.0
zmb,2008,47000.0
zmb,2009,46000.0
zmb,2010,44000.0
zmb,2011,43000.0
zmb,2012,41000.0
zmb,2013,40000.0
zmb,2014,38000.0
zmb,2015,37000.0
zmb,2016,36000.0
zmb,2017,36000.0
zmb,2018,36000.0
zmb,2019,28000.0
zmb,2020,23000.0
zwe,2000,53000.0
zwe,2001,54000.0
zwe,2002,53000.0
zwe,2003,52000.0
zwe,2004,51000.0
zwe,2005,49000.0
zwe,2006,48000.0
zwe,2007,46000.0
zwe,2008,43000.0
zwe,2009,44000.0
zwe,2010,41000.0
zwe,2011,37000.0
zwe,2012,34000.0
zwe,2013,29000.0
zwe,2014,26000.0
zwe,2015,23000.0
zwe,2016,21000.0
zwe,2017,20000.0
zwe,2018,19000.0
zwe,2019,17000.0
zwe,2020,16000.0
