country,year,e_inc_tbhiv_100k_lo
afg,2000,0.22
afg,2001,0.19
afg,2002,0.19
afg,2003,0.18
afg,2004,0.19
afg,2005,0.19
afg,2006,0.19
afg,2007,0.2
afg,2008,0.2
afg,2009,0.19
afg,2010,0.19
afg,2011,0.19
afg,2012,0.18
afg,2013,0.17
afg,2014,0.16
afg,2015,0.52
afg,2016,0.53
alb,2000,0.02
alb,2001,0.02
alb,2002,0.02
alb,2003,0.02
alb,2004,0.02
alb,2005,0.02
alb,2006,0.03
alb,2007,0.03
alb,2008,0.04
alb,2009,0.04
alb,2010,0.05
alb,2011,0.06
alb,2012,0.07
alb,2013,0.09
alb,2014,0.09
alb,2015,0.13
alb,2016,0.13
dza,2000,0.19
dza,2001,0.17
dza,2002,0.17
dza,2003,0.17
dza,2004,0.17
dza,2005,0.19
dza,2006,0.19
dza,2007,0.2
dza,2008,0.2
dza,2009,0.21
dza,2010,0.22
dza,2011,0.22
dza,2012,0.22
dza,2013,0.21
dza,2014,0.23
dza,2015,0.23
dza,2016,0.22
asm,2000,0.0
asm,2001,0.0
asm,2002,0.0
asm,2003,0.0
asm,2004,0.01
asm,2005,0.01
asm,2006,0.01
asm,2007,0.0
asm,2009,0.0
asm,2010,0.01
asm,2011,0.0
asm,2012,0.01
asm,2013,0.01
asm,2014,0.01
asm,2015,0.01
asm,2016,0.01
ago,2000,23.0
ago,2001,22.0
ago,2002,22.0
ago,2003,23.0
ago,2004,24.0
ago,2005,26.0
ago,2006,31.0
ago,2007,29.0
ago,2008,29.0
ago,2009,30.0
ago,2010,31.0
ago,2011,32.0
ago,2012,32.0
ago,2013,32.0
ago,2014,32.0
ago,2015,31.0
ago,2016,29.0
atg,2000,2.3
atg,2001,0.58
atg,2002,2.3
atg,2003,0.56
atg,2004,2.2
atg,2005,3.3
atg,2006,3.3
atg,2007,0.0
atg,2008,0.0
atg,2009,0.0
atg,2010,1.2
atg,2011,4.0
atg,2012,1.5
atg,2013,5.4
atg,2014,0.99
atg,2015,0.11
atg,2016,0.0
arg,2000,1.4
arg,2001,1.1
arg,2002,1.1
arg,2003,0.92
arg,2004,0.94
arg,2005,0.86
arg,2006,0.78
arg,2007,0.82
arg,2008,0.73
arg,2009,0.6
arg,2010,0.58
arg,2011,0.78
arg,2012,0.7
arg,2013,0.7
arg,2014,0.71
arg,2015,0.9
arg,2016,0.87
arm,2000,0.55
arm,2001,0.58
arm,2002,0.6
arm,2003,0.65
arm,2004,0.71
arm,2005,0.94
arm,2006,0.76
arm,2007,0.73
arm,2008,0.73
arm,2009,0.69
arm,2010,0.63
arm,2011,1.4
arm,2012,2.1
arm,2013,2.2
arm,2014,2.7
arm,2015,2.7
arm,2016,1.6
aus,2000,0.18
aus,2001,0.17
aus,2002,0.17
aus,2003,0.16
aus,2004,0.18
aus,2005,0.17
aus,2006,0.19
aus,2007,0.18
aus,2008,0.22
aus,2009,0.22
aus,2010,0.19
aus,2011,0.1
aus,2012,0.06
aus,2013,0.14
aus,2014,0.11
aus,2015,0.1
aus,2016,0.1
aut,2000,0.5
aut,2001,0.38
aut,2002,0.38
aut,2003,0.3
aut,2004,0.27
aut,2005,0.37
aut,2006,0.2
aut,2007,0.17
aut,2008,0.15
aut,2009,0.23
aut,2010,0.17
aut,2011,0.27
aut,2012,0.22
aut,2013,0.15
aut,2014,0.13
aut,2015,0.15
aut,2016,0.24
aze,2000,0.41
aze,2001,0.38
aze,2002,0.4
aze,2003,0.29
aze,2004,0.41
aze,2005,0.45
aze,2006,0.42
aze,2007,0.4
aze,2008,0.55
aze,2009,0.68
aze,2010,0.53
aze,2011,0.72
aze,2012,1.1
aze,2013,0.94
aze,2014,1.2
aze,2015,0.85
aze,2016,0.86
bhs,2000,10.0
bhs,2001,7.6
bhs,2002,5.2
bhs,2003,4.4
bhs,2004,6.2
bhs,2005,5.5
bhs,2006,6.8
bhs,2007,5.1
bhs,2008,4.9
bhs,2009,4.1
bhs,2010,4.1
bhs,2011,3.1
bhs,2012,2.1
bhs,2013,2.6
bhs,2014,3.6
bhs,2015,5.2
bhs,2016,6.8
bhr,2000,0.99
bhr,2001,0.86
bhr,2002,0.83
bhr,2003,1.1
bhr,2004,0.94
bhr,2005,1.0
bhr,2006,0.99
bhr,2007,0.95
bhr,2008,0.85
bhr,2009,0.83
bhr,2010,0.71
bhr,2011,0.8
bhr,2012,0.79
bhr,2013,0.72
bhr,2014,0.64
bhr,2015,0.57
bhr,2016,0.49
bgd,2000,0.04
bgd,2001,0.05
bgd,2002,0.06
bgd,2003,0.08
bgd,2004,0.09
bgd,2005,0.11
bgd,2006,0.13
bgd,2007,0.14
bgd,2008,0.14
bgd,2009,0.15
bgd,2010,0.15
bgd,2011,0.16
bgd,2012,0.16
bgd,2013,0.16
bgd,2014,0.16
bgd,2015,0.15
bgd,2016,0.15
brb,2000,0.44
brb,2001,0.87
brb,2002,0.72
brb,2003,1.3
brb,2004,2.7
brb,2005,1.4
brb,2006,0.71
brb,2007,4.3
brb,2008,0.71
brb,2009,0.0
brb,2010,0.7
brb,2011,0.0
brb,2012,1.3
brb,2013,1.3
brb,2014,1.7
brb,2015,0.0
brb,2016,0.99
blr,2000,0.82
blr,2001,0.69
blr,2002,0.61
blr,2003,0.74
blr,2004,0.68
blr,2005,0.89
blr,2006,1.1
blr,2007,1.4
blr,2008,1.7
blr,2009,1.9
blr,2010,2.1
blr,2011,2.1
blr,2012,2.2
blr,2013,2.5
blr,2014,2.7
blr,2015,2.7
blr,2016,2.7
bel,2000,0.78
bel,2001,0.8
bel,2002,0.73
bel,2003,0.64
bel,2004,0.67
bel,2005,0.61
bel,2006,0.57
bel,2007,0.51
bel,2008,0.48
bel,2009,0.46
bel,2010,0.5
bel,2011,0.53
bel,2012,0.52
bel,2013,0.56
bel,2014,0.59
bel,2015,0.61
bel,2016,0.64
blz,2000,6.1
blz,2001,7.6
blz,2002,7.3
blz,2003,5.2
blz,2004,4.5
blz,2005,8.3
blz,2006,4.7
blz,2007,3.3
blz,2008,5.8
blz,2009,5.8
blz,2010,10.0
blz,2011,5.4
blz,2012,5.5
blz,2013,9.2
blz,2014,5.3
blz,2015,5.9
blz,2016,7.0
ben,2000,8.1
ben,2001,7.8
ben,2002,7.5
ben,2003,7.2
ben,2004,7.0
ben,2005,6.8
ben,2006,6.7
ben,2007,6.9
ben,2008,7.2
ben,2009,7.3
ben,2010,6.9
ben,2011,7.4
ben,2012,6.7
ben,2013,6.5
ben,2014,6.1
ben,2015,5.9
ben,2016,5.6
bmu,2000,0.0
bmu,2001,0.0
bmu,2002,0.0
bmu,2003,0.0
bmu,2004,0.0
bmu,2005,0.0
bmu,2006,0.0
bmu,2007,0.0
bmu,2008,0.0
bmu,2009,0.0
bmu,2010,0.0
bmu,2011,0.0
bmu,2012,0.0
bmu,2013,0.0
bmu,2014,0.0
bmu,2015,0.0
bmu,2016,0.0
btn,2000,0.0
btn,2001,0.0
btn,2002,0.0
btn,2003,0.0
btn,2004,0.0
btn,2005,0.0
btn,2006,0.0
btn,2007,0.0
btn,2008,0.0
btn,2009,0.0
btn,2010,0.0
btn,2011,0.0
btn,2012,0.0
btn,2013,0.48
btn,2014,1.3
btn,2015,1.1
btn,2016,0.61
bol,2000,3.8
bol,2001,4.1
bol,2002,3.9
bol,2003,3.4
bol,2004,3.6
bol,2005,3.5
bol,2006,3.1
bol,2007,3.0
bol,2008,3.0
bol,2009,2.9
bol,2010,2.8
bol,2011,2.7
bol,2012,2.6
bol,2013,2.3
bol,2014,3.2
bol,2015,3.3
bol,2016,2.9
bih,2000,0.05
bih,2001,0.04
bih,2002,0.03
bih,2003,0.03
bih,2004,0.04
bih,2005,0.04
bih,2006,0.03
bih,2007,0.05
bih,2008,0.04
bih,2009,0.04
bih,2010,0.03
bih,2011,0.04
bih,2012,0.04
bih,2013,0.04
bih,2014,0.04
bih,2015,0.04
bih,2016,0.04
bwa,2000,406.0
bwa,2001,395.0
bwa,2002,411.0
bwa,2003,392.0
bwa,2004,390.0
bwa,2005,378.0
bwa,2006,304.0
bwa,2007,280.0
bwa,2008,288.0
bwa,2009,279.0
bwa,2010,213.0
bwa,2011,193.0
bwa,2012,200.0
bwa,2013,192.0
bwa,2014,166.0
bwa,2015,135.0
bwa,2016,149.0
bra,2000,7.4
bra,2001,7.0
bra,2002,7.5
bra,2003,7.7
bra,2004,7.8
bra,2005,7.3
bra,2006,6.6
bra,2007,6.7
bra,2008,7.0
bra,2009,6.8
bra,2010,6.4
bra,2011,6.3
bra,2012,5.8
bra,2013,6.1
bra,2014,5.4
bra,2015,4.9
bra,2016,4.4
brn,2000,0.48
brn,2001,0.33
brn,2002,0.34
brn,2003,0.31
brn,2004,0.27
brn,2005,0.54
brn,2006,0.12
brn,2007,0.0
brn,2008,0.0
brn,2009,0.51
brn,2010,0.25
brn,2011,0.75
brn,2012,0.49
brn,2013,0.0
brn,2014,0.0
brn,2015,0.18
brn,2016,0.53
bgr,2000,0.04
bgr,2001,0.05
bgr,2002,0.04
bgr,2003,0.04
bgr,2004,0.04
bgr,2005,0.04
bgr,2006,0.04
bgr,2007,0.04
bgr,2008,0.04
bgr,2009,0.04
bgr,2010,0.03
bgr,2011,0.08
bgr,2012,0.05
bgr,2013,0.07
bgr,2014,0.05
bgr,2015,0.03
bgr,2016,0.02
bfa,2000,14.0
bfa,2001,14.0
bfa,2002,14.0
bfa,2003,13.0
bfa,2004,13.0
bfa,2005,13.0
bfa,2006,13.0
bfa,2007,10.0
bfa,2008,9.3
bfa,2009,7.6
bfa,2010,6.5
bfa,2011,5.8
bfa,2012,5.1
bfa,2013,4.4
bfa,2014,3.9
bfa,2015,3.4
bfa,2016,3.0
bdi,2000,42.0
bdi,2001,39.0
bdi,2002,36.0
bdi,2003,33.0
bdi,2004,31.0
bdi,2005,28.0
bdi,2006,26.0
bdi,2007,25.0
bdi,2008,23.0
bdi,2009,22.0
bdi,2010,21.0
bdi,2011,19.0
bdi,2012,16.0
bdi,2013,12.0
bdi,2014,11.0
bdi,2015,10.0
bdi,2016,9.1
cpv,2000,4.8
cpv,2001,4.7
cpv,2002,4.7
cpv,2003,4.6
cpv,2004,4.6
cpv,2005,4.6
cpv,2006,7.1
cpv,2007,10.0
cpv,2008,13.0
cpv,2009,15.0
cpv,2010,15.0
cpv,2011,13.0
cpv,2012,9.9
cpv,2013,7.5
cpv,2014,8.1
cpv,2015,10.0
cpv,2016,7.0
khm,2000,40.0
khm,2001,38.0
khm,2002,35.0
khm,2003,33.0
khm,2004,30.0
khm,2005,27.0
khm,2006,25.0
khm,2007,24.0
khm,2008,23.0
khm,2009,21.0
khm,2010,16.0
khm,2011,15.0
khm,2012,12.0
khm,2013,9.2
khm,2014,7.3
khm,2015,6.0
khm,2016,5.4
cmr,2000,75.0
cmr,2001,77.0
cmr,2002,78.0
cmr,2003,78.0
cmr,2004,77.0
cmr,2005,76.0
cmr,2006,74.0
cmr,2007,71.0
cmr,2008,69.0
cmr,2009,60.0
cmr,2010,57.0
cmr,2011,59.0
cmr,2012,58.0
cmr,2013,56.0
cmr,2014,52.0
cmr,2015,49.0
cmr,2016,44.0
can,2000,0.67
can,2001,0.68
can,2002,0.63
can,2003,0.61
can,2004,0.57
can,2005,0.57
can,2006,0.56
can,2007,0.55
can,2008,0.56
can,2009,0.2
can,2010,0.13
can,2011,0.12
can,2012,0.21
can,2013,0.27
can,2014,0.33
can,2015,0.34
can,2016,0.34
cym,2000,0.0
cym,2001,0.0
cym,2002,0.0
cym,2003,0.0
cym,2004,0.0
cym,2005,0.0
cym,2006,0.0
cym,2007,0.0
cym,2008,0.0
cym,2009,0.0
cym,2010,0.0
cym,2011,0.0
cym,2012,0.0
cym,2013,1.2
cym,2014,0.0
cym,2015,1.7
cym,2016,0.71
caf,2000,436.0
caf,2001,369.0
caf,2002,312.0
caf,2003,260.0
caf,2004,220.0
caf,2005,187.0
caf,2006,160.0
caf,2007,137.0
caf,2008,119.0
caf,2009,104.0
caf,2010,94.0
caf,2011,86.0
caf,2012,79.0
caf,2013,72.0
caf,2014,73.0
caf,2015,72.0
caf,2016,73.0
tcd,2000,21.0
tcd,2001,19.0
tcd,2002,17.0
tcd,2003,16.0
tcd,2004,15.0
tcd,2005,14.0
tcd,2006,14.0
tcd,2007,13.0
tcd,2008,13.0
tcd,2009,12.0
tcd,2010,12.0
tcd,2011,12.0
tcd,2012,11.0
tcd,2013,11.0
tcd,2014,11.0
tcd,2015,13.0
tcd,2016,13.0
chl,2000,1.4
chl,2001,1.2
chl,2002,0.98
chl,2003,0.8
chl,2004,0.93
chl,2005,1.2
chl,2006,0.73
chl,2007,0.64
chl,2008,0.63
chl,2009,1.1
chl,2010,0.86
chl,2011,1.4
chl,2012,1.2
chl,2013,0.86
chl,2014,0.84
chl,2015,1.2
chl,2016,1.6
chn,2000,0.59
chn,2001,0.55
chn,2002,0.52
chn,2003,0.5
chn,2004,0.49
chn,2005,0.49
chn,2006,0.49
chn,2007,0.47
chn,2008,0.46
chn,2009,0.44
chn,2010,0.41
chn,2011,0.4
chn,2012,0.38
chn,2013,0.36
chn,2014,0.34
chn,2015,0.5
chn,2016,0.49
hkg,2000,0.1
hkg,2001,0.11
hkg,2002,0.1
hkg,2003,0.1
hkg,2004,0.19
hkg,2005,0.3
hkg,2006,0.43
hkg,2007,0.43
hkg,2008,0.16
hkg,2009,0.44
hkg,2010,0.44
hkg,2011,0.41
hkg,2012,0.42
hkg,2013,0.41
hkg,2014,0.41
hkg,2015,0.41
hkg,2016,0.44
mac,2000,0.18
mac,2001,0.18
mac,2002,0.15
mac,2003,0.14
mac,2004,0.16
mac,2005,0.25
mac,2006,0.27
mac,2007,0.24
mac,2008,0.23
mac,2009,0.2
mac,2010,0.33
mac,2011,0.5
mac,2012,0.66
mac,2013,0.78
mac,2014,0.68
mac,2015,0.57
mac,2016,0.42
col,2000,1.2
col,2001,1.2
col,2002,1.1
col,2003,1.1
col,2004,1.1
col,2005,0.98
col,2006,1.2
col,2007,1.5
col,2008,2.0
col,2009,2.5
col,2010,3.3
col,2011,4.1
col,2012,4.0
col,2013,3.5
col,2014,3.2
col,2015,2.7
col,2016,2.9
com,2000,0.0
com,2001,0.0
com,2002,0.0
com,2003,0.0
com,2004,0.0
com,2005,0.41
com,2006,0.41
com,2007,0.08
com,2008,0.02
com,2009,0.0
com,2010,0.0
com,2011,0.0
com,2012,0.7
com,2013,0.7
com,2014,0.7
com,2015,0.7
com,2016,0.71
cog,2000,120.0
cog,2001,108.0
cog,2002,97.0
cog,2003,78.0
cog,2004,80.0
cog,2005,71.0
cog,2006,68.0
cog,2007,64.0
cog,2008,61.0
cog,2009,58.0
cog,2010,57.0
cog,2011,62.0
cog,2012,62.0
cog,2013,56.0
cog,2014,56.0
cog,2015,54.0
cog,2016,52.0
cok,2000,0.0
cok,2001,0.0
cok,2002,0.0
cok,2003,0.0
cok,2004,0.0
cok,2005,0.0
cok,2006,0.0
cok,2007,0.0
cok,2008,0.0
cok,2009,0.0
cok,2010,0.0
cok,2011,0.0
cok,2012,0.0
cok,2013,0.01
cok,2014,0.01
cok,2015,0.0
cok,2016,0.01
cri,2000,0.75
cri,2001,0.8
cri,2002,0.68
cri,2003,0.67
cri,2004,1.1
cri,2005,0.99
cri,2006,1.0
cri,2007,1.2
cri,2008,0.97
cri,2009,0.85
cri,2010,1.1
cri,2011,1.0
cri,2012,0.92
cri,2013,0.76
cri,2014,0.83
cri,2015,0.74
cri,2016,0.52
civ,2000,70.0
civ,2001,67.0
civ,2002,63.0
civ,2003,59.0
civ,2004,55.0
civ,2005,51.0
civ,2006,48.0
civ,2007,45.0
civ,2008,42.0
civ,2009,36.0
civ,2010,32.0
civ,2011,30.0
civ,2012,30.0
civ,2013,29.0
civ,2014,25.0
civ,2015,23.0
civ,2016,21.0
hrv,2000,0.09
hrv,2001,0.07
hrv,2002,0.07
hrv,2003,0.07
hrv,2004,0.06
hrv,2005,0.06
hrv,2006,0.06
hrv,2007,0.06
hrv,2008,0.06
hrv,2009,0.06
hrv,2010,0.05
hrv,2011,0.05
hrv,2012,0.05
hrv,2013,0.05
hrv,2014,0.05
hrv,2015,0.05
hrv,2016,0.04
cub,2000,0.01
cub,2001,0.01
cub,2002,0.01
cub,2003,0.01
cub,2004,0.01
cub,2005,0.01
cub,2006,0.0
cub,2007,0.0
cub,2008,0.0
cub,2009,0.4
cub,2010,0.46
cub,2011,0.23
cub,2012,0.6
cub,2013,0.74
cub,2014,0.74
cub,2015,0.66
cub,2016,0.39
cuw,2010,1.0
cuw,2011,0.65
cuw,2012,0.64
cuw,2013,0.0
cuw,2014,0.63
cuw,2015,0.19
cuw,2016,0.0
cyp,2000,0.07
cyp,2001,0.07
cyp,2002,0.04
cyp,2003,0.06
cyp,2004,0.05
cyp,2005,0.07
cyp,2006,0.04
cyp,2007,0.04
cyp,2008,0.05
cyp,2009,0.09
cyp,2010,0.08
cyp,2011,0.1
cyp,2012,0.11
cyp,2013,0.05
cyp,2014,0.04
cyp,2015,0.08
cyp,2016,0.11
cze,2000,0.04
cze,2001,0.04
cze,2002,0.04
cze,2003,0.03
cze,2004,0.03
cze,2005,0.04
cze,2006,0.03
cze,2007,0.02
cze,2008,0.02
cze,2009,0.03
cze,2010,0.03
cze,2011,0.04
cze,2012,0.04
cze,2013,0.02
cze,2014,0.02
cze,2015,0.03
cze,2016,0.05
prk,2000,0.5
prk,2001,0.46
prk,2002,0.45
prk,2003,0.44
prk,2004,0.44
prk,2005,0.46
prk,2006,0.47
prk,2007,0.49
prk,2008,0.5
prk,2009,0.51
prk,2010,0.53
prk,2011,0.54
prk,2012,0.55
prk,2013,0.56
prk,2014,0.56
prk,2015,0.55
prk,2016,0.55
cod,2000,50.0
cod,2001,43.0
cod,2002,38.0
cod,2003,34.0
cod,2004,31.0
cod,2005,29.0
cod,2006,27.0
cod,2007,25.0
cod,2008,23.0
cod,2009,21.0
cod,2010,20.0
cod,2011,19.0
cod,2012,17.0
cod,2013,16.0
cod,2014,15.0
cod,2015,13.0
cod,2016,17.0
dnk,2000,0.2
dnk,2001,0.16
dnk,2002,0.13
dnk,2003,0.13
dnk,2004,0.12
dnk,2005,0.0
dnk,2006,0.0
dnk,2007,0.0
dnk,2008,0.01
dnk,2009,0.1
dnk,2010,0.16
dnk,2011,0.22
dnk,2012,0.16
dnk,2013,0.16
dnk,2014,0.14
dnk,2015,0.15
dnk,2016,0.14
dji,2000,70.0
dji,2001,73.0
dji,2002,54.0
dji,2003,54.0
dji,2004,48.0
dji,2005,50.0
dji,2006,48.0
dji,2007,50.0
dji,2008,43.0
dji,2009,42.0
dji,2010,52.0
dji,2011,47.0
dji,2012,53.0
dji,2013,40.0
dji,2014,20.0
dji,2015,16.0
dji,2016,13.0
dma,2000,1.0
dma,2001,1.3
dma,2002,0.7
dma,2003,1.9
dma,2004,2.2
dma,2005,2.6
dma,2006,6.5
dma,2007,1.0
dma,2008,4.4
dma,2009,1.4
dma,2010,0.0
dma,2011,0.0
dma,2012,4.7
dma,2013,4.0
dma,2014,0.43
dma,2015,0.0
dma,2016,1.0
dom,2000,5.1
dom,2001,4.9
dom,2002,4.7
dom,2003,4.6
dom,2004,4.4
dom,2005,4.2
dom,2006,4.0
dom,2007,4.0
dom,2008,3.7
dom,2009,3.7
dom,2010,3.6
dom,2011,3.9
dom,2012,6.0
dom,2013,8.4
dom,2014,10.0
dom,2015,11.0
dom,2016,11.0
ecu,2000,4.7
ecu,2001,4.3
ecu,2002,4.0
ecu,2003,3.8
ecu,2004,3.5
ecu,2005,3.4
ecu,2006,3.2
ecu,2007,3.0
ecu,2008,2.9
ecu,2009,3.0
ecu,2010,3.0
ecu,2011,3.7
ecu,2012,4.3
ecu,2013,4.4
ecu,2014,4.4
ecu,2015,4.3
ecu,2016,4.2
egy,2000,0.02
egy,2001,0.01
egy,2002,0.01
egy,2003,0.01
egy,2004,0.01
egy,2005,0.01
egy,2006,0.01
egy,2007,0.01
egy,2008,0.01
egy,2009,0.01
egy,2010,0.02
egy,2011,0.02
egy,2012,0.02
egy,2013,0.02
egy,2014,0.02
egy,2015,0.02
egy,2016,0.02
slv,2000,2.0
slv,2001,1.9
slv,2002,2.0
slv,2003,1.8
slv,2004,2.1
slv,2005,3.0
slv,2006,3.0
slv,2007,3.2
slv,2008,3.3
slv,2009,3.1
slv,2010,3.0
slv,2011,3.1
slv,2012,3.3
slv,2013,3.2
slv,2014,2.9
slv,2015,2.5
slv,2016,2.6
gnq,2000,4.6
gnq,2001,4.7
gnq,2002,4.8
gnq,2003,4.9
gnq,2004,5.0
gnq,2005,5.1
gnq,2006,5.2
gnq,2007,5.4
gnq,2008,5.6
gnq,2009,10.0
gnq,2010,32.0
gnq,2011,41.0
gnq,2012,46.0
gnq,2013,48.0
gnq,2014,54.0
gnq,2015,72.0
gnq,2016,76.0
eri,2000,23.0
eri,2001,23.0
eri,2002,22.0
eri,2003,17.0
eri,2004,15.0
eri,2005,12.0
eri,2006,10.0
eri,2007,12.0
eri,2008,9.5
eri,2009,9.1
eri,2010,8.8
eri,2011,9.2
eri,2012,4.4
eri,2013,3.0
eri,2014,2.3
eri,2015,2.5
eri,2016,2.9
est,2000,2.9
est,2001,2.8
est,2002,2.6
est,2003,2.4
est,2004,2.2
est,2005,2.6
est,2006,2.9
est,2007,3.0
est,2008,2.4
est,2009,2.7
est,2010,2.2
est,2011,2.9
est,2012,3.0
est,2013,2.6
est,2014,2.3
est,2015,1.8
est,2016,1.1
swz,2000,448.0
swz,2001,440.0
swz,2002,478.0
swz,2003,559.0
swz,2004,569.0
swz,2005,613.0
swz,2006,624.0
swz,2007,592.0
swz,2008,583.0
swz,2009,705.0
swz,2010,744.0
swz,2011,502.0
swz,2012,395.0
swz,2013,364.0
swz,2014,300.0
swz,2015,226.0
swz,2016,181.0
eth,2000,38.0
eth,2001,37.0
eth,2002,35.0
eth,2003,34.0
eth,2004,32.0
eth,2005,31.0
eth,2006,29.0
eth,2007,28.0
eth,2008,27.0
eth,2009,25.0
eth,2010,24.0
eth,2011,25.0
eth,2012,21.0
eth,2013,16.0
eth,2014,13.0
eth,2015,12.0
eth,2016,9.4
fji,2000,0.14
fji,2001,0.17
fji,2002,0.14
fji,2003,0.17
fji,2004,0.0
fji,2005,0.12
fji,2006,0.01
fji,2007,0.01
fji,2008,0.0
fji,2009,0.02
fji,2010,0.12
fji,2011,0.49
fji,2012,0.72
fji,2013,1.0
fji,2014,1.2
fji,2015,0.71
fji,2016,0.82
fin,2000,0.18
fin,2001,0.14
fin,2002,0.14
fin,2003,0.11
fin,2004,0.08
fin,2005,0.12
fin,2006,0.06
fin,2007,0.06
fin,2008,0.06
fin,2009,0.14
fin,2010,0.08
fin,2011,0.13
fin,2012,0.1
fin,2013,0.07
fin,2014,0.06
fin,2015,0.09
fin,2016,0.11
fra,2000,0.97
fra,2001,0.81
fra,2002,0.77
fra,2003,0.71
fra,2004,0.57
fra,2005,0.75
fra,2006,0.44
fra,2007,0.43
fra,2008,0.41
fra,2009,0.64
fra,2010,0.48
fra,2011,0.72
fra,2012,0.63
fra,2013,0.43
fra,2014,0.4
fra,2015,0.46
fra,2016,0.63
gab,2000,108.0
gab,2001,115.0
gab,2002,120.0
gab,2003,123.0
gab,2004,125.0
gab,2005,124.0
gab,2006,121.0
gab,2007,116.0
gab,2008,94.0
gab,2009,77.0
gab,2010,56.0
gab,2011,53.0
gab,2012,49.0
gab,2013,36.0
gab,2014,34.0
gab,2015,51.0
gab,2016,70.0
gmb,2000,21.0
gmb,2001,22.0
gmb,2002,23.0
gmb,2003,23.0
gmb,2004,25.0
gmb,2005,23.0
gmb,2006,19.0
gmb,2007,19.0
gmb,2008,22.0
gmb,2009,21.0
gmb,2010,21.0
gmb,2011,27.0
gmb,2012,21.0
gmb,2013,18.0
gmb,2014,27.0
gmb,2015,23.0
gmb,2016,24.0
geo,2000,3.2
geo,2001,3.1
geo,2002,2.9
geo,2003,2.7
geo,2004,2.5
geo,2005,2.2
geo,2006,2.1
geo,2007,1.9
geo,2008,2.1
geo,2009,2.4
geo,2010,2.1
geo,2011,2.1
geo,2012,1.9
geo,2013,1.7
geo,2014,1.8
geo,2015,2.2
geo,2016,1.6
deu,2000,0.36
deu,2001,0.24
deu,2002,0.23
deu,2003,0.2
deu,2004,0.17
deu,2005,0.22
deu,2006,0.11
deu,2007,0.09
deu,2008,0.08
deu,2009,0.15
deu,2010,0.11
deu,2011,0.17
deu,2012,0.15
deu,2013,0.11
deu,2014,0.11
deu,2015,0.17
deu,2016,0.24
gha,2000,15.0
gha,2001,15.0
gha,2002,15.0
gha,2003,15.0
gha,2004,15.0
gha,2005,14.0
gha,2006,14.0
gha,2007,14.0
gha,2008,15.0
gha,2009,16.0
gha,2010,22.0
gha,2011,21.0
gha,2012,20.0
gha,2013,19.0
gha,2014,18.0
gha,2015,17.0
gha,2016,17.0
grc,2000,0.29
grc,2001,0.19
grc,2002,0.21
grc,2003,0.19
grc,2004,0.23
grc,2005,0.29
grc,2006,0.15
grc,2007,0.13
grc,2008,0.12
grc,2009,0.2
grc,2010,0.13
grc,2011,0.2
grc,2012,0.2
grc,2013,0.13
grc,2014,0.13
grc,2015,0.14
grc,2016,0.2
grd,2000,0.0
grd,2001,0.0
grd,2002,0.0
grd,2003,0.0
grd,2004,0.0
grd,2005,0.0
grd,2006,0.0
grd,2007,0.02
grd,2008,0.0
grd,2009,0.94
grd,2010,0.84
grd,2011,0.0
grd,2012,0.0
grd,2013,0.0
grd,2014,0.0
grd,2015,1.4
grd,2016,0.0
gum,2000,0.02
gum,2001,0.03
gum,2002,0.02
gum,2003,0.01
gum,2004,0.03
gum,2005,0.04
gum,2006,0.04
gum,2007,0.0
gum,2008,0.11
gum,2009,0.29
gum,2010,0.2
gum,2011,0.11
gum,2012,0.06
gum,2013,0.03
gum,2014,0.0
gum,2015,0.04
gum,2016,0.04
gtm,2000,4.5
gtm,2001,3.6
gtm,2002,4.3
gtm,2003,3.8
gtm,2004,4.6
gtm,2005,5.2
gtm,2006,4.9
gtm,2007,4.1
gtm,2008,3.5
gtm,2009,2.7
gtm,2010,2.7
gtm,2011,2.2
gtm,2012,2.2
gtm,2013,1.9
gtm,2014,1.5
gtm,2015,1.5
gtm,2016,1.2
gin,2000,24.0
gin,2001,24.0
gin,2002,23.0
gin,2003,23.0
gin,2004,23.0
gin,2005,22.0
gin,2006,22.0
gin,2007,21.0
gin,2008,21.0
gin,2009,20.0
gin,2010,28.0
gin,2011,29.0
gin,2012,28.0
gin,2013,27.0
gin,2014,27.0
gin,2015,27.0
gin,2016,28.0
gnb,2000,79.0
gnb,2001,82.0
gnb,2002,85.0
gnb,2003,88.0
gnb,2004,91.0
gnb,2005,93.0
gnb,2006,94.0
gnb,2007,95.0
gnb,2008,95.0
gnb,2009,95.0
gnb,2010,96.0
gnb,2011,97.0
gnb,2012,93.0
gnb,2013,99.0
gnb,2014,86.0
gnb,2015,60.0
gnb,2016,75.0
guy,2000,8.0
guy,2001,8.0
guy,2002,11.0
guy,2003,12.0
guy,2004,11.0
guy,2005,12.0
guy,2006,18.0
guy,2007,25.0
guy,2008,23.0
guy,2009,27.0
guy,2010,24.0
guy,2011,25.0
guy,2012,26.0
guy,2013,23.0
guy,2014,18.0
guy,2015,17.0
guy,2016,14.0
hti,2000,42.0
hti,2001,42.0
hti,2002,43.0
hti,2003,43.0
hti,2004,42.0
hti,2005,42.0
hti,2006,41.0
hti,2007,40.0
hti,2008,36.0
hti,2009,33.0
hti,2010,30.0
hti,2011,31.0
hti,2012,33.0
hti,2013,32.0
hti,2014,28.0
hti,2015,26.0
hti,2016,23.0
hnd,2000,4.3
hnd,2001,3.3
hnd,2002,2.8
hnd,2003,2.5
hnd,2004,2.9
hnd,2005,3.3
hnd,2006,4.0
hnd,2007,3.9
hnd,2008,4.0
hnd,2009,4.1
hnd,2010,3.9
hnd,2011,4.2
hnd,2012,3.6
hnd,2013,3.5
hnd,2014,3.1
hnd,2015,2.5
hnd,2016,2.6
hun,2000,0.38
hun,2001,0.33
hun,2002,0.3
hun,2003,0.27
hun,2004,0.21
hun,2005,0.24
hun,2006,0.13
hun,2007,0.11
hun,2008,0.1
hun,2009,0.16
hun,2010,0.15
hun,2011,0.2
hun,2012,0.16
hun,2013,0.1
hun,2014,0.07
hun,2015,0.1
hun,2016,0.13
isl,2000,0.44
isl,2001,0.4
isl,2002,0.27
isl,2003,0.16
isl,2004,0.36
isl,2005,0.47
isl,2006,0.76
isl,2007,0.93
isl,2008,0.46
isl,2009,0.22
isl,2010,0.1
isl,2011,0.0
isl,2012,0.0
isl,2013,0.0
isl,2014,0.0
isl,2015,0.0
isl,2016,0.0
ind,2000,10.0
ind,2001,9.9
ind,2002,9.9
ind,2003,9.8
ind,2004,9.7
ind,2005,9.6
ind,2006,9.4
ind,2007,9.2
ind,2008,6.7
ind,2009,6.9
ind,2010,7.1
ind,2011,6.7
ind,2012,6.3
ind,2013,5.7
ind,2014,4.8
ind,2015,4.4
ind,2016,4.3
idn,2000,2.9
idn,2001,3.3
idn,2002,3.9
idn,2003,4.5
idn,2004,5.3
idn,2005,6.1
idn,2006,6.8
idn,2007,7.4
idn,2008,7.8
idn,2009,8.1
idn,2010,8.5
idn,2011,8.8
idn,2012,8.9
idn,2013,8.9
idn,2014,8.8
idn,2015,8.3
idn,2016,8.0
irn,2000,0.06
irn,2001,0.08
irn,2002,0.1
irn,2003,0.11
irn,2004,0.12
irn,2005,0.12
irn,2006,0.13
irn,2007,0.13
irn,2008,0.13
irn,2009,0.14
irn,2010,0.15
irn,2011,0.15
irn,2012,0.14
irn,2013,0.13
irn,2014,0.11
irn,2015,0.24
irn,2016,0.28
irq,2000,0.01
irq,2001,0.01
irq,2002,0.01
irq,2003,0.01
irq,2004,0.01
irq,2005,0.01
irq,2006,0.01
irq,2007,0.01
irq,2008,0.01
irq,2009,0.01
irq,2010,0.01
irq,2011,0.01
irq,2012,0.01
irq,2013,0.01
irq,2014,0.02
irq,2015,0.03
irq,2016,0.03
irl,2000,0.48
irl,2001,0.43
irl,2002,0.4
irl,2003,0.37
irl,2004,0.35
irl,2005,0.48
irl,2006,0.28
irl,2007,0.24
irl,2008,0.22
irl,2009,0.38
irl,2010,0.25
irl,2011,0.39
irl,2012,0.3
irl,2013,0.21
irl,2014,0.17
irl,2015,0.2
irl,2016,0.28
isr,2000,0.59
isr,2001,0.52
isr,2002,0.43
isr,2003,0.39
isr,2004,0.35
isr,2005,0.26
isr,2006,0.22
isr,2007,0.23
isr,2008,0.2
isr,2009,0.2
isr,2010,0.19
isr,2011,0.23
isr,2012,0.21
isr,2013,0.18
isr,2014,0.3
isr,2015,0.13
isr,2016,0.16
ita,2000,0.61
ita,2001,0.66
ita,2002,0.58
ita,2003,0.55
ita,2004,0.47
ita,2005,0.6
ita,2006,0.37
ita,2007,0.21
ita,2008,0.3
ita,2009,0.5
ita,2010,0.42
ita,2011,0.47
ita,2012,0.37
ita,2013,0.24
ita,2014,0.26
ita,2015,0.31
ita,2016,0.4
jam,2000,1.7
jam,2001,1.6
jam,2002,1.4
jam,2003,1.6
jam,2004,1.4
jam,2005,0.92
jam,2006,0.88
jam,2007,0.89
jam,2008,0.83
jam,2009,1.0
jam,2010,0.95
jam,2011,0.75
jam,2012,0.59
jam,2013,0.54
jam,2014,0.66
jam,2015,1.0
jam,2016,1.4
jpn,2000,0.1
jpn,2001,0.09
jpn,2002,0.09
jpn,2003,0.08
jpn,2004,0.08
jpn,2005,0.07
jpn,2006,0.07
jpn,2007,0.07
jpn,2008,0.08
jpn,2009,0.07
jpn,2010,0.07
jpn,2011,0.07
jpn,2012,0.07
jpn,2013,0.07
jpn,2014,0.06
jpn,2015,0.06
jpn,2016,0.06
jor,2000,0.0
jor,2001,0.0
jor,2002,0.0
jor,2003,0.0
jor,2004,0.0
jor,2005,0.0
jor,2006,0.0
jor,2007,0.0
jor,2008,0.0
jor,2009,0.0
jor,2010,0.0
jor,2011,0.01
jor,2012,0.0
jor,2013,0.0
jor,2014,0.0
jor,2015,0.01
jor,2016,0.01
kaz,2000,0.85
kaz,2001,0.94
kaz,2002,1.0
kaz,2003,1.0
kaz,2004,1.0
kaz,2005,0.96
kaz,2006,0.6
kaz,2007,0.31
kaz,2008,0.38
kaz,2009,0.62
kaz,2010,1.2
kaz,2011,1.8
kaz,2012,1.6
kaz,2013,1.8
kaz,2014,2.4
kaz,2015,2.0
kaz,2016,2.1
ken,2000,140.0
ken,2001,155.0
ken,2002,165.0
ken,2003,189.0
ken,2004,196.0
ken,2005,195.0
ken,2006,200.0
ken,2007,181.0
ken,2008,156.0
ken,2009,151.0
ken,2010,133.0
ken,2011,122.0
ken,2012,109.0
ken,2013,100.0
ken,2014,91.0
ken,2015,78.0
ken,2016,66.0
kir,2000,108.0
kir,2001,79.0
kir,2002,81.0
kir,2003,115.0
kir,2004,124.0
kir,2005,130.0
kir,2006,145.0
kir,2007,125.0
kir,2008,123.0
kir,2009,100.0
kir,2010,1.4
kir,2011,0.29
kir,2012,0.29
kir,2013,0.4
kir,2014,1.5
kir,2015,1.7
kir,2016,1.8
kwt,2000,0.14
kwt,2001,0.09
kwt,2002,0.14
kwt,2003,0.18
kwt,2004,0.09
kwt,2005,0.13
kwt,2006,0.08
kwt,2007,0.08
kwt,2008,0.07
kwt,2009,0.11
kwt,2010,0.07
kwt,2012,0.39
kwt,2013,0.21
kwt,2014,0.11
kwt,2015,0.06
kwt,2016,0.08
kgz,2000,2.7
kgz,2001,2.7
kgz,2002,2.6
kgz,2003,3.5
kgz,2004,2.4
kgz,2005,2.3
kgz,2006,2.1
kgz,2007,1.9
kgz,2008,2.2
kgz,2009,1.6
kgz,2010,2.0
kgz,2011,2.5
kgz,2012,2.4
kgz,2013,3.1
kgz,2014,3.4
kgz,2015,3.8
kgz,2016,4.2
lao,2000,22.0
lao,2001,21.0
lao,2002,20.0
lao,2003,20.0
lao,2004,19.0
lao,2005,18.0
lao,2006,17.0
lao,2007,17.0
lao,2008,16.0
lao,2009,15.0
lao,2010,15.0
lao,2011,14.0
lao,2012,14.0
lao,2013,13.0
lao,2014,9.0
lao,2015,8.7
lao,2016,6.7
lva,2000,3.1
lva,2001,2.9
lva,2002,2.7
lva,2003,2.4
lva,2004,2.2
lva,2005,2.6
lva,2006,3.1
lva,2007,3.6
lva,2008,3.5
lva,2009,3.8
lva,2010,3.9
lva,2011,5.0
lva,2012,6.0
lva,2013,6.6
lva,2014,7.0
lva,2015,5.0
lva,2016,3.9
lbn,2000,1.4
lbn,2001,1.2
lbn,2002,0.99
lbn,2003,0.82
lbn,2004,0.81
lbn,2005,0.79
lbn,2006,0.74
lbn,2007,0.93
lbn,2008,1.0
lbn,2009,0.96
lbn,2010,0.29
lbn,2011,0.09
lbn,2012,0.09
lbn,2013,0.14
lbn,2014,0.12
lbn,2015,0.08
lbn,2016,0.09
lso,2000,474.0
lso,2001,517.0
lso,2002,554.0
lso,2003,582.0
lso,2004,601.0
lso,2005,610.0
lso,2006,610.0
lso,2007,601.0
lso,2008,585.0
lso,2009,570.0
lso,2010,541.0
lso,2011,504.0
lso,2012,465.0
lso,2013,428.0
lso,2014,392.0
lso,2015,360.0
lso,2016,332.0
lbr,2000,2.4
lbr,2001,2.5
lbr,2002,2.5
lbr,2003,2.6
lbr,2004,2.6
lbr,2005,2.7
lbr,2006,2.8
lbr,2007,2.8
lbr,2008,2.9
lbr,2009,7.8
lbr,2010,15.0
lbr,2011,20.0
lbr,2012,24.0
lbr,2013,29.0
lbr,2014,28.0
lbr,2015,25.0
lbr,2016,31.0
lby,2000,2.2
lby,2001,2.5
lby,2002,2.8
lby,2003,2.9
lby,2004,2.5
lby,2005,3.0
lby,2006,2.9
lby,2007,2.9
lby,2008,2.8
lby,2009,2.9
lby,2010,2.5
lby,2011,2.2
lby,2012,1.8
lby,2013,0.99
lby,2014,1.2
lby,2015,0.55
lby,2016,0.55
ltu,2000,0.3
ltu,2001,0.29
ltu,2002,0.28
ltu,2003,0.27
ltu,2004,0.26
ltu,2005,0.27
ltu,2006,0.28
ltu,2007,0.3
ltu,2008,0.34
ltu,2009,0.41
ltu,2010,0.56
ltu,2011,0.83
ltu,2012,1.4
ltu,2013,1.9
ltu,2014,1.7
ltu,2015,1.7
ltu,2016,1.5
lux,2000,0.99
lux,2001,0.62
lux,2002,0.61
lux,2003,0.93
lux,2004,0.51
lux,2005,0.81
lux,2006,0.42
lux,2007,0.44
lux,2008,0.29
lux,2009,0.48
lux,2010,0.39
lux,2011,0.5
lux,2012,0.78
lux,2013,0.44
lux,2014,0.26
lux,2015,0.38
lux,2016,0.51
mdg,2000,4.1
mdg,2001,3.7
mdg,2002,3.4
mdg,2003,3.2
mdg,2004,3.0
mdg,2005,2.8
mdg,2006,2.7
mdg,2007,2.5
mdg,2008,2.4
mdg,2009,2.3
mdg,2010,2.3
mdg,2011,2.3
mdg,2012,2.4
mdg,2013,2.4
mdg,2014,2.5
mdg,2015,2.5
mdg,2016,2.5
mwi,2000,157.0
mwi,2001,161.0
mwi,2002,164.0
mwi,2003,166.0
mwi,2004,168.0
mwi,2005,170.0
mwi,2006,168.0
mwi,2007,152.0
mwi,2008,138.0
mwi,2009,147.0
mwi,2010,130.0
mwi,2011,121.0
mwi,2012,98.0
mwi,2013,75.0
mwi,2014,63.0
mwi,2015,65.0
mwi,2016,55.0
mys,2000,5.3
mys,2001,5.1
mys,2002,4.8
mys,2003,5.2
mys,2004,5.9
mys,2005,6.9
mys,2006,7.7
mys,2007,7.4
mys,2008,7.6
mys,2009,6.8
mys,2010,6.0
mys,2011,5.4
mys,2012,5.3
mys,2013,5.0
mys,2014,4.7
mys,2015,4.5
mys,2016,4.6
mdv,2000,0.0
mdv,2001,0.0
mdv,2002,0.0
mdv,2003,0.0
mdv,2004,0.03
mdv,2005,0.03
mdv,2006,0.03
mdv,2007,0.03
mdv,2008,0.03
mdv,2009,0.02
mdv,2010,0.02
mdv,2011,0.02
mdv,2012,0.0
mdv,2013,0.0
mdv,2014,0.0
mdv,2015,0.0
mdv,2016,0.15
mli,2000,7.6
mli,2001,7.5
mli,2002,7.3
mli,2003,7.2
mli,2004,7.0
mli,2005,6.8
mli,2006,6.7
mli,2007,6.6
mli,2008,4.1
mli,2009,4.2
mli,2010,5.9
mli,2011,4.3
mli,2012,2.8
mli,2013,2.7
mli,2014,2.9
mli,2015,3.6
mli,2016,5.0
mlt,2000,0.21
mlt,2001,0.21
mlt,2002,0.31
mlt,2003,0.09
mlt,2004,0.23
mlt,2005,0.33
mlt,2006,0.61
mlt,2007,0.85
mlt,2008,1.2
mlt,2009,0.98
mlt,2010,0.69
mlt,2011,0.66
mlt,2012,0.34
mlt,2013,0.25
mlt,2014,0.29
mlt,2015,0.61
mlt,2016,3.0
mhl,2000,0.06
mhl,2001,0.1
mhl,2002,0.09
mhl,2003,0.11
mhl,2004,0.21
mhl,2005,0.2
mhl,2006,0.2
mhl,2007,0.29
mhl,2008,0.0
mhl,2009,0.52
mhl,2010,0.67
mhl,2011,0.38
mhl,2012,0.51
mhl,2013,0.6
mhl,2014,0.56
mhl,2015,1.2
mhl,2016,0.27
mrt,2000,16.0
mrt,2001,13.0
mrt,2002,12.0
mrt,2003,10.0
mrt,2004,9.4
mrt,2005,8.4
mrt,2006,7.6
mrt,2007,6.7
mrt,2008,6.0
mrt,2009,5.2
mrt,2010,4.7
mrt,2011,4.2
mrt,2012,3.6
mrt,2013,3.1
mrt,2014,2.8
mrt,2015,2.3
mrt,2016,2.0
mus,2000,0.27
mus,2001,0.26
mus,2002,0.26
mus,2003,0.26
mus,2004,0.35
mus,2005,0.47
mus,2006,0.61
mus,2007,0.84
mus,2008,1.1
mus,2009,1.0
mus,2010,1.1
mus,2011,1.1
mus,2012,1.3
mus,2013,1.5
mus,2014,1.7
mus,2015,1.8
mus,2016,1.8
mex,2000,0.74
mex,2001,0.75
mex,2002,0.69
mex,2003,0.74
mex,2004,0.57
mex,2005,0.7
mex,2006,0.66
mex,2007,0.67
mex,2008,0.67
mex,2009,0.67
mex,2010,0.82
mex,2011,1.0
mex,2012,1.5
mex,2013,1.1
mex,2014,1.3
mex,2015,1.4
mex,2016,2.2
fsm,2000,0.07
fsm,2001,0.09
fsm,2002,0.1
fsm,2003,0.09
fsm,2004,0.1
fsm,2005,0.08
fsm,2006,0.09
fsm,2007,0.12
fsm,2008,0.14
fsm,2009,0.13
fsm,2010,0.14
fsm,2011,0.13
fsm,2012,0.12
fsm,2013,0.13
fsm,2014,0.16
fsm,2015,0.09
fsm,2016,0.13
mng,2000,0.18
mng,2001,0.2
mng,2002,0.22
mng,2003,0.22
mng,2004,0.25
mng,2005,0.25
mng,2006,0.27
mng,2007,0.25
mng,2008,0.16
mng,2009,0.11
mng,2010,0.09
mng,2011,0.1
mng,2012,0.16
mng,2013,0.22
mng,2014,0.26
mng,2015,0.3
mng,2016,0.3
mne,2005,0.02
mne,2006,0.02
mne,2007,0.01
mne,2008,0.01
mne,2009,0.04
mne,2010,0.06
mne,2011,0.03
mne,2012,0.03
mne,2013,0.06
mne,2014,0.09
mne,2015,0.1
mne,2016,0.02
mar,2000,0.59
mar,2001,0.55
mar,2002,0.57
mar,2003,0.51
mar,2004,0.51
mar,2005,0.54
mar,2006,0.56
mar,2007,0.56
mar,2008,0.6
mar,2009,0.62
mar,2010,0.66
mar,2011,0.67
mar,2012,0.67
mar,2013,0.66
mar,2014,0.67
mar,2015,0.82
mar,2016,0.81
moz,2000,156.0
moz,2001,156.0
moz,2002,157.0
moz,2003,157.0
moz,2004,158.0
moz,2005,159.0
moz,2006,160.0
moz,2007,161.0
moz,2008,196.0
moz,2009,214.0
moz,2010,215.0
moz,2011,208.0
moz,2012,202.0
moz,2013,189.0
moz,2014,182.0
moz,2015,171.0
moz,2016,158.0
mmr,2000,25.0
mmr,2001,25.0
mmr,2002,25.0
mmr,2003,24.0
mmr,2004,24.0
mmr,2005,24.0
mmr,2006,24.0
mmr,2007,19.0
mmr,2008,20.0
mmr,2009,20.0
mmr,2010,24.0
mmr,2011,26.0
mmr,2012,22.0
mmr,2013,14.0
mmr,2014,22.0
mmr,2015,23.0
mmr,2016,25.0
nam,2000,312.0
nam,2001,370.0
nam,2002,371.0
nam,2003,400.0
nam,2004,410.0
nam,2005,402.0
nam,2006,391.0
nam,2007,365.0
nam,2008,335.0
nam,2009,292.0
nam,2010,273.0
nam,2011,236.0
nam,2012,197.0
nam,2013,177.0
nam,2014,155.0
nam,2015,129.0
nam,2016,110.0
npl,2000,3.7
npl,2001,3.5
npl,2002,3.5
npl,2003,3.4
npl,2004,3.4
npl,2005,3.4
npl,2006,3.3
npl,2007,3.2
npl,2008,3.0
npl,2009,2.8
npl,2010,2.7
npl,2011,2.6
npl,2012,2.5
npl,2013,2.3
npl,2014,2.2
npl,2015,2.0
npl,2016,1.8
nld,2000,0.26
nld,2001,0.3
nld,2002,0.28
nld,2003,0.27
nld,2004,0.27
nld,2005,0.07
nld,2006,0.08
nld,2007,0.12
nld,2008,0.15
nld,2009,0.23
nld,2010,0.15
nld,2011,0.14
nld,2012,0.12
nld,2013,0.17
nld,2014,0.25
nld,2015,0.35
nld,2016,0.17
nzl,2000,0.13
nzl,2001,0.14
nzl,2002,0.12
nzl,2003,0.15
nzl,2004,0.13
nzl,2005,0.11
nzl,2006,0.12
nzl,2007,0.09
nzl,2008,0.1
nzl,2009,0.1
nzl,2010,0.1
nzl,2011,0.17
nzl,2012,0.11
nzl,2013,0.01
nzl,2014,0.06
nzl,2015,0.03
nzl,2016,0.01
nic,2000,1.9
nic,2001,1.9
nic,2002,1.6
nic,2003,1.7
nic,2004,1.6
nic,2005,1.4
nic,2006,1.4
nic,2007,1.6
nic,2008,1.6
nic,2009,1.6
nic,2010,1.7
nic,2011,1.7
nic,2012,1.8
nic,2013,1.9
nic,2014,2.0
nic,2015,1.6
nic,2016,1.7
ner,2000,13.0
ner,2001,12.0
ner,2002,11.0
ner,2003,11.0
ner,2004,10.0
ner,2005,9.5
ner,2006,9.1
ner,2007,8.6
ner,2008,8.2
ner,2009,8.1
ner,2010,7.6
ner,2011,7.1
ner,2012,6.0
ner,2013,5.1
ner,2014,4.1
ner,2015,3.4
ner,2016,2.9
nga,2000,37.0
nga,2001,37.0
nga,2002,37.0
nga,2003,37.0
nga,2004,37.0
nga,2005,37.0
nga,2006,37.0
nga,2007,37.0
nga,2008,37.0
nga,2009,35.0
nga,2010,34.0
nga,2011,34.0
nga,2012,33.0
nga,2013,29.0
nga,2014,26.0
nga,2015,24.0
nga,2016,21.0
mnp,2000,0.0
mnp,2001,0.0
mnp,2002,0.0
mnp,2003,0.0
mnp,2004,0.07
mnp,2005,0.0
mnp,2006,0.0
mnp,2007,0.07
mnp,2008,0.0
mnp,2009,0.05
mnp,2010,0.0
mnp,2011,0.18
mnp,2012,0.6
mnp,2013,1.8
mnp,2014,0.0
mnp,2015,0.09
mnp,2016,0.0
nor,2000,0.14
nor,2001,0.15
nor,2002,0.13
nor,2003,0.15
nor,2004,0.12
nor,2005,0.16
nor,2006,0.09
nor,2007,0.08
nor,2008,0.08
nor,2009,0.16
nor,2010,0.11
nor,2011,0.18
nor,2012,0.17
nor,2013,0.12
nor,2014,0.1
nor,2015,0.14
nor,2016,0.18
omn,2000,0.7
omn,2001,0.63
omn,2002,0.61
omn,2003,0.53
omn,2004,0.57
omn,2005,0.4
omn,2006,0.39
omn,2007,0.52
omn,2008,0.14
omn,2009,0.01
omn,2010,0.04
omn,2011,0.24
omn,2012,0.4
omn,2013,0.13
omn,2014,0.07
omn,2015,0.07
omn,2016,0.21
pak,2000,0.02
pak,2001,0.02
pak,2002,0.02
pak,2003,0.02
pak,2004,0.05
pak,2005,0.23
pak,2006,0.39
pak,2007,0.55
pak,2008,0.73
pak,2009,0.9
pak,2010,1.1
pak,2011,1.2
pak,2012,1.3
pak,2013,1.5
pak,2014,1.5
pak,2015,1.6
pak,2016,1.6
plw,2000,0.0
plw,2001,0.0
plw,2002,0.0
plw,2003,0.0
plw,2004,0.0
plw,2005,0.04
plw,2006,0.04
plw,2007,0.03
plw,2008,0.06
plw,2009,0.0
plw,2010,0.23
plw,2011,0.33
plw,2012,0.0
plw,2013,4.7
plw,2014,0.28
plw,2015,0.11
plw,2016,0.06
pan,2000,4.7
pan,2001,6.8
pan,2002,6.2
pan,2003,6.2
pan,2004,6.4
pan,2005,6.0
pan,2006,6.7
pan,2007,6.8
pan,2008,7.0
pan,2009,6.4
pan,2010,6.0
pan,2011,6.5
pan,2012,5.6
pan,2013,4.6
pan,2014,2.9
pan,2015,3.8
pan,2016,4.0
png,2000,28.0
png,2001,27.0
png,2002,27.0
png,2003,26.0
png,2004,26.0
png,2005,25.0
png,2006,25.0
png,2007,25.0
png,2008,24.0
png,2009,24.0
png,2010,24.0
png,2011,24.0
png,2012,23.0
png,2013,25.0
png,2014,27.0
png,2015,25.0
png,2016,25.0
pry,2000,0.0
pry,2001,0.0
pry,2002,0.0
pry,2003,0.0
pry,2004,0.0
pry,2005,0.0
pry,2006,0.0
pry,2007,0.0
pry,2008,0.0
pry,2009,0.94
pry,2010,4.0
pry,2011,3.9
pry,2012,3.2
pry,2013,3.3
pry,2014,3.3
pry,2015,3.2
pry,2016,2.6
per,2000,5.4
per,2001,5.1
per,2002,4.9
per,2003,4.3
per,2004,4.4
per,2005,4.4
per,2006,4.5
per,2007,4.2
per,2008,1.6
per,2009,1.7
per,2010,1.7
per,2011,1.3
per,2012,2.7
per,2013,5.5
per,2014,5.5
per,2015,5.4
per,2016,5.2
phl,2000,0.12
phl,2001,0.13
phl,2002,0.14
phl,2003,0.16
phl,2004,0.19
phl,2005,0.23
phl,2006,0.28
phl,2007,0.34
phl,2008,0.43
phl,2009,0.58
phl,2010,0.78
phl,2011,0.98
phl,2012,1.2
phl,2013,1.5
phl,2014,1.8
phl,2015,2.1
phl,2016,2.4
pol,2000,0.22
pol,2001,0.19
pol,2002,0.19
pol,2003,0.18
pol,2004,0.15
pol,2005,0.21
pol,2006,0.12
pol,2007,0.11
pol,2008,0.11
pol,2009,0.21
pol,2010,0.15
pol,2011,0.28
pol,2012,0.23
pol,2013,0.16
pol,2014,0.15
pol,2015,0.17
pol,2016,0.26
prt,2000,10.0
prt,2001,10.0
prt,2002,10.0
prt,2003,9.3
prt,2004,8.4
prt,2005,6.7
prt,2006,5.7
prt,2007,4.6
prt,2008,3.8
prt,2009,3.3
prt,2010,2.9
prt,2011,2.8
prt,2012,2.9
prt,2013,2.9
prt,2014,2.7
prt,2015,2.7
prt,2016,2.4
pri,2000,1.5
pri,2001,1.0
pri,2002,1.1
pri,2003,0.99
pri,2004,1.1
pri,2005,0.82
pri,2006,0.71
pri,2007,0.55
pri,2008,0.5
pri,2009,0.32
pri,2010,0.38
pri,2011,0.25
pri,2012,0.38
pri,2013,0.26
pri,2014,0.21
pri,2015,0.16
pri,2016,0.2
qat,2000,0.0
qat,2001,0.0
qat,2002,0.0
qat,2003,0.0
qat,2004,0.13
qat,2005,0.0
qat,2006,0.0
qat,2007,0.0
qat,2008,0.07
qat,2010,0.02
qat,2011,0.04
qat,2012,0.06
qat,2013,0.04
qat,2014,0.0
qat,2015,0.0
qat,2016,0.0
kor,2000,0.25
kor,2001,0.41
kor,2002,0.4
kor,2003,0.4
kor,2004,0.37
kor,2005,0.67
kor,2006,0.39
kor,2007,0.36
kor,2008,0.35
kor,2009,0.7
kor,2010,0.56
kor,2011,0.97
kor,2012,0.83
kor,2013,0.54
kor,2014,0.52
kor,2015,0.59
kor,2016,0.86
mda,2000,0.1
mda,2001,0.12
mda,2002,0.12
mda,2003,0.14
mda,2004,0.16
mda,2005,0.17
mda,2006,0.85
mda,2007,2.7
mda,2008,5.1
mda,2009,5.7
mda,2010,5.6
mda,2011,6.0
mda,2012,6.4
mda,2013,7.1
mda,2014,7.2
mda,2015,5.4
mda,2016,7.8
rou,2000,3.6
rou,2001,3.8
rou,2002,4.0
rou,2003,4.0
rou,2004,3.9
rou,2005,3.6
rou,2006,3.3
rou,2007,3.1
rou,2008,3.0
rou,2009,3.0
rou,2010,2.5
rou,2011,2.0
rou,2012,1.8
rou,2013,1.9
rou,2014,2.0
rou,2015,1.9
rou,2016,1.6
rus,2000,1.2
rus,2001,1.1
rus,2002,1.1
rus,2003,1.1
rus,2004,1.1
rus,2005,1.1
rus,2006,1.1
rus,2007,1.1
rus,2008,1.3
rus,2009,2.4
rus,2010,4.0
rus,2011,3.2
rus,2012,2.7
rus,2013,3.0
rus,2014,3.7
rus,2015,5.2
rus,2016,8.1
rwa,2000,34.0
rwa,2001,28.0
rwa,2002,32.0
rwa,2003,35.0
rwa,2004,33.0
rwa,2005,36.0
rwa,2006,36.0
rwa,2007,31.0
rwa,2008,28.0
rwa,2009,25.0
rwa,2010,21.0
rwa,2011,18.0
rwa,2012,15.0
rwa,2013,13.0
rwa,2014,13.0
rwa,2015,8.8
rwa,2016,7.5
kna,2000,0.0
kna,2001,4.1
kna,2002,6.1
kna,2003,2.0
kna,2004,3.9
kna,2005,0.0
kna,2006,1.9
kna,2007,7.6
kna,2008,0.15
kna,2009,0.0
kna,2010,0.0
kna,2011,0.0
kna,2012,0.0
kna,2013,0.0
kna,2014,3.1
kna,2015,1.1
kna,2016,0.0
lca,2000,0.0
lca,2001,0.0
lca,2002,0.0
lca,2003,0.0
lca,2004,0.02
lca,2005,0.05
lca,2006,0.0
lca,2007,1.2
lca,2008,1.2
lca,2009,2.1
lca,2010,0.0
lca,2011,0.56
lca,2012,0.56
lca,2013,0.0
lca,2014,0.56
lca,2015,0.84
lca,2016,0.42
vct,2000,2.9
vct,2001,1.8
vct,2002,1.8
vct,2003,2.5
vct,2004,1.4
vct,2005,0.9
vct,2006,2.9
vct,2007,4.4
vct,2008,4.3
vct,2009,4.0
vct,2010,6.1
vct,2011,5.7
vct,2012,9.3
vct,2013,0.84
vct,2014,0.82
vct,2015,0.68
vct,2016,0.0
stp,2000,1.5
stp,2001,1.5
stp,2002,1.5
stp,2003,1.6
stp,2004,2.5
stp,2005,2.9
stp,2006,5.7
stp,2007,6.3
stp,2008,6.6
stp,2009,7.9
stp,2010,8.1
stp,2011,8.1
stp,2012,9.5
stp,2013,13.0
stp,2014,15.0
stp,2015,16.0
stp,2016,12.0
sau,2000,0.38
sau,2001,0.35
sau,2002,0.35
sau,2003,0.33
sau,2004,0.32
sau,2005,0.34
sau,2006,0.35
sau,2007,0.36
sau,2008,0.35
sau,2009,0.34
sau,2010,0.37
sau,2011,0.3
sau,2012,0.29
sau,2013,0.46
sau,2014,0.35
sau,2015,0.29
sau,2016,0.2
sen,2000,8.8
sen,2001,8.7
sen,2002,8.5
sen,2003,8.4
sen,2004,8.2
sen,2005,8.1
sen,2006,8.0
sen,2007,7.9
sen,2008,7.8
sen,2009,7.4
sen,2010,7.7
sen,2011,8.6
sen,2012,7.8
sen,2013,7.7
sen,2014,6.5
sen,2015,6.0
sen,2016,5.9
srb,2005,0.07
srb,2006,0.08
srb,2007,0.07
srb,2008,0.07
srb,2009,0.07
srb,2010,0.07
srb,2011,0.07
srb,2012,0.06
srb,2013,0.08
srb,2014,0.07
srb,2015,0.06
srb,2016,0.07
syc,2000,0.0
syc,2001,0.0
syc,2002,0.0
syc,2003,0.0
syc,2004,0.01
syc,2005,0.0
syc,2006,0.0
syc,2007,0.0
syc,2008,0.0
syc,2009,3.2
syc,2010,1.1
syc,2011,4.3
syc,2012,3.0
syc,2013,1.1
syc,2014,1.1
syc,2015,0.0
syc,2016,0.69
sle,2000,20.0
sle,2001,21.0
sle,2002,21.0
sle,2003,21.0
sle,2004,21.0
sle,2005,21.0
sle,2006,21.0
sle,2007,21.0
sle,2008,21.0
sle,2009,22.0
sle,2010,22.0
sle,2011,21.0
sle,2012,24.0
sle,2013,24.0
sle,2014,25.0
sle,2015,26.0
sle,2016,27.0
sgp,2000,2.0
sgp,2001,1.7
sgp,2002,1.6
sgp,2003,1.7
sgp,2004,1.5
sgp,2005,1.4
sgp,2006,1.3
sgp,2007,1.3
sgp,2008,1.4
sgp,2009,1.4
sgp,2010,1.3
sgp,2011,1.2
sgp,2012,1.2
sgp,2013,1.0
sgp,2014,0.99
sgp,2015,0.79
sgp,2016,0.66
svk,2000,0.0
svk,2001,0.0
svk,2002,0.0
svk,2003,0.0
svk,2004,0.0
svk,2005,0.01
svk,2006,0.01
svk,2007,0.0
svk,2008,0.01
svk,2009,0.02
svk,2010,0.02
svk,2011,0.0
svk,2012,0.01
svk,2013,0.01
svk,2014,0.01
svk,2015,0.0
svk,2016,0.0
svn,2000,0.01
svn,2001,0.01
svn,2002,0.01
svn,2003,0.01
svn,2004,0.01
svn,2005,0.01
svn,2006,0.01
svn,2007,0.01
svn,2008,0.01
svn,2009,0.02
svn,2010,0.02
svn,2011,0.01
svn,2012,0.01
svn,2013,0.02
svn,2014,0.01
svn,2015,0.01
svn,2016,0.03
som,2000,4.1
som,2001,4.1
som,2002,4.1
som,2003,4.1
som,2004,4.1
som,2005,4.1
som,2006,4.1
som,2007,4.1
som,2008,4.1
som,2009,4.1
som,2010,4.2
som,2011,4.8
som,2012,4.8
som,2013,4.9
som,2014,5.5
som,2015,3.1
som,2016,2.6
zaf,2000,224.0
zaf,2001,255.0
zaf,2002,286.0
zaf,2003,314.0
zaf,2004,339.0
zaf,2005,357.0
zaf,2006,369.0
zaf,2007,375.0
zaf,2008,423.0
zaf,2009,429.0
zaf,2010,418.0
zaf,2011,454.0
zaf,2012,404.0
zaf,2013,373.0
zaf,2014,358.0
zaf,2015,326.0
zaf,2016,315.0
ssd,2011,9.3
ssd,2012,11.0
ssd,2013,13.0
ssd,2014,12.0
ssd,2015,11.0
ssd,2016,11.0
esp,2000,2.6
esp,2001,2.2
esp,2002,2.3
esp,2003,3.0
esp,2004,1.8
esp,2005,2.2
esp,2006,2.3
esp,2007,2.1
esp,2008,1.8
esp,2009,1.4
esp,2010,1.3
esp,2011,1.2
esp,2012,1.0
esp,2013,0.73
esp,2014,0.72
esp,2015,0.61
esp,2016,0.62
lka,2000,0.08
lka,2001,0.08
lka,2002,0.08
lka,2003,0.09
lka,2004,0.08
lka,2005,0.09
lka,2006,0.08
lka,2007,0.07
lka,2008,0.05
lka,2009,0.01
lka,2010,0.0
lka,2011,0.0
lka,2012,0.02
lka,2013,0.07
lka,2014,0.13
lka,2015,0.15
lka,2016,0.07
sdn,2000,0.74
sdn,2001,0.72
sdn,2002,0.77
sdn,2003,0.82
sdn,2004,0.91
sdn,2005,1.0
sdn,2006,1.1
sdn,2007,1.2
sdn,2008,1.0
sdn,2009,1.1
sdn,2010,1.2
sdn,2011,1.1
sdn,2012,1.1
sdn,2013,1.0
sdn,2014,0.93
sdn,2015,1.5
sdn,2016,1.4
sur,2000,4.4
sur,2001,3.7
sur,2002,4.7
sur,2003,5.1
sur,2004,4.7
sur,2005,5.7
sur,2006,6.5
sur,2007,6.6
sur,2008,5.8
sur,2009,10.0
sur,2010,11.0
sur,2011,7.0
sur,2012,6.3
sur,2013,6.6
sur,2014,6.7
sur,2015,5.5
sur,2016,5.0
swe,2000,0.17
swe,2001,0.14
swe,2002,0.13
swe,2003,0.12
swe,2004,0.12
swe,2005,0.21
swe,2006,0.11
swe,2007,0.09
swe,2008,0.09
swe,2009,0.19
swe,2010,0.15
swe,2011,0.21
swe,2012,0.2
swe,2013,0.14
swe,2014,0.14
swe,2015,0.21
swe,2016,0.28
che,2000,0.67
che,2001,0.55
che,2002,0.57
che,2003,0.46
che,2004,0.41
che,2005,0.51
che,2006,0.27
che,2007,0.21
che,2008,0.22
che,2009,0.4
che,2010,0.3
che,2011,0.47
che,2012,0.33
che,2013,0.24
che,2014,0.21
che,2015,0.31
che,2016,0.47
syr,2000,0.02
syr,2001,0.02
syr,2002,0.01
syr,2003,0.01
syr,2004,0.01
syr,2005,0.01
syr,2006,0.01
syr,2007,0.01
syr,2008,0.01
syr,2009,0.01
syr,2010,0.01
syr,2011,0.01
syr,2012,0.01
syr,2013,0.01
syr,2014,0.01
syr,2015,0.01
syr,2016,0.01
tjk,2000,4.2
tjk,2001,4.2
tjk,2002,4.2
tjk,2003,4.1
tjk,2004,3.9
tjk,2005,3.7
tjk,2006,3.5
tjk,2007,3.2
tjk,2008,2.9
tjk,2009,3.7
tjk,2010,2.4
tjk,2011,1.7
tjk,2012,1.5
tjk,2013,1.8
tjk,2014,2.1
tjk,2015,2.0
tjk,2016,1.8
tha,2000,16.0
tha,2001,17.0
tha,2002,17.0
tha,2003,16.0
tha,2004,16.0
tha,2005,15.0
tha,2006,15.0
tha,2007,14.0
tha,2008,17.0
tha,2009,18.0
tha,2010,18.0
tha,2011,15.0
tha,2012,14.0
tha,2013,15.0
tha,2014,14.0
tha,2015,13.0
tha,2016,8.8
mkd,2000,0.03
mkd,2001,0.03
mkd,2002,0.03
mkd,2003,0.03
mkd,2004,0.03
mkd,2005,0.03
mkd,2006,0.02
mkd,2007,0.02
mkd,2008,0.02
mkd,2009,0.02
mkd,2010,0.02
mkd,2011,0.01
mkd,2012,0.01
mkd,2013,0.01
mkd,2014,0.07
mkd,2015,0.01
mkd,2016,0.01
tls,2002,0.18
tls,2003,0.24
tls,2004,0.32
tls,2005,0.4
tls,2006,0.46
tls,2007,0.51
tls,2008,0.6
tls,2009,0.8
tls,2010,0.92
tls,2011,1.0
tls,2012,1.0
tls,2013,1.1
tls,2014,1.1
tls,2015,2.7
tls,2016,3.0
tgo,2000,9.8
tgo,2001,10.0
tgo,2002,11.0
tgo,2003,11.0
tgo,2004,13.0
tgo,2005,14.0
tgo,2006,14.0
tgo,2007,15.0
tgo,2008,15.0
tgo,2009,12.0
tgo,2010,11.0
tgo,2011,12.0
tgo,2012,10.0
tgo,2013,8.5
tgo,2014,7.6
tgo,2015,7.1
tgo,2016,6.5
ton,2000,0.0
ton,2001,0.0
ton,2002,0.0
ton,2003,0.0
ton,2004,0.0
ton,2005,0.0
ton,2006,0.0
ton,2007,0.0
ton,2008,0.0
ton,2009,0.0
ton,2010,0.01
ton,2011,0.0
ton,2012,0.0
ton,2013,0.0
ton,2014,0.0
ton,2015,0.0
ton,2016,0.0
tto,2000,5.9
tto,2001,6.1
tto,2002,3.9
tto,2003,4.3
tto,2004,3.4
tto,2005,2.5
tto,2006,0.91
tto,2007,4.9
tto,2008,4.2
tto,2009,5.5
tto,2010,3.7
tto,2011,4.6
tto,2012,5.3
tto,2013,4.4
tto,2014,4.5
tto,2015,2.9
tto,2016,2.2
tun,2000,0.01
tun,2001,0.01
tun,2002,0.01
tun,2003,0.01
tun,2004,0.02
tun,2005,0.02
tun,2006,0.02
tun,2007,0.03
tun,2008,0.03
tun,2009,0.03
tun,2010,0.04
tun,2011,0.06
tun,2012,0.07
tun,2013,0.07
tun,2014,0.08
tun,2015,0.12
tun,2016,0.16
tur,2000,0.14
tur,2001,0.13
tur,2002,0.14
tur,2003,0.13
tur,2004,0.13
tur,2005,0.14
tur,2006,0.14
tur,2007,0.13
tur,2008,0.12
tur,2009,0.12
tur,2010,0.11
tur,2011,0.1
tur,2012,0.09
tur,2013,0.06
tur,2014,0.08
tur,2015,0.1
tur,2016,0.1
tkm,2000,0.85
tkm,2001,0.94
tkm,2002,1.0
tkm,2003,1.3
tkm,2004,1.2
tkm,2005,1.2
tkm,2006,1.3
tkm,2007,1.5
tkm,2008,1.7
tkm,2009,1.5
tkm,2010,1.6
tkm,2011,1.4
tkm,2012,1.6
tkm,2013,1.7
tkm,2014,1.4
tkm,2015,1.6
tkm,2016,1.5
tca,2000,2.9
tca,2001,2.9
tca,2002,2.7
tca,2003,4.9
tca,2004,4.9
tca,2005,4.9
tca,2006,4.9
tca,2007,4.6
tca,2008,4.3
tca,2009,4.0
tca,2010,3.7
tca,2011,6.9
tca,2012,3.4
tca,2013,0.0
tca,2014,1.4
tca,2015,5.5
tca,2016,2.1
tuv,2000,0.0
tuv,2001,0.0
tuv,2002,0.0
tuv,2003,0.0
tuv,2004,0.0
tuv,2005,0.0
tuv,2006,0.0
tuv,2007,0.0
tuv,2008,0.0
tuv,2009,0.0
tuv,2010,0.0
tuv,2011,0.0
tuv,2012,0.0
tuv,2013,0.0
tuv,2014,0.0
tuv,2015,0.16
tuv,2016,0.0
uga,2000,81.0
uga,2001,92.0
uga,2002,95.0
uga,2003,95.0
uga,2004,94.0
uga,2005,87.0
uga,2006,84.0
uga,2007,81.0
uga,2008,81.0
uga,2009,74.0
uga,2010,70.0
uga,2011,73.0
uga,2012,67.0
uga,2013,63.0
uga,2014,57.0
uga,2015,52.0
uga,2016,49.0
ukr,2000,4.9
ukr,2001,5.1
ukr,2002,5.3
ukr,2003,5.4
ukr,2004,5.4
ukr,2005,5.4
ukr,2006,5.4
ukr,2007,5.2
ukr,2008,7.4
ukr,2009,9.2
ukr,2010,10.0
ukr,2011,9.6
ukr,2012,9.5
ukr,2013,11.0
ukr,2014,12.0
ukr,2015,13.0
ukr,2016,12.0
are,2000,0.0
are,2001,0.0
are,2002,0.0
are,2003,0.0
are,2004,0.0
are,2005,0.0
are,2006,0.0
are,2007,0.0
are,2008,0.0
are,2009,0.0
are,2010,0.03
are,2011,0.07
are,2012,0.04
are,2013,0.04
are,2014,0.02
are,2015,0.03
are,2016,0.06
gbr,2000,0.85
gbr,2001,0.71
gbr,2002,0.76
gbr,2003,0.67
gbr,2004,0.61
gbr,2005,0.94
gbr,2006,0.53
gbr,2007,0.45
gbr,2008,0.43
gbr,2009,0.72
gbr,2010,0.51
gbr,2011,0.83
gbr,2012,0.71
gbr,2013,0.42
gbr,2014,0.35
gbr,2015,0.36
gbr,2016,0.5
tza,2000,119.0
tza,2001,122.0
tza,2002,124.0
tza,2003,127.0
tza,2004,128.0
tza,2005,130.0
tza,2006,129.0
tza,2007,126.0
tza,2008,118.0
tza,2009,106.0
tza,2010,94.0
tza,2011,77.0
tza,2012,69.0
tza,2013,58.0
tza,2014,55.0
tza,2015,50.0
tza,2016,63.0
usa,2000,0.88
usa,2001,0.85
usa,2002,0.79
usa,2003,0.77
usa,2004,0.67
usa,2005,0.59
usa,2006,0.52
usa,2007,0.46
usa,2008,0.41
usa,2009,0.34
usa,2010,0.3
usa,2011,0.26
usa,2012,0.22
usa,2013,0.19
usa,2014,0.17
usa,2015,0.16
usa,2016,0.15
ury,2000,2.6
ury,2001,2.7
ury,2002,2.1
ury,2003,2.6
ury,2004,2.9
ury,2005,2.6
ury,2006,2.3
ury,2007,2.6
ury,2008,2.8
ury,2009,3.0
ury,2010,3.0
ury,2011,3.8
ury,2012,3.8
ury,2013,3.9
ury,2014,3.8
ury,2015,4.0
ury,2016,4.0
uzb,2000,0.28
uzb,2001,0.3
uzb,2002,0.37
uzb,2003,0.42
uzb,2004,0.34
uzb,2005,0.35
uzb,2006,0.59
uzb,2007,0.91
uzb,2008,0.81
uzb,2009,1.2
uzb,2010,1.3
uzb,2011,2.0
uzb,2012,2.8
uzb,2013,3.2
uzb,2014,3.1
uzb,2015,2.5
uzb,2016,2.5
ven,2000,3.3
ven,2001,3.1
ven,2002,3.1
ven,2003,3.3
ven,2004,3.2
ven,2005,3.2
ven,2006,3.1
ven,2007,2.9
ven,2008,2.3
ven,2009,2.1
ven,2010,2.1
ven,2011,2.3
ven,2012,2.5
ven,2013,2.3
ven,2014,2.1
ven,2015,2.3
ven,2016,2.7
vnm,2000,9.9
vnm,2001,9.7
vnm,2002,9.5
vnm,2003,9.3
vnm,2004,9.1
vnm,2005,8.9
vnm,2006,8.7
vnm,2007,9.2
vnm,2008,9.1
vnm,2009,8.9
vnm,2010,8.9
vnm,2011,8.8
vnm,2012,7.9
vnm,2013,6.9
vnm,2014,5.7
vnm,2015,4.6
vnm,2016,3.6
pse,2000,0.0
pse,2001,0.0
pse,2002,0.0
pse,2003,0.0
pse,2004,0.0
pse,2005,0.0
pse,2006,0.0
pse,2007,0.0
pse,2008,0.0
pse,2009,0.0
pse,2010,0.0
pse,2011,0.0
pse,2012,0.0
pse,2013,0.0
pse,2014,0.0
pse,2015,0.0
pse,2016,0.0
yem,2000,0.27
yem,2001,0.23
yem,2002,0.2
yem,2003,0.18
yem,2004,0.18
yem,2005,0.17
yem,2006,0.16
yem,2007,0.15
yem,2008,0.14
yem,2009,0.13
yem,2010,0.13
yem,2011,0.13
yem,2012,0.12
yem,2013,0.12
yem,2014,0.12
yem,2015,0.21
yem,2016,0.21
zmb,2000,321.0
zmb,2001,308.0
zmb,2002,329.0
zmb,2003,335.0
zmb,2004,309.0
zmb,2005,280.0
zmb,2006,264.0
zmb,2007,235.0
zmb,2008,226.0
zmb,2009,230.0
zmb,2010,222.0
zmb,2011,202.0
zmb,2012,179.0
zmb,2013,171.0
zmb,2014,158.0
zmb,2015,148.0
zmb,2016,140.0
zwe,2000,313.0
zwe,2001,336.0
zwe,2002,348.0
zwe,2003,337.0
zwe,2004,330.0
zwe,2005,280.0
zwe,2006,267.0
zwe,2007,251.0
zwe,2008,232.0
zwe,2009,247.0
zwe,2010,248.0
zwe,2011,207.0
zwe,2012,184.0
zwe,2013,159.0
zwe,2014,138.0
zwe,2015,121.0
zwe,2016,90.0
