country,year,e_inc_tbhiv_100k
afg,2000,0.66
afg,2001,0.59
afg,2002,0.56
afg,2003,0.54
afg,2004,0.54
afg,2005,0.56
afg,2006,0.57
afg,2007,0.58
afg,2008,0.61
afg,2009,0.62
afg,2010,0.66
afg,2011,0.69
afg,2012,0.73
afg,2013,0.75
afg,2014,0.79
afg,2015,0.8
afg,2016,0.82
alb,2000,0.03
alb,2001,0.03
alb,2002,0.04
alb,2003,0.04
alb,2004,0.04
alb,2005,0.05
alb,2006,0.05
alb,2007,0.06
alb,2008,0.07
alb,2009,0.08
alb,2010,0.1
alb,2011,0.11
alb,2012,0.12
alb,2013,0.16
alb,2014,0.16
alb,2015,0.21
alb,2016,0.21
dza,2000,0.36
dza,2001,0.32
dza,2002,0.32
dza,2003,0.32
dza,2004,0.33
dza,2005,0.36
dza,2006,0.37
dza,2007,0.39
dza,2008,0.38
dza,2009,0.4
dza,2010,0.43
dza,2011,0.42
dza,2012,0.43
dza,2013,0.4
dza,2014,0.43
dza,2015,0.44
dza,2016,0.42
asm,2000,0.01
asm,2001,0.01
asm,2002,0.0
asm,2003,0.01
asm,2004,0.01
asm,2005,0.01
asm,2006,0.01
asm,2007,0.0
asm,2008,0.0
asm,2009,0.0
asm,2010,0.01
asm,2011,0.01
asm,2012,0.01
asm,2013,0.01
asm,2014,0.01
asm,2015,0.01
asm,2016,0.01
ago,2000,47.0
ago,2001,45.0
ago,2002,46.0
ago,2003,47.0
ago,2004,50.0
ago,2005,54.0
ago,2006,57.0
ago,2007,58.0
ago,2008,60.0
ago,2009,61.0
ago,2010,63.0
ago,2011,64.0
ago,2012,65.0
ago,2013,64.0
ago,2014,64.0
ago,2015,62.0
ago,2016,61.0
atg,2000,2.8
atg,2001,0.68
atg,2002,2.7
atg,2003,0.66
atg,2004,2.6
atg,2005,3.9
atg,2006,3.8
atg,2007,0.0
atg,2008,0.0
atg,2009,0.0
atg,2010,1.6
atg,2011,4.8
atg,2012,1.8
atg,2013,6.4
atg,2014,1.2
atg,2015,0.14
atg,2016,0.0
arg,2000,2.4
arg,2001,2.0
arg,2002,1.9
arg,2003,1.6
arg,2004,1.7
arg,2005,1.5
arg,2006,1.4
arg,2007,1.5
arg,2008,1.3
arg,2009,1.1
arg,2010,1.0
arg,2011,1.4
arg,2012,1.2
arg,2013,1.2
arg,2014,1.3
arg,2015,1.4
arg,2016,1.4
arm,2000,0.74
arm,2001,0.77
arm,2002,0.8
arm,2003,0.86
arm,2004,0.94
arm,2005,1.3
arm,2006,1.0
arm,2007,0.97
arm,2008,0.97
arm,2009,0.92
arm,2010,0.83
arm,2011,1.8
arm,2012,2.7
arm,2013,2.9
arm,2014,3.6
arm,2015,4.2
arm,2016,2.5
aus,2000,0.22
aus,2001,0.2
aus,2002,0.21
aus,2003,0.19
aus,2004,0.21
aus,2005,0.21
aus,2006,0.23
aus,2007,0.21
aus,2008,0.27
aus,2009,0.27
aus,2010,0.23
aus,2011,0.12
aus,2012,0.08
aus,2013,0.16
aus,2014,0.14
aus,2015,0.12
aus,2016,0.12
aut,2000,0.88
aut,2001,0.67
aut,2002,0.67
aut,2003,0.53
aut,2004,0.48
aut,2005,0.66
aut,2006,0.35
aut,2007,0.3
aut,2008,0.27
aut,2009,0.41
aut,2010,0.31
aut,2011,0.49
aut,2012,0.39
aut,2013,0.27
aut,2014,0.23
aut,2015,0.27
aut,2016,0.43
aze,2000,0.54
aze,2001,0.51
aze,2002,0.53
aze,2003,0.39
aze,2004,0.54
aze,2005,0.6
aze,2006,0.56
aze,2007,0.54
aze,2008,0.73
aze,2009,0.9
aze,2010,0.71
aze,2011,0.94
aze,2012,1.4
aze,2013,1.2
aze,2014,1.6
aze,2015,1.3
aze,2016,1.3
bhs,2000,12.0
bhs,2001,8.9
bhs,2002,6.1
bhs,2003,5.2
bhs,2004,7.3
bhs,2005,6.5
bhs,2006,8.0
bhs,2007,6.0
bhs,2008,5.8
bhs,2009,4.8
bhs,2010,4.8
bhs,2011,3.7
bhs,2012,2.5
bhs,2013,3.0
bhs,2014,4.4
bhs,2015,6.1
bhs,2016,10.0
bhr,2000,1.2
bhr,2001,1.0
bhr,2002,1.0
bhr,2003,1.3
bhr,2004,1.1
bhr,2005,1.3
bhr,2006,1.2
bhr,2007,1.1
bhr,2008,1.0
bhr,2009,0.99
bhr,2010,0.85
bhr,2011,0.96
bhr,2012,0.94
bhr,2013,0.86
bhr,2014,0.77
bhr,2015,0.68
bhr,2016,0.59
bgd,2000,0.09
bgd,2001,0.1
bgd,2002,0.13
bgd,2003,0.15
bgd,2004,0.19
bgd,2005,0.22
bgd,2006,0.25
bgd,2007,0.27
bgd,2008,0.29
bgd,2009,0.3
bgd,2010,0.31
bgd,2011,0.31
bgd,2012,0.32
bgd,2013,0.32
bgd,2014,0.32
bgd,2015,0.31
bgd,2016,0.31
brb,2000,0.51
brb,2001,1.0
brb,2002,0.85
brb,2003,1.5
brb,2004,3.2
brb,2005,1.6
brb,2006,0.84
brb,2007,5.0
brb,2008,0.83
brb,2009,0.0
brb,2010,0.82
brb,2011,0.0
brb,2012,1.6
brb,2013,1.6
brb,2014,2.0
brb,2015,0.0
brb,2016,1.2
blr,2000,0.99
blr,2001,0.98
blr,2002,0.95
blr,2003,0.91
blr,2004,0.87
blr,2005,1.2
blr,2006,1.5
blr,2007,1.8
blr,2008,2.2
blr,2009,2.4
blr,2010,2.6
blr,2011,2.8
blr,2012,2.8
blr,2013,3.2
blr,2014,3.7
blr,2015,3.7
blr,2016,4.2
bel,2000,0.94
bel,2001,0.97
bel,2002,0.88
bel,2003,0.77
bel,2004,0.81
bel,2005,0.72
bel,2006,0.67
bel,2007,0.6
bel,2008,0.57
bel,2009,0.54
bel,2010,0.59
bel,2011,0.62
bel,2012,0.63
bel,2013,0.68
bel,2014,0.71
bel,2015,0.74
bel,2016,0.78
blz,2000,7.2
blz,2001,8.9
blz,2002,8.6
blz,2003,6.1
blz,2004,5.3
blz,2005,9.8
blz,2006,5.5
blz,2007,3.9
blz,2008,6.8
blz,2009,6.8
blz,2010,12.0
blz,2011,6.5
blz,2012,6.5
blz,2013,11.0
blz,2014,6.4
blz,2015,6.9
blz,2016,11.0
ben,2000,13.0
ben,2001,12.0
ben,2002,12.0
ben,2003,11.0
ben,2004,11.0
ben,2005,11.0
ben,2006,10.0
ben,2007,11.0
ben,2008,11.0
ben,2009,11.0
ben,2010,11.0
ben,2011,12.0
ben,2012,10.0
ben,2013,10.0
ben,2014,9.6
ben,2015,9.2
ben,2016,8.7
bmu,2000,0.0
bmu,2001,0.0
bmu,2002,0.0
bmu,2003,0.0
bmu,2004,0.0
bmu,2005,0.0
bmu,2006,0.0
bmu,2007,0.0
bmu,2008,0.0
bmu,2009,0.0
bmu,2010,0.0
bmu,2011,0.0
bmu,2012,0.0
bmu,2013,0.0
bmu,2014,0.0
bmu,2015,0.0
bmu,2016,0.0
btn,2000,0.0
btn,2001,0.0
btn,2002,0.0
btn,2003,0.0
btn,2004,0.0
btn,2005,0.0
btn,2006,0.0
btn,2007,0.0
btn,2008,0.0
btn,2009,0.0
btn,2010,0.0
btn,2011,0.0
btn,2012,0.0
btn,2013,0.65
btn,2014,1.7
btn,2015,1.4
btn,2016,0.94
bol,2000,6.0
bol,2001,5.8
bol,2002,5.6
bol,2003,5.5
bol,2004,5.3
bol,2005,5.1
bol,2006,5.0
bol,2007,4.8
bol,2008,4.7
bol,2009,4.5
bol,2010,4.4
bol,2011,4.2
bol,2012,4.1
bol,2013,3.5
bol,2014,5.0
bol,2015,5.1
bol,2016,4.6
bih,2000,0.1
bih,2001,0.09
bih,2002,0.06
bih,2003,0.06
bih,2004,0.08
bih,2005,0.07
bih,2006,0.07
bih,2007,0.1
bih,2008,0.08
bih,2009,0.08
bih,2010,0.07
bih,2011,0.07
bih,2012,0.08
bih,2013,0.08
bih,2014,0.08
bih,2015,0.07
bih,2016,0.06
bwa,2000,644.0
bwa,2001,626.0
bwa,2002,603.0
bwa,2003,575.0
bwa,2004,545.0
bwa,2005,514.0
bwa,2006,482.0
bwa,2007,442.0
bwa,2008,403.0
bwa,2009,368.0
bwa,2010,334.0
bwa,2011,301.0
bwa,2012,271.0
bwa,2013,248.0
bwa,2014,229.0
bwa,2015,212.0
bwa,2016,196.0
bra,2000,9.0
bra,2001,8.5
bra,2002,9.2
bra,2003,9.4
bra,2004,9.5
bra,2005,8.7
bra,2006,8.2
bra,2007,8.3
bra,2008,8.6
bra,2009,8.2
bra,2010,7.7
bra,2011,7.5
bra,2012,6.9
bra,2013,7.2
bra,2014,6.4
bra,2015,5.8
bra,2016,5.2
brn,2000,0.56
brn,2001,0.39
brn,2002,0.4
brn,2003,0.36
brn,2004,0.31
brn,2005,0.63
brn,2006,0.16
brn,2007,0.0
brn,2008,0.0
brn,2009,0.6
brn,2010,0.3
brn,2011,0.88
brn,2012,0.58
brn,2013,0.0
brn,2014,0.0
brn,2015,0.28
brn,2016,0.82
bgr,2000,0.06
bgr,2001,0.07
bgr,2002,0.06
bgr,2003,0.06
bgr,2004,0.06
bgr,2005,0.06
bgr,2006,0.06
bgr,2007,0.05
bgr,2008,0.06
bgr,2009,0.05
bgr,2010,0.05
bgr,2011,0.11
bgr,2012,0.07
bgr,2013,0.1
bgr,2014,0.07
bgr,2015,0.05
bgr,2016,0.03
bfa,2000,23.0
bfa,2001,22.0
bfa,2002,22.0
bfa,2003,21.0
bfa,2004,21.0
bfa,2005,21.0
bfa,2006,20.0
bfa,2007,17.0
bfa,2008,15.0
bfa,2009,12.0
bfa,2010,10.0
bfa,2011,9.2
bfa,2012,8.1
bfa,2013,6.9
bfa,2014,6.1
bfa,2015,5.3
bfa,2016,4.7
bdi,2000,66.0
bdi,2001,62.0
bdi,2002,57.0
bdi,2003,52.0
bdi,2004,48.0
bdi,2005,45.0
bdi,2006,41.0
bdi,2007,39.0
bdi,2008,37.0
bdi,2009,35.0
bdi,2010,33.0
bdi,2011,30.0
bdi,2012,25.0
bdi,2013,19.0
bdi,2014,17.0
bdi,2015,16.0
bdi,2016,14.0
cpv,2000,7.5
cpv,2001,7.5
cpv,2002,7.4
cpv,2003,7.3
cpv,2004,7.3
cpv,2005,7.2
cpv,2006,11.0
cpv,2007,16.0
cpv,2008,21.0
cpv,2009,23.0
cpv,2010,23.0
cpv,2011,20.0
cpv,2012,16.0
cpv,2013,12.0
cpv,2014,13.0
cpv,2015,16.0
cpv,2016,11.0
khm,2000,65.0
khm,2001,62.0
khm,2002,58.0
khm,2003,53.0
khm,2004,49.0
khm,2005,45.0
khm,2006,42.0
khm,2007,39.0
khm,2008,39.0
khm,2009,34.0
khm,2010,27.0
khm,2011,23.0
khm,2012,18.0
khm,2013,15.0
khm,2014,11.0
khm,2015,9.5
khm,2016,8.5
cmr,2000,120.0
cmr,2001,123.0
cmr,2002,125.0
cmr,2003,125.0
cmr,2004,123.0
cmr,2005,121.0
cmr,2006,118.0
cmr,2007,114.0
cmr,2008,109.0
cmr,2009,98.0
cmr,2010,94.0
cmr,2011,93.0
cmr,2012,92.0
cmr,2013,89.0
cmr,2014,82.0
cmr,2015,76.0
cmr,2016,70.0
can,2000,0.82
can,2001,0.83
can,2002,0.78
can,2003,0.75
can,2004,0.71
can,2005,0.7
can,2006,0.69
can,2007,0.67
can,2008,0.68
can,2009,0.27
can,2010,0.18
can,2011,0.19
can,2012,0.27
can,2013,0.36
can,2014,0.4
can,2015,0.42
can,2016,0.41
cym,2000,0.0
cym,2001,0.0
cym,2002,0.0
cym,2003,0.0
cym,2004,0.0
cym,2005,0.0
cym,2006,0.0
cym,2007,0.0
cym,2008,0.0
cym,2009,0.0
cym,2010,0.0
cym,2011,0.0
cym,2012,0.0
cym,2013,2.0
cym,2014,0.0
cym,2015,2.7
cym,2016,1.1
caf,2000,708.0
caf,2001,609.0
caf,2002,522.0
caf,2003,442.0
caf,2004,378.0
caf,2005,325.0
caf,2006,280.0
caf,2007,242.0
caf,2008,211.0
caf,2009,187.0
caf,2010,169.0
caf,2011,155.0
caf,2012,142.0
caf,2013,131.0
caf,2014,134.0
caf,2015,133.0
caf,2016,134.0
tcd,2000,41.0
tcd,2001,36.0
tcd,2002,34.0
tcd,2003,31.0
tcd,2004,29.0
tcd,2005,28.0
tcd,2006,27.0
tcd,2007,26.0
tcd,2008,25.0
tcd,2009,24.0
tcd,2010,24.0
tcd,2011,24.0
tcd,2012,23.0
tcd,2013,22.0
tcd,2014,23.0
tcd,2015,20.0
tcd,2016,20.0
chl,2000,2.4
chl,2001,2.1
chl,2002,1.7
chl,2003,1.4
chl,2004,1.6
chl,2005,2.1
chl,2006,1.3
chl,2007,1.1
chl,2008,1.1
chl,2009,1.9
chl,2010,1.5
chl,2011,2.3
chl,2012,2.1
chl,2013,1.5
chl,2014,1.5
chl,2015,1.9
chl,2016,2.6
chn,2000,1.4
chn,2001,1.2
chn,2002,1.1
chn,2003,1.0
chn,2004,1.0
chn,2005,1.0
chn,2006,0.98
chn,2007,0.95
chn,2008,0.92
chn,2009,0.89
chn,2010,0.85
chn,2011,0.85
chn,2012,0.85
chn,2013,0.81
chn,2014,0.8
chn,2015,0.77
chn,2016,0.76
hkg,2000,0.12
hkg,2001,0.13
hkg,2002,0.12
hkg,2003,0.11
hkg,2004,0.23
hkg,2005,0.38
hkg,2006,0.51
hkg,2007,0.56
hkg,2008,0.56
hkg,2009,0.53
hkg,2010,0.52
hkg,2011,0.49
hkg,2012,0.49
hkg,2013,0.48
hkg,2014,0.49
hkg,2015,0.49
hkg,2016,0.53
mac,2000,0.21
mac,2001,0.22
mac,2002,0.18
mac,2003,0.17
mac,2004,0.21
mac,2005,0.29
mac,2006,0.33
mac,2007,0.3
mac,2008,0.29
mac,2009,0.23
mac,2010,0.39
mac,2011,0.59
mac,2012,0.78
mac,2013,0.92
mac,2014,0.81
mac,2015,0.66
mac,2016,0.65
col,2000,1.6
col,2001,1.6
col,2002,1.6
col,2003,1.6
col,2004,1.5
col,2005,1.4
col,2006,1.6
col,2007,2.0
col,2008,2.7
col,2009,3.6
col,2010,4.7
col,2011,5.5
col,2012,5.3
col,2013,4.6
col,2014,4.2
col,2015,4.2
col,2016,4.4
com,2000,0.0
com,2001,0.0
com,2002,0.0
com,2003,0.0
com,2004,0.0
com,2005,0.65
com,2006,0.63
com,2007,0.13
com,2008,0.03
com,2009,0.04
com,2010,0.12
com,2011,0.46
com,2012,1.1
com,2013,1.1
com,2014,1.1
com,2015,1.1
com,2016,1.1
cog,2000,170.0
cog,2001,159.0
cog,2002,152.0
cog,2003,143.0
cog,2004,138.0
cog,2005,132.0
cog,2006,127.0
cog,2007,120.0
cog,2008,114.0
cog,2009,109.0
cog,2010,108.0
cog,2011,107.0
cog,2012,107.0
cog,2013,106.0
cog,2014,105.0
cog,2015,101.0
cog,2016,100.0
cok,2000,0.0
cok,2001,0.0
cok,2002,0.0
cok,2003,0.0
cok,2004,0.0
cok,2005,0.0
cok,2006,0.0
cok,2007,0.0
cok,2008,0.0
cok,2009,0.0
cok,2010,0.0
cok,2011,0.0
cok,2012,0.0
cok,2013,0.01
cok,2014,0.01
cok,2015,0.0
cok,2016,0.01
cri,2000,0.99
cri,2001,1.0
cri,2002,0.89
cri,2003,0.88
cri,2004,1.5
cri,2005,1.4
cri,2006,1.4
cri,2007,1.6
cri,2008,1.3
cri,2009,1.1
cri,2010,1.5
cri,2011,1.3
cri,2012,1.2
cri,2013,1.0
cri,2014,1.1
cri,2015,0.96
cri,2016,0.81
civ,2000,111.0
civ,2001,106.0
civ,2002,100.0
civ,2003,94.0
civ,2004,87.0
civ,2005,81.0
civ,2006,76.0
civ,2007,71.0
civ,2008,66.0
civ,2009,58.0
civ,2010,51.0
civ,2011,48.0
civ,2012,47.0
civ,2013,42.0
civ,2014,40.0
civ,2015,37.0
civ,2016,33.0
hrv,2000,0.17
hrv,2001,0.13
hrv,2002,0.13
hrv,2003,0.13
hrv,2004,0.11
hrv,2005,0.11
hrv,2006,0.11
hrv,2007,0.11
hrv,2008,0.12
hrv,2009,0.11
hrv,2010,0.1
hrv,2011,0.09
hrv,2012,0.09
hrv,2013,0.09
hrv,2014,0.09
hrv,2015,0.09
hrv,2016,0.08
cub,2000,0.01
cub,2001,0.01
cub,2002,0.01
cub,2003,0.01
cub,2004,0.01
cub,2005,0.01
cub,2006,0.01
cub,2007,0.02
cub,2008,0.03
cub,2009,0.47
cub,2010,0.55
cub,2011,0.28
cub,2012,0.71
cub,2013,0.87
cub,2014,0.87
cub,2015,0.78
cub,2016,0.6
cuw,2010,1.3
cuw,2011,0.76
cuw,2012,0.75
cuw,2013,0.0
cuw,2014,0.73
cuw,2015,0.25
cuw,2016,0.0
cyp,2000,0.12
cyp,2001,0.13
cyp,2002,0.07
cyp,2003,0.1
cyp,2004,0.08
cyp,2005,0.13
cyp,2006,0.08
cyp,2007,0.08
cyp,2008,0.09
cyp,2009,0.16
cyp,2010,0.14
cyp,2011,0.19
cyp,2012,0.2
cyp,2013,0.09
cyp,2014,0.08
cyp,2015,0.15
cyp,2016,0.2
cze,2000,0.08
cze,2001,0.07
cze,2002,0.06
cze,2003,0.06
cze,2004,0.06
cze,2005,0.08
cze,2006,0.05
cze,2007,0.04
cze,2008,0.04
cze,2009,0.06
cze,2010,0.05
cze,2011,0.07
cze,2012,0.07
cze,2013,0.04
cze,2014,0.04
cze,2015,0.06
cze,2016,0.09
prk,2000,1.0
prk,2001,0.9
prk,2002,0.87
prk,2003,0.84
prk,2004,0.86
prk,2005,0.88
prk,2006,0.92
prk,2007,0.94
prk,2008,0.97
prk,2009,0.99
prk,2010,1.0
prk,2011,1.1
prk,2012,1.1
prk,2013,1.1
prk,2014,1.1
prk,2015,1.1
prk,2016,1.1
cod,2000,94.0
cod,2001,82.0
cod,2002,73.0
cod,2003,66.0
cod,2004,62.0
cod,2005,58.0
cod,2006,54.0
cod,2007,51.0
cod,2008,47.0
cod,2009,44.0
cod,2010,41.0
cod,2011,39.0
cod,2012,36.0
cod,2013,33.0
cod,2014,31.0
cod,2015,28.0
cod,2016,26.0
dnk,2000,0.23
dnk,2001,0.19
dnk,2002,0.16
dnk,2003,0.15
dnk,2004,0.14
dnk,2005,0.0
dnk,2006,0.0
dnk,2007,0.0
dnk,2008,0.01
dnk,2009,0.25
dnk,2010,0.21
dnk,2011,0.27
dnk,2012,0.21
dnk,2013,0.2
dnk,2014,0.18
dnk,2015,0.19
dnk,2016,0.18
dji,2000,94.0
dji,2001,97.0
dji,2002,73.0
dji,2003,72.0
dji,2004,65.0
dji,2005,67.0
dji,2006,64.0
dji,2007,67.0
dji,2008,59.0
dji,2009,56.0
dji,2010,70.0
dji,2011,73.0
dji,2012,70.0
dji,2013,54.0
dji,2014,26.0
dji,2015,21.0
dji,2016,18.0
dma,2000,1.2
dma,2001,1.5
dma,2002,0.82
dma,2003,2.2
dma,2004,2.6
dma,2005,3.0
dma,2006,7.7
dma,2007,1.2
dma,2008,5.3
dma,2009,1.6
dma,2010,0.16
dma,2011,0.0
dma,2012,5.6
dma,2013,4.8
dma,2014,0.53
dma,2015,0.0
dma,2016,1.6
dom,2000,8.5
dom,2001,8.2
dom,2002,7.9
dom,2003,7.6
dom,2004,7.3
dom,2005,7.0
dom,2006,6.7
dom,2007,6.5
dom,2008,6.4
dom,2009,6.3
dom,2010,6.2
dom,2011,6.5
dom,2012,8.9
dom,2013,12.0
dom,2014,14.0
dom,2015,15.0
dom,2016,14.0
ecu,2000,7.7
ecu,2001,7.1
ecu,2002,6.6
ecu,2003,6.1
ecu,2004,5.8
ecu,2005,5.5
ecu,2006,5.2
ecu,2007,5.0
ecu,2008,4.8
ecu,2009,4.9
ecu,2010,4.8
ecu,2011,6.0
ecu,2012,7.0
ecu,2013,6.9
ecu,2014,6.9
ecu,2015,6.7
ecu,2016,6.5
egy,2000,0.03
egy,2001,0.02
egy,2002,0.02
egy,2003,0.02
egy,2004,0.02
egy,2005,0.02
egy,2006,0.02
egy,2007,0.02
egy,2008,0.03
egy,2009,0.03
egy,2010,0.03
egy,2011,0.03
egy,2012,0.03
egy,2013,0.03
egy,2014,0.03
egy,2015,0.03
egy,2016,0.03
slv,2000,2.6
slv,2001,2.6
slv,2002,2.7
slv,2003,2.4
slv,2004,2.8
slv,2005,4.0
slv,2006,3.9
slv,2007,4.2
slv,2008,4.3
slv,2009,4.0
slv,2010,3.9
slv,2011,4.1
slv,2012,4.3
slv,2013,4.2
slv,2014,3.9
slv,2015,3.8
slv,2016,4.1
gnq,2000,5.3
gnq,2001,5.4
gnq,2002,5.6
gnq,2003,5.7
gnq,2004,5.8
gnq,2005,5.9
gnq,2006,6.1
gnq,2007,6.2
gnq,2008,6.5
gnq,2009,16.0
gnq,2010,37.0
gnq,2011,48.0
gnq,2012,54.0
gnq,2013,57.0
gnq,2014,65.0
gnq,2015,86.0
gnq,2016,91.0
eri,2000,32.0
eri,2001,31.0
eri,2002,31.0
eri,2003,37.0
eri,2004,32.0
eri,2005,27.0
eri,2006,22.0
eri,2007,26.0
eri,2008,21.0
eri,2009,20.0
eri,2010,19.0
eri,2011,20.0
eri,2012,9.7
eri,2013,6.7
eri,2014,5.0
eri,2015,3.8
eri,2016,4.4
est,2000,3.4
est,2001,3.2
est,2002,3.0
est,2003,2.8
est,2004,2.6
est,2005,3.0
est,2006,3.3
est,2007,3.4
est,2008,3.3
est,2009,3.1
est,2010,3.0
est,2011,3.3
est,2012,3.5
est,2013,3.0
est,2014,2.6
est,2015,2.1
est,2016,1.8
swz,2000,674.0
swz,2001,694.0
swz,2002,760.0
swz,2003,868.0
swz,2004,897.0
swz,2005,958.0
swz,2006,980.0
swz,2007,951.0
swz,2008,943.0
swz,2009,1060.0
swz,2010,1020.0
swz,2011,791.0
swz,2012,642.0
swz,2013,578.0
swz,2014,472.0
swz,2015,350.0
swz,2016,280.0
eth,2000,59.0
eth,2001,57.0
eth,2002,55.0
eth,2003,53.0
eth,2004,50.0
eth,2005,48.0
eth,2006,45.0
eth,2007,43.0
eth,2008,41.0
eth,2009,40.0
eth,2010,38.0
eth,2011,35.0
eth,2012,33.0
eth,2013,25.0
eth,2014,20.0
eth,2015,16.0
eth,2016,13.0
fji,2000,0.21
fji,2001,0.27
fji,2002,0.22
fji,2003,0.27
fji,2004,0.0
fji,2005,0.15
fji,2006,0.06
fji,2007,0.04
fji,2008,0.0
fji,2009,0.06
fji,2010,0.17
fji,2011,0.64
fji,2012,0.98
fji,2013,1.3
fji,2014,1.6
fji,2015,0.93
fji,2016,1.1
fin,2000,0.32
fin,2001,0.26
fin,2002,0.25
fin,2003,0.2
fin,2004,0.15
fin,2005,0.22
fin,2006,0.11
fin,2007,0.11
fin,2008,0.11
fin,2009,0.25
fin,2010,0.15
fin,2011,0.24
fin,2012,0.17
fin,2013,0.12
fin,2014,0.11
fin,2015,0.14
fin,2016,0.17
fra,2000,1.6
fra,2001,1.4
fra,2002,1.3
fra,2003,1.2
fra,2004,0.98
fra,2005,1.3
fra,2006,0.75
fra,2007,0.74
fra,2008,0.71
fra,2009,1.1
fra,2010,0.81
fra,2011,1.2
fra,2012,1.1
fra,2013,0.74
fra,2014,0.68
fra,2015,0.79
fra,2016,1.0
gab,2000,176.0
gab,2001,187.0
gab,2002,196.0
gab,2003,202.0
gab,2004,204.0
gab,2005,202.0
gab,2006,197.0
gab,2007,189.0
gab,2008,171.0
gab,2009,142.0
gab,2010,112.0
gab,2011,86.0
gab,2012,69.0
gab,2013,47.0
gab,2014,53.0
gab,2015,77.0
gab,2016,102.0
gmb,2000,30.0
gmb,2001,30.0
gmb,2002,31.0
gmb,2003,31.0
gmb,2004,31.0
gmb,2005,30.0
gmb,2006,30.0
gmb,2007,30.0
gmb,2008,29.0
gmb,2009,29.0
gmb,2010,33.0
gmb,2011,35.0
gmb,2012,28.0
gmb,2013,24.0
gmb,2014,34.0
gmb,2015,30.0
gmb,2016,32.0
geo,2000,5.1
geo,2001,4.9
geo,2002,4.6
geo,2003,4.2
geo,2004,3.9
geo,2005,3.5
geo,2006,3.2
geo,2007,3.0
geo,2008,2.8
geo,2009,2.7
geo,2010,2.6
geo,2011,2.5
geo,2012,2.4
geo,2013,2.3
geo,2014,2.3
geo,2015,2.8
geo,2016,2.0
deu,2000,0.64
deu,2001,0.43
deu,2002,0.41
deu,2003,0.36
deu,2004,0.31
deu,2005,0.39
deu,2006,0.21
deu,2007,0.17
deu,2008,0.15
deu,2009,0.26
deu,2010,0.19
deu,2011,0.3
deu,2012,0.27
deu,2013,0.19
deu,2014,0.19
deu,2015,0.29
deu,2016,0.43
gha,2000,33.0
gha,2001,32.0
gha,2002,32.0
gha,2003,32.0
gha,2004,31.0
gha,2005,31.0
gha,2006,30.0
gha,2007,29.0
gha,2008,31.0
gha,2009,35.0
gha,2010,46.0
gha,2011,43.0
gha,2012,41.0
gha,2013,40.0
gha,2014,39.0
gha,2015,37.0
gha,2016,35.0
grc,2000,0.52
grc,2001,0.33
grc,2002,0.37
grc,2003,0.34
grc,2004,0.4
grc,2005,0.52
grc,2006,0.27
grc,2007,0.24
grc,2008,0.22
grc,2009,0.36
grc,2010,0.22
grc,2011,0.35
grc,2012,0.36
grc,2013,0.23
grc,2014,0.23
grc,2015,0.25
grc,2016,0.35
grd,2000,0.0
grd,2001,0.0
grd,2002,0.0
grd,2003,0.0
grd,2004,0.0
grd,2005,0.0
grd,2006,0.0
grd,2007,0.03
grd,2008,0.14
grd,2009,1.1
grd,2010,1.1
grd,2011,0.0
grd,2012,0.0
grd,2013,0.0
grd,2014,0.0
grd,2015,2.2
grd,2016,0.0
gum,2000,0.03
gum,2001,0.04
gum,2002,0.03
gum,2003,0.01
gum,2004,0.03
gum,2005,0.05
gum,2006,0.05
gum,2007,0.0
gum,2008,0.26
gum,2009,0.38
gum,2010,0.3
gum,2011,0.14
gum,2012,0.07
gum,2013,0.04
gum,2014,0.0
gum,2015,0.05
gum,2016,0.06
gtm,2000,6.0
gtm,2001,4.9
gtm,2002,5.7
gtm,2003,5.1
gtm,2004,6.2
gtm,2005,7.0
gtm,2006,6.5
gtm,2007,5.5
gtm,2008,4.7
gtm,2009,3.6
gtm,2010,3.6
gtm,2011,2.9
gtm,2012,2.9
gtm,2013,2.5
gtm,2014,2.0
gtm,2015,2.0
gtm,2016,1.9
gin,2000,40.0
gin,2001,39.0
gin,2002,38.0
gin,2003,38.0
gin,2004,37.0
gin,2005,36.0
gin,2006,36.0
gin,2007,35.0
gin,2008,34.0
gin,2009,33.0
gin,2010,45.0
gin,2011,47.0
gin,2012,44.0
gin,2013,42.0
gin,2014,42.0
gin,2015,43.0
gin,2016,43.0
gnb,2000,127.0
gnb,2001,132.0
gnb,2002,137.0
gnb,2003,142.0
gnb,2004,147.0
gnb,2005,150.0
gnb,2006,152.0
gnb,2007,153.0
gnb,2008,153.0
gnb,2009,154.0
gnb,2010,155.0
gnb,2011,156.0
gnb,2012,149.0
gnb,2013,159.0
gnb,2014,137.0
gnb,2015,97.0
gnb,2016,120.0
guy,2000,11.0
guy,2001,11.0
guy,2002,15.0
guy,2003,16.0
guy,2004,15.0
guy,2005,16.0
guy,2006,24.0
guy,2007,33.0
guy,2008,30.0
guy,2009,35.0
guy,2010,31.0
guy,2011,32.0
guy,2012,34.0
guy,2013,30.0
guy,2014,23.0
guy,2015,23.0
guy,2016,22.0
hti,2000,67.0
hti,2001,68.0
hti,2002,68.0
hti,2003,68.0
hti,2004,68.0
hti,2005,67.0
hti,2006,66.0
hti,2007,63.0
hti,2008,57.0
hti,2009,52.0
hti,2010,47.0
hti,2011,45.0
hti,2012,43.0
hti,2013,40.0
hti,2014,37.0
hti,2015,32.0
hti,2016,28.0
hnd,2000,5.7
hnd,2001,4.4
hnd,2002,3.8
hnd,2003,3.3
hnd,2004,4.0
hnd,2005,4.7
hnd,2006,5.4
hnd,2007,5.2
hnd,2008,5.4
hnd,2009,5.5
hnd,2010,5.3
hnd,2011,5.5
hnd,2012,4.8
hnd,2013,4.6
hnd,2014,4.0
hnd,2015,3.9
hnd,2016,3.4
hun,2000,0.7
hun,2001,0.6
hun,2002,0.55
hun,2003,0.49
hun,2004,0.39
hun,2005,0.44
hun,2006,0.24
hun,2007,0.2
hun,2008,0.18
hun,2009,0.29
hun,2010,0.27
hun,2011,0.36
hun,2012,0.29
hun,2013,0.18
hun,2014,0.14
hun,2015,0.18
hun,2016,0.24
isl,2000,0.53
isl,2001,0.49
isl,2002,0.32
isl,2003,0.2
isl,2004,0.43
isl,2005,0.55
isl,2006,0.9
isl,2007,1.1
isl,2008,0.54
isl,2009,0.27
isl,2010,0.12
isl,2011,0.0
isl,2012,0.0
isl,2013,0.0
isl,2014,0.0
isl,2015,0.0
isl,2016,0.0
ind,2000,20.0
ind,2001,20.0
ind,2002,20.0
ind,2003,20.0
ind,2004,20.0
ind,2005,20.0
ind,2006,19.0
ind,2007,19.0
ind,2008,18.0
ind,2009,16.0
ind,2010,15.0
ind,2011,14.0
ind,2012,13.0
ind,2013,11.0
ind,2014,9.5
ind,2015,8.6
ind,2016,6.6
idn,2000,6.3
idn,2001,7.0
idn,2002,8.3
idn,2003,9.6
idn,2004,11.0
idn,2005,13.0
idn,2006,14.0
idn,2007,16.0
idn,2008,17.0
idn,2009,17.0
idn,2010,18.0
idn,2011,19.0
idn,2012,19.0
idn,2013,19.0
idn,2014,19.0
idn,2015,18.0
idn,2016,17.0
irn,2000,0.25
irn,2001,0.26
irn,2002,0.27
irn,2003,0.27
irn,2004,0.27
irn,2005,0.26
irn,2006,0.28
irn,2007,0.28
irn,2008,0.29
irn,2009,0.31
irn,2010,0.32
irn,2011,0.33
irn,2012,0.33
irn,2013,0.31
irn,2014,0.28
irn,2015,0.37
irn,2016,0.44
irq,2000,0.01
irq,2001,0.01
irq,2002,0.01
irq,2003,0.01
irq,2004,0.01
irq,2005,0.01
irq,2006,0.01
irq,2007,0.01
irq,2008,0.01
irq,2009,0.01
irq,2010,0.01
irq,2011,0.01
irq,2012,0.01
irq,2013,0.02
irq,2014,0.03
irq,2015,0.04
irq,2016,0.04
irl,2000,0.84
irl,2001,0.76
irl,2002,0.69
irl,2003,0.65
irl,2004,0.61
irl,2005,0.84
irl,2006,0.5
irl,2007,0.43
irl,2008,0.39
irl,2009,0.66
irl,2010,0.45
irl,2011,0.68
irl,2012,0.53
irl,2013,0.37
irl,2014,0.3
irl,2015,0.35
irl,2016,0.5
isr,2000,0.7
isr,2001,0.61
isr,2002,0.51
isr,2003,0.47
isr,2004,0.41
isr,2005,0.3
isr,2006,0.25
isr,2007,0.27
isr,2008,0.23
isr,2009,0.24
isr,2010,0.22
isr,2011,0.27
isr,2012,0.24
isr,2013,0.21
isr,2014,0.36
isr,2015,0.2
isr,2016,0.25
ita,2000,1.0
ita,2001,1.1
ita,2002,0.98
ita,2003,0.94
ita,2004,0.8
ita,2005,1.0
ita,2006,0.64
ita,2007,0.37
ita,2008,0.52
ita,2009,0.86
ita,2010,0.72
ita,2011,0.8
ita,2012,0.64
ita,2013,0.42
ita,2014,0.45
ita,2015,0.54
ita,2016,0.69
jam,2000,2.3
jam,2001,2.1
jam,2002,1.9
jam,2003,2.1
jam,2004,1.8
jam,2005,1.2
jam,2006,1.2
jam,2007,1.2
jam,2008,1.1
jam,2009,1.4
jam,2010,1.3
jam,2011,0.99
jam,2012,0.79
jam,2013,0.71
jam,2014,0.87
jam,2015,1.4
jam,2016,1.9
jpn,2000,0.13
jpn,2001,0.11
jpn,2002,0.1
jpn,2003,0.1
jpn,2004,0.09
jpn,2005,0.09
jpn,2006,0.08
jpn,2007,0.08
jpn,2008,0.11
jpn,2009,0.09
jpn,2010,0.09
jpn,2011,0.09
jpn,2012,0.08
jpn,2013,0.08
jpn,2014,0.08
jpn,2015,0.07
jpn,2016,0.07
jor,2000,0.0
jor,2001,0.0
jor,2002,0.0
jor,2003,0.0
jor,2004,0.0
jor,2005,0.0
jor,2006,0.0
jor,2007,0.0
jor,2008,0.0
jor,2009,0.0
jor,2010,0.0
jor,2011,0.01
jor,2012,0.0
jor,2013,0.0
jor,2014,0.01
jor,2015,0.01
jor,2016,0.01
kaz,2000,1.3
kaz,2001,1.5
kaz,2002,1.5
kaz,2003,1.6
kaz,2004,1.6
kaz,2005,1.5
kaz,2006,0.93
kaz,2007,0.5
kaz,2008,0.59
kaz,2009,1.1
kaz,2010,1.9
kaz,2011,2.8
kaz,2012,2.5
kaz,2013,2.8
kaz,2014,3.7
kaz,2015,3.1
kaz,2016,3.2
ken,2000,231.0
ken,2001,256.0
ken,2002,274.0
ken,2003,313.0
ken,2004,325.0
ken,2005,323.0
ken,2006,332.0
ken,2007,297.0
ken,2008,257.0
ken,2009,247.0
ken,2010,220.0
ken,2011,200.0
ken,2012,179.0
ken,2013,164.0
ken,2014,149.0
ken,2015,127.0
ken,2016,109.0
kir,2000,159.0
kir,2001,117.0
kir,2002,119.0
kir,2003,170.0
kir,2004,182.0
kir,2005,191.0
kir,2006,213.0
kir,2007,184.0
kir,2008,181.0
kir,2009,147.0
kir,2010,2.0
kir,2011,0.41
kir,2012,0.41
kir,2013,0.57
kir,2014,2.0
kir,2015,2.3
kir,2016,2.4
kwt,2000,0.17
kwt,2001,0.11
kwt,2002,0.16
kwt,2003,0.21
kwt,2004,0.1
kwt,2005,0.15
kwt,2006,0.1
kwt,2007,0.09
kwt,2008,0.09
kwt,2009,0.16
kwt,2010,0.12
kwt,2011,0.0
kwt,2012,0.47
kwt,2013,0.27
kwt,2014,0.13
kwt,2015,0.09
kwt,2016,0.1
kgz,2000,4.1
kgz,2001,4.2
kgz,2002,4.1
kgz,2003,4.0
kgz,2004,3.8
kgz,2005,3.5
kgz,2006,3.3
kgz,2007,3.0
kgz,2008,2.8
kgz,2009,2.1
kgz,2010,2.7
kgz,2011,3.2
kgz,2012,3.0
kgz,2013,3.6
kgz,2014,4.3
kgz,2015,4.6
kgz,2016,4.8
lao,2000,36.0
lao,2001,34.0
lao,2002,33.0
lao,2003,32.0
lao,2004,30.0
lao,2005,29.0
lao,2006,28.0
lao,2007,27.0
lao,2008,26.0
lao,2009,25.0
lao,2010,24.0
lao,2011,23.0
lao,2012,22.0
lao,2013,21.0
lao,2014,14.0
lao,2015,14.0
lao,2016,11.0
lva,2000,3.4
lva,2001,3.2
lva,2002,2.9
lva,2003,2.6
lva,2004,2.4
lva,2005,2.8
lva,2006,3.4
lva,2007,3.8
lva,2008,4.3
lva,2009,4.7
lva,2010,4.9
lva,2011,5.5
lva,2012,6.5
lva,2013,7.8
lva,2014,8.0
lva,2015,6.0
lva,2016,4.6
lbn,2000,1.7
lbn,2001,1.5
lbn,2002,1.2
lbn,2003,0.99
lbn,2004,0.98
lbn,2005,0.95
lbn,2006,0.89
lbn,2007,1.1
lbn,2008,1.2
lbn,2009,1.2
lbn,2010,0.35
lbn,2011,0.14
lbn,2012,0.1
lbn,2013,0.17
lbn,2014,0.16
lbn,2015,0.13
lbn,2016,0.1
lso,2000,753.0
lso,2001,822.0
lso,2002,880.0
lso,2003,924.0
lso,2004,955.0
lso,2005,970.0
lso,2006,969.0
lso,2007,955.0
lso,2008,929.0
lso,2009,901.0
lso,2010,854.0
lso,2011,792.0
lso,2012,731.0
lso,2013,673.0
lso,2014,617.0
lso,2015,568.0
lso,2016,525.0
lbr,2000,3.8
lbr,2001,3.9
lbr,2002,4.0
lbr,2003,4.1
lbr,2004,4.2
lbr,2005,4.3
lbr,2006,4.4
lbr,2007,4.4
lbr,2008,4.5
lbr,2009,12.0
lbr,2010,23.0
lbr,2011,31.0
lbr,2012,39.0
lbr,2013,47.0
lbr,2014,44.0
lbr,2015,40.0
lbr,2016,48.0
lby,2000,3.4
lby,2001,3.4
lby,2002,3.4
lby,2003,3.4
lby,2004,3.4
lby,2005,3.4
lby,2006,3.4
lby,2007,3.4
lby,2008,3.4
lby,2009,3.4
lby,2010,3.4
lby,2011,3.4
lby,2012,2.9
lby,2013,1.6
lby,2014,1.9
lby,2015,0.87
lby,2016,0.88
ltu,2000,0.33
ltu,2001,0.32
ltu,2002,0.31
ltu,2003,0.3
ltu,2004,0.28
ltu,2005,0.31
ltu,2006,0.34
ltu,2007,0.37
ltu,2008,0.42
ltu,2009,0.52
ltu,2010,0.68
ltu,2011,0.98
ltu,2012,1.6
ltu,2013,2.2
ltu,2014,2.0
ltu,2015,2.1
ltu,2016,1.7
lux,2000,1.7
lux,2001,1.1
lux,2002,1.0
lux,2003,1.6
lux,2004,0.87
lux,2005,1.4
lux,2006,0.72
lux,2007,0.76
lux,2008,0.51
lux,2009,0.81
lux,2010,0.66
lux,2011,0.83
lux,2012,1.3
lux,2013,0.76
lux,2014,0.45
lux,2015,0.65
lux,2016,0.85
mdg,2000,10.0
mdg,2001,8.9
mdg,2002,8.0
mdg,2003,7.2
mdg,2004,6.7
mdg,2005,6.2
mdg,2006,5.9
mdg,2007,5.5
mdg,2008,5.2
mdg,2009,5.0
mdg,2010,5.0
mdg,2011,5.0
mdg,2012,5.1
mdg,2013,5.1
mdg,2014,5.3
mdg,2015,5.4
mdg,2016,5.6
mwi,2000,277.0
mwi,2001,279.0
mwi,2002,280.0
mwi,2003,281.0
mwi,2004,281.0
mwi,2005,281.0
mwi,2006,277.0
mwi,2007,249.0
mwi,2008,237.0
mwi,2009,246.0
mwi,2010,245.0
mwi,2011,213.0
mwi,2012,177.0
mwi,2013,143.0
mwi,2014,120.0
mwi,2015,101.0
mwi,2016,85.0
mys,2000,6.2
mys,2001,6.0
mys,2002,5.7
mys,2003,6.1
mys,2004,7.0
mys,2005,8.2
mys,2006,9.0
mys,2007,9.0
mys,2008,8.9
mys,2009,8.0
mys,2010,7.1
mys,2011,6.3
mys,2012,6.2
mys,2013,5.9
mys,2014,5.6
mys,2015,5.2
mys,2016,5.4
mdv,2000,0.0
mdv,2001,0.0
mdv,2002,0.0
mdv,2003,0.0
mdv,2004,0.05
mdv,2005,0.05
mdv,2006,0.04
mdv,2007,0.05
mdv,2008,0.04
mdv,2009,0.04
mdv,2010,0.03
mdv,2011,0.03
mdv,2012,0.04
mdv,2013,0.0
mdv,2014,0.0
mdv,2015,0.0
mdv,2016,0.23
mli,2000,13.0
mli,2001,12.0
mli,2002,12.0
mli,2003,12.0
mli,2004,11.0
mli,2005,11.0
mli,2006,11.0
mli,2007,11.0
mli,2008,10.0
mli,2009,10.0
mli,2010,9.8
mli,2011,7.4
mli,2012,4.4
mli,2013,5.0
mli,2014,4.8
mli,2015,5.7
mli,2016,7.8
mlt,2000,0.24
mlt,2001,0.24
mlt,2002,0.36
mlt,2003,0.11
mlt,2004,0.27
mlt,2005,0.44
mlt,2006,0.73
mlt,2007,1.1
mlt,2008,1.5
mlt,2009,1.3
mlt,2010,0.87
mlt,2011,0.79
mlt,2012,0.4
mlt,2013,0.32
mlt,2014,0.42
mlt,2015,0.94
mlt,2016,3.5
mhl,2000,0.09
mhl,2001,0.14
mhl,2002,0.13
mhl,2003,0.15
mhl,2004,0.29
mhl,2005,0.28
mhl,2006,0.29
mhl,2007,0.41
mhl,2008,0.0
mhl,2009,1.1
mhl,2010,0.95
mhl,2011,0.53
mhl,2012,0.71
mhl,2013,0.9
mhl,2014,0.79
mhl,2015,1.9
mhl,2016,0.39
mrt,2000,33.0
mrt,2001,28.0
mrt,2002,25.0
mrt,2003,22.0
mrt,2004,20.0
mrt,2005,18.0
mrt,2006,16.0
mrt,2007,14.0
mrt,2008,13.0
mrt,2009,11.0
mrt,2010,10.0
mrt,2011,9.4
mrt,2012,8.4
mrt,2013,7.4
mrt,2014,6.7
mrt,2015,5.8
mrt,2016,5.1
mus,2000,0.43
mus,2001,0.43
mus,2002,0.42
mus,2003,0.42
mus,2004,0.54
mus,2005,0.73
mus,2006,0.98
mus,2007,1.3
mus,2008,1.7
mus,2009,1.6
mus,2010,1.7
mus,2011,1.7
mus,2012,2.0
mus,2013,2.4
mus,2014,2.7
mus,2015,2.9
mus,2016,2.9
mex,2000,1.1
mex,2001,1.1
mex,2002,1.0
mex,2003,1.1
mex,2004,0.85
mex,2005,1.0
mex,2006,0.99
mex,2007,1.0
mex,2008,1.0
mex,2009,0.99
mex,2010,1.2
mex,2011,1.4
mex,2012,2.0
mex,2013,1.5
mex,2014,1.7
mex,2015,2.1
mex,2016,2.9
fsm,2000,0.11
fsm,2001,0.12
fsm,2002,0.15
fsm,2003,0.12
fsm,2004,0.14
fsm,2005,0.12
fsm,2006,0.12
fsm,2007,0.17
fsm,2008,0.2
fsm,2009,0.18
fsm,2010,0.2
fsm,2011,0.18
fsm,2012,0.17
fsm,2013,0.18
fsm,2014,0.23
fsm,2015,0.12
fsm,2016,0.18
mng,2000,0.25
mng,2001,0.29
mng,2002,0.31
mng,2003,0.31
mng,2004,0.36
mng,2005,0.36
mng,2006,0.39
mng,2007,0.35
mng,2008,0.21
mng,2009,0.16
mng,2010,0.12
mng,2011,0.14
mng,2012,0.21
mng,2013,0.29
mng,2014,0.35
mng,2015,0.4
mng,2016,0.4
mne,2005,0.02
mne,2006,0.02
mne,2007,0.02
mne,2008,0.02
mne,2009,0.05
mne,2010,0.07
mne,2011,0.03
mne,2012,0.04
mne,2013,0.09
mne,2014,0.12
mne,2015,0.16
mne,2016,0.03
mar,2000,1.2
mar,2001,1.1
mar,2002,1.1
mar,2003,1.0
mar,2004,1.0
mar,2005,1.1
mar,2006,1.1
mar,2007,1.1
mar,2008,1.2
mar,2009,1.2
mar,2010,1.3
mar,2011,1.3
mar,2012,1.3
mar,2013,1.3
mar,2014,1.3
mar,2015,1.3
mar,2016,1.3
moz,2000,250.0
moz,2001,250.0
moz,2002,251.0
moz,2003,252.0
moz,2004,253.0
moz,2005,254.0
moz,2006,256.0
moz,2007,258.0
moz,2008,314.0
moz,2009,342.0
moz,2010,341.0
moz,2011,332.0
moz,2012,321.0
moz,2013,299.0
moz,2014,289.0
moz,2015,271.0
moz,2016,249.0
mmr,2000,45.0
mmr,2001,45.0
mmr,2002,45.0
mmr,2003,45.0
mmr,2004,44.0
mmr,2005,44.0
mmr,2006,44.0
mmr,2007,43.0
mmr,2008,42.0
mmr,2009,41.0
mmr,2010,40.0
mmr,2011,38.0
mmr,2012,36.0
mmr,2013,34.0
mmr,2014,32.0
mmr,2015,32.0
mmr,2016,34.0
nam,2000,418.0
nam,2001,497.0
nam,2002,498.0
nam,2003,537.0
nam,2004,550.0
nam,2005,540.0
nam,2006,525.0
nam,2007,490.0
nam,2008,473.0
nam,2009,407.0
nam,2010,357.0
nam,2011,311.0
nam,2012,259.0
nam,2013,232.0
nam,2014,204.0
nam,2015,200.0
nam,2016,171.0
npl,2000,6.5
npl,2001,6.2
npl,2002,6.1
npl,2003,5.9
npl,2004,5.9
npl,2005,5.9
npl,2006,5.7
npl,2007,5.5
npl,2008,5.3
npl,2009,5.0
npl,2010,4.9
npl,2011,4.7
npl,2012,4.5
npl,2013,4.2
npl,2014,3.9
npl,2015,3.6
npl,2016,3.3
nld,2000,0.31
nld,2001,0.35
nld,2002,0.33
nld,2003,0.32
nld,2004,0.32
nld,2005,0.29
nld,2006,0.27
nld,2007,0.26
nld,2008,0.27
nld,2009,0.31
nld,2010,0.25
nld,2011,0.2
nld,2012,0.17
nld,2013,0.2
nld,2014,0.3
nld,2015,0.42
nld,2016,0.2
nzl,2000,0.15
nzl,2001,0.17
nzl,2002,0.14
nzl,2003,0.18
nzl,2004,0.16
nzl,2005,0.14
nzl,2006,0.14
nzl,2007,0.11
nzl,2008,0.12
nzl,2009,0.12
nzl,2010,0.12
nzl,2011,0.2
nzl,2012,0.13
nzl,2013,0.01
nzl,2014,0.07
nzl,2015,0.04
nzl,2016,0.01
nic,2000,2.5
nic,2001,2.5
nic,2002,2.1
nic,2003,2.3
nic,2004,2.2
nic,2005,1.8
nic,2006,1.9
nic,2007,2.2
nic,2008,2.2
nic,2009,2.1
nic,2010,2.2
nic,2011,2.2
nic,2012,2.4
nic,2013,2.5
nic,2014,2.7
nic,2015,2.5
nic,2016,2.2
ner,2000,21.0
ner,2001,20.0
ner,2002,18.0
ner,2003,17.0
ner,2004,17.0
ner,2005,16.0
ner,2006,15.0
ner,2007,14.0
ner,2008,14.0
ner,2009,13.0
ner,2010,12.0
ner,2011,11.0
ner,2012,9.5
ner,2013,8.2
ner,2014,6.5
ner,2015,5.3
ner,2016,4.6
nga,2000,59.0
nga,2001,59.0
nga,2002,59.0
nga,2003,59.0
nga,2004,59.0
nga,2005,59.0
nga,2006,59.0
nga,2007,59.0
nga,2008,59.0
nga,2009,57.0
nga,2010,55.0
nga,2011,55.0
nga,2012,52.0
nga,2013,47.0
nga,2014,42.0
nga,2015,38.0
nga,2016,34.0
mnp,2000,0.0
mnp,2001,0.0
mnp,2002,0.0
mnp,2003,0.0
mnp,2004,0.09
mnp,2005,0.0
mnp,2006,0.0
mnp,2007,0.09
mnp,2008,0.0
mnp,2009,0.07
mnp,2010,0.0
mnp,2011,0.24
mnp,2012,0.78
mnp,2013,2.1
mnp,2014,0.0
mnp,2015,0.12
mnp,2016,0.0
nor,2000,0.24
nor,2001,0.27
nor,2002,0.23
nor,2003,0.27
nor,2004,0.22
nor,2005,0.28
nor,2006,0.16
nor,2007,0.15
nor,2008,0.15
nor,2009,0.28
nor,2010,0.19
nor,2011,0.32
nor,2012,0.3
nor,2013,0.22
nor,2014,0.17
nor,2015,0.21
nor,2016,0.27
omn,2000,0.83
omn,2001,0.75
omn,2002,0.73
omn,2003,0.63
omn,2004,0.67
omn,2005,0.47
omn,2006,0.45
omn,2007,0.6
omn,2008,0.33
omn,2009,0.12
omn,2010,0.15
omn,2011,0.28
omn,2012,0.46
omn,2013,0.15
omn,2014,0.09
omn,2015,0.11
omn,2016,0.32
pak,2000,0.03
pak,2001,0.04
pak,2002,0.04
pak,2003,0.05
pak,2004,0.12
pak,2005,0.51
pak,2006,0.83
pak,2007,1.2
pak,2008,1.6
pak,2009,1.9
pak,2010,2.3
pak,2011,2.6
pak,2012,2.9
pak,2013,3.1
pak,2014,3.3
pak,2015,3.4
pak,2016,3.5
plw,2000,0.0
plw,2001,0.0
plw,2002,0.0
plw,2003,0.0
plw,2004,0.0
plw,2005,0.05
plw,2006,0.05
plw,2007,0.04
plw,2008,0.08
plw,2009,0.0
plw,2010,0.3
plw,2011,0.65
plw,2012,0.0
plw,2013,5.5
plw,2014,0.36
plw,2015,0.14
plw,2016,0.08
pan,2000,6.3
pan,2001,9.0
pan,2002,8.1
pan,2003,8.2
pan,2004,8.4
pan,2005,8.0
pan,2006,8.8
pan,2007,9.0
pan,2008,9.3
pan,2009,8.3
pan,2010,7.9
pan,2011,8.5
pan,2012,7.4
pan,2013,6.0
pan,2014,3.8
pan,2015,5.9
pan,2016,6.2
png,2000,58.0
png,2001,56.0
png,2002,54.0
png,2003,53.0
png,2004,52.0
png,2005,52.0
png,2006,51.0
png,2007,50.0
png,2008,49.0
png,2009,48.0
png,2010,48.0
png,2011,48.0
png,2012,47.0
png,2013,47.0
png,2014,46.0
png,2015,45.0
png,2016,44.0
pry,2000,0.85
pry,2001,0.88
pry,2002,0.88
pry,2003,0.94
pry,2004,0.94
pry,2005,0.86
pry,2006,0.96
pry,2007,0.88
pry,2008,2.0
pry,2009,3.9
pry,2010,5.2
pry,2011,4.7
pry,2012,3.8
pry,2013,4.0
pry,2014,3.9
pry,2015,3.8
pry,2016,4.0
per,2000,7.3
per,2001,7.0
per,2002,6.7
per,2003,5.9
per,2004,6.0
per,2005,6.0
per,2006,6.0
per,2007,5.6
per,2008,3.0
per,2009,2.3
per,2010,2.5
per,2011,3.7
per,2012,5.9
per,2013,7.3
per,2014,7.3
per,2015,7.1
per,2016,6.8
phl,2000,0.31
phl,2001,0.32
phl,2002,0.35
phl,2003,0.4
phl,2004,0.47
phl,2005,0.57
phl,2006,0.69
phl,2007,0.85
phl,2008,1.1
phl,2009,1.4
phl,2010,1.9
phl,2011,2.4
phl,2012,3.0
phl,2013,3.6
phl,2014,4.4
phl,2015,5.0
phl,2016,5.9
pol,2000,0.4
pol,2001,0.34
pol,2002,0.35
pol,2003,0.32
pol,2004,0.28
pol,2005,0.38
pol,2006,0.22
pol,2007,0.21
pol,2008,0.19
pol,2009,0.37
pol,2010,0.27
pol,2011,0.5
pol,2012,0.41
pol,2013,0.28
pol,2014,0.26
pol,2015,0.31
pol,2016,0.47
prt,2000,12.0
prt,2001,12.0
prt,2002,12.0
prt,2003,11.0
prt,2004,10.0
prt,2005,8.0
prt,2006,6.8
prt,2007,5.4
prt,2008,4.6
prt,2009,3.9
prt,2010,3.5
prt,2011,3.3
prt,2012,3.5
prt,2013,3.4
prt,2014,3.3
prt,2015,3.2
prt,2016,2.8
pri,2000,1.8
pri,2001,1.2
pri,2002,1.3
pri,2003,1.2
pri,2004,1.3
pri,2005,0.97
pri,2006,0.84
pri,2007,0.65
pri,2008,0.59
pri,2009,0.37
pri,2010,0.45
pri,2011,0.3
pri,2012,0.45
pri,2013,0.3
pri,2014,0.25
pri,2015,0.24
pri,2016,0.24
qat,2000,0.0
qat,2001,0.0
qat,2002,0.0
qat,2003,0.0
qat,2004,0.15
qat,2005,0.0
qat,2006,0.0
qat,2007,0.0
qat,2008,0.08
qat,2009,0.0
qat,2010,0.06
qat,2011,0.09
qat,2012,0.1
qat,2013,0.05
qat,2014,0.0
qat,2015,0.0
qat,2016,0.0
kor,2000,0.44
kor,2001,0.72
kor,2002,0.71
kor,2003,0.7
kor,2004,0.66
kor,2005,1.2
kor,2006,0.69
kor,2007,0.64
kor,2008,0.62
kor,2009,1.2
kor,2010,0.99
kor,2011,1.7
kor,2012,1.5
kor,2013,0.96
kor,2014,0.92
kor,2015,1.0
kor,2016,1.5
mda,2000,0.11
mda,2001,0.14
mda,2002,0.14
mda,2003,0.16
mda,2004,0.18
mda,2005,0.2
mda,2006,1.0
mda,2007,3.2
mda,2008,6.0
mda,2009,6.7
mda,2010,6.6
mda,2011,7.0
mda,2012,7.6
mda,2013,8.4
mda,2014,8.4
mda,2015,8.3
mda,2016,9.2
rou,2000,4.7
rou,2001,4.9
rou,2002,5.2
rou,2003,5.2
rou,2004,5.0
rou,2005,4.6
rou,2006,4.3
rou,2007,4.1
rou,2008,4.0
rou,2009,3.8
rou,2010,3.3
rou,2011,2.4
rou,2012,2.2
rou,2013,2.3
rou,2014,2.4
rou,2015,2.2
rou,2016,1.9
rus,2000,1.8
rus,2001,1.7
rus,2002,1.7
rus,2003,1.7
rus,2004,1.7
rus,2005,1.7
rus,2006,1.7
rus,2007,2.0
rus,2008,2.5
rus,2009,4.0
rus,2010,6.1
rus,2011,5.0
rus,2012,4.3
rus,2013,4.7
rus,2014,5.8
rus,2015,8.1
rus,2016,13.0
rwa,2000,44.0
rwa,2001,45.0
rwa,2002,45.0
rwa,2003,46.0
rwa,2004,46.0
rwa,2005,45.0
rwa,2006,41.0
rwa,2007,37.0
rwa,2008,34.0
rwa,2009,31.0
rwa,2010,28.0
rwa,2011,23.0
rwa,2012,20.0
rwa,2013,17.0
rwa,2014,16.0
rwa,2015,14.0
rwa,2016,12.0
kna,2000,0.0
kna,2001,5.0
kna,2002,7.4
kna,2003,2.4
kna,2004,4.8
kna,2005,0.0
kna,2006,2.3
kna,2007,9.2
kna,2008,0.61
kna,2009,0.0
kna,2010,0.0
kna,2011,0.0
kna,2012,0.0
kna,2013,0.0
kna,2014,3.7
kna,2015,1.3
kna,2016,0.0
lca,2000,0.0
lca,2001,0.0
lca,2002,0.0
lca,2003,0.0
lca,2004,0.02
lca,2005,0.07
lca,2006,0.0
lca,2007,1.4
lca,2008,1.4
lca,2009,2.4
lca,2010,0.0
lca,2011,0.66
lca,2012,0.66
lca,2013,0.0
lca,2014,0.65
lca,2015,1.3
lca,2016,0.65
vct,2000,3.4
vct,2001,2.1
vct,2002,2.1
vct,2003,3.0
vct,2004,1.7
vct,2005,1.1
vct,2006,3.4
vct,2007,5.3
vct,2008,5.1
vct,2009,4.9
vct,2010,7.3
vct,2011,6.7
vct,2012,11.0
vct,2013,0.98
vct,2014,0.97
vct,2015,1.1
vct,2016,0.0
stp,2000,2.4
stp,2001,2.3
stp,2002,2.3
stp,2003,2.2
stp,2004,3.3
stp,2005,3.4
stp,2006,6.3
stp,2007,9.8
stp,2008,10.0
stp,2009,12.0
stp,2010,11.0
stp,2011,9.7
stp,2012,13.0
stp,2013,15.0
stp,2014,17.0
stp,2015,17.0
stp,2016,19.0
sau,2000,0.45
sau,2001,0.42
sau,2002,0.42
sau,2003,0.4
sau,2004,0.39
sau,2005,0.4
sau,2006,0.41
sau,2007,0.42
sau,2008,0.42
sau,2009,0.41
sau,2010,0.44
sau,2011,0.36
sau,2012,0.34
sau,2013,0.55
sau,2014,0.43
sau,2015,0.36
sau,2016,0.25
sen,2000,14.0
sen,2001,14.0
sen,2002,14.0
sen,2003,13.0
sen,2004,13.0
sen,2005,13.0
sen,2006,13.0
sen,2007,13.0
sen,2008,12.0
sen,2009,12.0
sen,2010,12.0
sen,2011,14.0
sen,2012,12.0
sen,2013,11.0
sen,2014,10.0
sen,2015,9.5
sen,2016,8.8
srb,2005,0.14
srb,2006,0.14
srb,2007,0.14
srb,2008,0.14
srb,2009,0.13
srb,2010,0.13
srb,2011,0.13
srb,2012,0.12
srb,2013,0.14
srb,2014,0.13
srb,2015,0.12
srb,2016,0.11
syc,2000,0.0
syc,2001,0.0
syc,2002,0.0
syc,2003,0.0
syc,2004,0.01
syc,2005,0.0
syc,2006,0.0
syc,2007,0.0
syc,2008,0.0
syc,2009,3.8
syc,2010,1.3
syc,2011,5.0
syc,2012,3.6
syc,2013,1.2
syc,2014,1.2
syc,2015,0.0
syc,2016,1.1
sle,2000,33.0
sle,2001,34.0
sle,2002,34.0
sle,2003,34.0
sle,2004,34.0
sle,2005,34.0
sle,2006,35.0
sle,2007,35.0
sle,2008,35.0
sle,2009,34.0
sle,2010,32.0
sle,2011,30.0
sle,2012,34.0
sle,2013,37.0
sle,2014,40.0
sle,2015,41.0
sle,2016,42.0
sgp,2000,2.3
sgp,2001,2.0
sgp,2002,1.9
sgp,2003,2.0
sgp,2004,1.7
sgp,2005,1.6
sgp,2006,1.5
sgp,2007,1.5
sgp,2008,1.7
sgp,2009,1.6
sgp,2010,1.6
sgp,2011,1.4
sgp,2012,1.5
sgp,2013,1.2
sgp,2014,1.2
sgp,2015,0.93
sgp,2016,0.78
svk,2000,0.0
svk,2001,0.0
svk,2002,0.0
svk,2003,0.0
svk,2004,0.0
svk,2005,0.02
svk,2006,0.01
svk,2007,0.0
svk,2008,0.02
svk,2009,0.02
svk,2010,0.02
svk,2011,0.0
svk,2012,0.01
svk,2013,0.01
svk,2014,0.01
svk,2015,0.01
svk,2016,0.01
svn,2000,0.02
svn,2001,0.02
svn,2002,0.01
svn,2003,0.01
svn,2004,0.01
svn,2005,0.01
svn,2006,0.01
svn,2007,0.01
svn,2008,0.01
svn,2009,0.02
svn,2010,0.03
svn,2011,0.02
svn,2012,0.01
svn,2013,0.03
svn,2014,0.01
svn,2015,0.01
svn,2016,0.05
som,2000,8.8
som,2001,8.8
som,2002,8.8
som,2003,8.8
som,2004,8.8
som,2005,8.8
som,2006,8.8
som,2007,8.8
som,2008,8.9
som,2009,8.9
som,2010,8.9
som,2011,8.4
som,2012,7.9
som,2013,8.0
som,2014,8.8
som,2015,4.9
som,2016,4.1
zaf,2000,355.0
zaf,2001,404.0
zaf,2002,452.0
zaf,2003,497.0
zaf,2004,536.0
zaf,2005,565.0
zaf,2006,584.0
zaf,2007,592.0
zaf,2008,593.0
zaf,2009,586.0
zaf,2010,575.0
zaf,2011,596.0
zaf,2012,570.0
zaf,2013,530.0
zaf,2014,508.0
zaf,2015,469.0
zaf,2016,461.0
ssd,2011,21.0
ssd,2012,17.0
ssd,2013,21.0
ssd,2014,19.0
ssd,2015,17.0
ssd,2016,18.0
esp,2000,3.1
esp,2001,2.6
esp,2002,2.8
esp,2003,3.7
esp,2004,2.2
esp,2005,2.6
esp,2006,2.8
esp,2007,2.6
esp,2008,2.2
esp,2009,1.8
esp,2010,1.6
esp,2011,1.4
esp,2012,1.2
esp,2013,0.87
esp,2014,0.87
esp,2015,0.73
esp,2016,0.74
lka,2000,0.13
lka,2001,0.13
lka,2002,0.13
lka,2003,0.13
lka,2004,0.13
lka,2005,0.13
lka,2006,0.13
lka,2007,0.11
lka,2008,0.08
lka,2009,0.05
lka,2010,0.04
lka,2011,0.05
lka,2012,0.07
lka,2013,0.13
lka,2014,0.18
lka,2015,0.21
lka,2016,0.1
sdn,2000,2.5
sdn,2001,2.3
sdn,2002,2.2
sdn,2003,2.2
sdn,2004,2.3
sdn,2005,2.4
sdn,2006,2.5
sdn,2007,2.5
sdn,2008,2.6
sdn,2009,2.6
sdn,2010,2.7
sdn,2011,2.8
sdn,2012,2.8
sdn,2013,2.7
sdn,2014,2.5
sdn,2015,2.3
sdn,2016,2.1
sur,2000,5.9
sur,2001,5.0
sur,2002,6.3
sur,2003,6.8
sur,2004,6.3
sur,2005,7.6
sur,2006,8.6
sur,2007,8.8
sur,2008,7.6
sur,2009,13.0
sur,2010,15.0
sur,2011,9.2
sur,2012,8.3
sur,2013,8.6
sur,2014,8.8
sur,2015,8.5
sur,2016,6.5
swe,2000,0.31
swe,2001,0.26
swe,2002,0.23
swe,2003,0.21
swe,2004,0.22
swe,2005,0.37
swe,2006,0.19
swe,2007,0.16
swe,2008,0.17
swe,2009,0.33
swe,2010,0.27
swe,2011,0.37
swe,2012,0.36
swe,2013,0.25
swe,2014,0.25
swe,2015,0.37
swe,2016,0.49
che,2000,1.1
che,2001,0.96
che,2002,0.98
che,2003,0.81
che,2004,0.72
che,2005,0.87
che,2006,0.47
che,2007,0.37
che,2008,0.38
che,2009,0.7
che,2010,0.53
che,2011,0.81
che,2012,0.57
che,2013,0.43
che,2014,0.37
che,2015,0.54
che,2016,0.81
syr,2000,0.04
syr,2001,0.03
syr,2002,0.03
syr,2003,0.03
syr,2004,0.02
syr,2005,0.02
syr,2006,0.02
syr,2007,0.02
syr,2008,0.02
syr,2009,0.02
syr,2010,0.02
syr,2011,0.02
syr,2012,0.01
syr,2013,0.01
syr,2014,0.02
syr,2015,0.02
syr,2016,0.02
tjk,2000,8.8
tjk,2001,8.9
tjk,2002,8.8
tjk,2003,8.6
tjk,2004,8.3
tjk,2005,7.9
tjk,2006,7.3
tjk,2007,6.8
tjk,2008,6.2
tjk,2009,4.1
tjk,2010,2.8
tjk,2011,2.0
tjk,2012,1.7
tjk,2013,2.1
tjk,2014,2.4
tjk,2015,2.6
tjk,2016,2.8
tha,2000,33.0
tha,2001,34.0
tha,2002,34.0
tha,2003,33.0
tha,2004,32.0
tha,2005,31.0
tha,2006,30.0
tha,2007,28.0
tha,2008,34.0
tha,2009,32.0
tha,2010,29.0
tha,2011,26.0
tha,2012,25.0
tha,2013,24.0
tha,2014,23.0
tha,2015,20.0
tha,2016,15.0
mkd,2000,0.04
mkd,2001,0.04
mkd,2002,0.04
mkd,2003,0.04
mkd,2004,0.04
mkd,2005,0.04
mkd,2006,0.03
mkd,2007,0.03
mkd,2008,0.03
mkd,2009,0.03
mkd,2010,0.02
mkd,2011,0.02
mkd,2012,0.02
mkd,2013,0.02
mkd,2014,0.1
mkd,2015,0.02
mkd,2016,0.02
tls,2002,0.43
tls,2003,0.56
tls,2004,0.72
tls,2005,0.94
tls,2006,1.2
tls,2007,1.4
tls,2008,1.7
tls,2009,2.0
tls,2010,2.3
tls,2011,2.7
tls,2012,3.1
tls,2013,3.5
tls,2014,3.9
tls,2015,4.2
tls,2016,4.6
tgo,2000,16.0
tgo,2001,17.0
tgo,2002,17.0
tgo,2003,19.0
tgo,2004,21.0
tgo,2005,22.0
tgo,2006,23.0
tgo,2007,24.0
tgo,2008,24.0
tgo,2009,20.0
tgo,2010,19.0
tgo,2011,19.0
tgo,2012,16.0
tgo,2013,13.0
tgo,2014,12.0
tgo,2015,11.0
tgo,2016,10.0
ton,2000,0.0
ton,2001,0.0
ton,2002,0.0
ton,2003,0.0
ton,2004,0.0
ton,2005,0.0
ton,2006,0.0
ton,2007,0.0
ton,2008,0.0
ton,2009,0.0
ton,2010,0.01
ton,2011,0.0
ton,2012,0.0
ton,2013,0.0
ton,2014,0.0
ton,2015,0.0
ton,2016,0.0
tto,2000,7.1
tto,2001,7.4
tto,2002,4.8
tto,2003,5.2
tto,2004,4.3
tto,2005,3.1
tto,2006,1.1
tto,2007,5.7
tto,2008,5.5
tto,2009,6.5
tto,2010,4.3
tto,2011,5.4
tto,2012,6.2
tto,2013,5.1
tto,2014,5.2
tto,2015,3.4
tto,2016,3.4
tun,2000,0.04
tun,2001,0.04
tun,2002,0.04
tun,2003,0.04
tun,2004,0.04
tun,2005,0.05
tun,2006,0.06
tun,2007,0.07
tun,2008,0.07
tun,2009,0.08
tun,2010,0.09
tun,2011,0.13
tun,2012,0.15
tun,2013,0.15
tun,2014,0.17
tun,2015,0.18
tun,2016,0.25
tur,2000,0.17
tur,2001,0.16
tur,2002,0.17
tur,2003,0.16
tur,2004,0.16
tur,2005,0.17
tur,2006,0.17
tur,2007,0.16
tur,2008,0.15
tur,2009,0.14
tur,2010,0.13
tur,2011,0.12
tur,2012,0.11
tur,2013,0.07
tur,2014,0.09
tur,2015,0.12
tur,2016,0.12
tkm,2000,2.6
tkm,2001,2.6
tkm,2002,2.5
tkm,2003,3.0
tkm,2004,2.5
tkm,2005,2.5
tkm,2006,2.7
tkm,2007,3.0
tkm,2008,3.4
tkm,2009,3.0
tkm,2010,3.2
tkm,2011,2.9
tkm,2012,3.2
tkm,2013,3.4
tkm,2014,2.9
tkm,2015,3.4
tkm,2016,3.2
tca,2000,3.4
tca,2001,3.4
tca,2002,3.2
tca,2003,5.9
tca,2004,5.9
tca,2005,5.8
tca,2006,5.8
tca,2007,5.5
tca,2008,5.1
tca,2009,4.8
tca,2010,4.5
tca,2011,8.9
tca,2012,4.1
tca,2013,0.0
tca,2014,1.9
tca,2015,6.7
tca,2016,3.3
tuv,2000,0.0
tuv,2001,0.0
tuv,2002,0.0
tuv,2003,0.0
tuv,2004,0.0
tuv,2005,0.0
tuv,2006,0.0
tuv,2007,0.0
tuv,2008,0.0
tuv,2009,0.0
tuv,2010,0.0
tuv,2011,0.0
tuv,2012,0.0
tuv,2013,0.0
tuv,2014,0.0
tuv,2015,0.21
tuv,2016,0.0
uga,2000,164.0
uga,2001,157.0
uga,2002,152.0
uga,2003,147.0
uga,2004,142.0
uga,2005,138.0
uga,2006,134.0
uga,2007,131.0
uga,2008,129.0
uga,2009,120.0
uga,2010,113.0
uga,2011,108.0
uga,2012,103.0
uga,2013,97.0
uga,2014,91.0
uga,2015,88.0
uga,2016,85.0
ukr,2000,7.6
ukr,2001,8.0
ukr,2002,8.2
ukr,2003,8.4
ukr,2004,8.5
ukr,2005,8.5
ukr,2006,8.4
ukr,2007,8.2
ukr,2008,11.0
ukr,2009,14.0
ukr,2010,16.0
ukr,2011,15.0
ukr,2012,15.0
ukr,2013,17.0
ukr,2014,19.0
ukr,2015,20.0
ukr,2016,18.0
are,2000,0.0
are,2001,0.0
are,2002,0.0
are,2003,0.0
are,2004,0.0
are,2005,0.0
are,2006,0.0
are,2007,0.0
are,2008,0.0
are,2009,0.0
are,2010,0.03
are,2011,0.09
are,2012,0.05
are,2013,0.05
are,2014,0.03
are,2015,0.04
are,2016,0.07
gbr,2000,1.4
gbr,2001,1.2
gbr,2002,1.3
gbr,2003,1.1
gbr,2004,1.1
gbr,2005,1.6
gbr,2006,0.92
gbr,2007,0.77
gbr,2008,0.75
gbr,2009,1.2
gbr,2010,0.88
gbr,2011,1.4
gbr,2012,1.2
gbr,2013,0.72
gbr,2014,0.61
gbr,2015,0.62
gbr,2016,0.85
tza,2000,234.0
tza,2001,236.0
tza,2002,237.0
tza,2003,237.0
tza,2004,237.0
tza,2005,237.0
tza,2006,235.0
tza,2007,229.0
tza,2008,220.0
tza,2009,203.0
tza,2010,178.0
tza,2011,151.0
tza,2012,140.0
tza,2013,124.0
tza,2014,118.0
tza,2015,107.0
tza,2016,98.0
usa,2000,1.1
usa,2001,1.0
usa,2002,0.96
usa,2003,0.94
usa,2004,0.81
usa,2005,0.7
usa,2006,0.62
usa,2007,0.55
usa,2008,0.5
usa,2009,0.41
usa,2010,0.36
usa,2011,0.31
usa,2012,0.26
usa,2013,0.22
usa,2014,0.2
usa,2015,0.19
usa,2016,0.17
ury,2000,3.0
ury,2001,3.2
ury,2002,2.5
ury,2003,3.0
ury,2004,3.5
ury,2005,3.0
ury,2006,2.8
ury,2007,3.1
ury,2008,3.6
ury,2009,3.9
ury,2010,3.9
ury,2011,4.4
ury,2012,4.4
ury,2013,4.6
ury,2014,4.5
ury,2015,4.7
ury,2016,4.6
uzb,2000,0.43
uzb,2001,0.47
uzb,2002,0.5
uzb,2003,0.51
uzb,2004,0.52
uzb,2005,0.49
uzb,2006,0.74
uzb,2007,1.3
uzb,2008,1.3
uzb,2009,1.7
uzb,2010,2.0
uzb,2011,3.2
uzb,2012,4.4
uzb,2013,3.8
uzb,2014,4.0
uzb,2015,3.9
uzb,2016,3.8
ven,2000,4.4
ven,2001,4.2
ven,2002,4.1
ven,2003,4.4
ven,2004,4.3
ven,2005,4.3
ven,2006,4.1
ven,2007,3.9
ven,2008,3.1
ven,2009,2.8
ven,2010,2.8
ven,2011,3.0
ven,2012,3.3
ven,2013,3.0
ven,2014,2.8
ven,2015,3.1
ven,2016,3.7
vnm,2000,16.0
vnm,2001,15.0
vnm,2002,15.0
vnm,2003,15.0
vnm,2004,14.0
vnm,2005,14.0
vnm,2006,14.0
vnm,2007,13.0
vnm,2008,13.0
vnm,2009,13.0
vnm,2010,12.0
vnm,2011,12.0
vnm,2012,10.0
vnm,2013,9.0
vnm,2014,7.3
vnm,2015,5.9
vnm,2016,4.4
pse,2000,0.0
pse,2001,0.0
pse,2002,0.0
pse,2003,0.0
pse,2004,0.0
pse,2005,0.0
pse,2006,0.0
pse,2007,0.0
pse,2008,0.0
pse,2009,0.0
pse,2010,0.0
pse,2011,0.0
pse,2012,0.0
pse,2013,0.0
pse,2014,0.0
pse,2015,0.0
pse,2016,0.0
yem,2000,0.69
yem,2001,0.57
yem,2002,0.5
yem,2003,0.44
yem,2004,0.41
yem,2005,0.38
yem,2006,0.36
yem,2007,0.34
yem,2008,0.32
yem,2009,0.3
yem,2010,0.3
yem,2011,0.3
yem,2012,0.3
yem,2013,0.31
yem,2014,0.32
yem,2015,0.32
yem,2016,0.33
zmb,2000,508.0
zmb,2001,487.0
zmb,2002,465.0
zmb,2003,443.0
zmb,2004,422.0
zmb,2005,403.0
zmb,2006,386.0
zmb,2007,371.0
zmb,2008,357.0
zmb,2009,361.0
zmb,2010,348.0
zmb,2011,316.0
zmb,2012,281.0
zmb,2013,268.0
zmb,2014,247.0
zmb,2015,233.0
zmb,2016,218.0
zwe,2000,458.0
zwe,2001,467.0
zwe,2002,467.0
zwe,2003,467.0
zwe,2004,460.0
zwe,2005,446.0
zwe,2006,425.0
zwe,2007,399.0
zwe,2008,369.0
zwe,2009,350.0
zwe,2010,322.0
zwe,2011,287.0
zwe,2012,258.0
zwe,2013,214.0
zwe,2014,192.0
zwe,2015,165.0
zwe,2016,139.0
