country,year,e_inc_num_hi
afg,2000,56000
afg,2001,59000
afg,2002,61000
afg,2003,64000
afg,2004,67000
afg,2005,69000
afg,2006,71000
afg,2007,73000
afg,2008,75000
afg,2009,77000
afg,2010,79000
afg,2011,82000
afg,2012,84000
afg,2013,87000
afg,2014,90000
afg,2015,93000
afg,2016,95000
afg,2017,98000
afg,2018,100000
afg,2019,103000
afg,2020,107000
alb,2000,840
alb,2001,760
alb,2002,830
alb,2003,760
alb,2004,750
alb,2005,690
alb,2006,630
alb,2007,580
alb,2008,570
alb,2009,600
alb,2010,570
alb,2011,560
alb,2012,540
alb,2013,640
alb,2014,540
alb,2015,550
alb,2016,550
alb,2017,690
alb,2018,590
alb,2019,550
alb,2020,500
dza,2000,31000
dza,2001,30000
dza,2002,31000
dza,2003,33000
dza,2004,33000
dza,2005,36000
dza,2006,36000
dza,2007,36000
dza,2008,34000
dza,2009,36000
dza,2010,38000
dza,2011,35000
dza,2012,36000
dza,2013,34000
dza,2014,37000
dza,2015,39000
dza,2016,37000
dza,2017,38000
dza,2018,38000
dza,2019,33000
dza,2020,33000
asm,2000,5
asm,2001,5
asm,2002,3
asm,2003,5
asm,2004,10
asm,2005,14
asm,2006,8
asm,2007,5
asm,2008,5
asm,2009,8
asm,2010,8
asm,2011,5
asm,2012,6
asm,2013,6
asm,2014,5
asm,2015,8
asm,2016,5
asm,2017,11
asm,2018,0
asm,2019,1
asm,2020,0
and,2000,16
and,2001,13
and,2002,7
and,2003,15
and,2004,9
and,2005,13
and,2006,16
and,2007,7
and,2008,5
and,2009,11
and,2010,9
and,2011,4
and,2012,12
and,2013,7
and,2014,8
and,2015,5
and,2016,5
and,2017,1
and,2018,3
and,2019,7
and,2020,3
ago,2000,66000
ago,2001,72000
ago,2002,78000
ago,2003,85000
ago,2004,94000
ago,2005,104000
ago,2006,100000
ago,2007,116000
ago,2008,122000
ago,2009,128000
ago,2010,132000
ago,2011,136000
ago,2012,140000
ago,2013,143000
ago,2014,145000
ago,2015,148000
ago,2016,151000
ago,2017,154000
ago,2018,157000
ago,2019,160000
ago,2020,165000
aia,2000,4
aia,2001,4
aia,2002,4
aia,2003,4
aia,2004,4
aia,2005,4
aia,2006,4
aia,2007,4
aia,2008,4
aia,2009,4
aia,2010,4
aia,2011,4
aia,2012,4
aia,2013,4
aia,2014,5
aia,2015,4
aia,2016,4
aia,2017,4
aia,2018,5
aia,2019,5
aia,2020,5
atg,2000,5
atg,2001,1
atg,2002,5
atg,2003,1
atg,2004,5
atg,2005,8
atg,2006,5
atg,2007,3
atg,2008,1
atg,2009,4
atg,2010,9
atg,2011,8
atg,2012,4
atg,2013,13
atg,2014,4
atg,2015,5
atg,2016,4
atg,2017,1
atg,2018,7
atg,2019,0
atg,2020,3
arg,2000,16000
arg,2001,16000
arg,2002,16000
arg,2003,15000
arg,2004,16000
arg,2005,14000
arg,2006,13000
arg,2007,14000
arg,2008,12000
arg,2009,9900
arg,2010,9300
arg,2011,13000
arg,2012,11000
arg,2013,12000
arg,2014,12000
arg,2015,13000
arg,2016,14000
arg,2017,13000
arg,2018,14000
arg,2019,15000
arg,2020,16000
arm,2000,2600
arm,2001,2800
arm,2002,2900
arm,2003,3300
arm,2004,3600
arm,2005,5700
arm,2006,4000
arm,2007,3800
arm,2008,3700
arm,2009,3400
arm,2010,2900
arm,2011,2500
arm,2012,2400
arm,2013,2900
arm,2014,2700
arm,2015,2200
arm,2016,1900
arm,2017,1400
arm,2018,1200
arm,2019,980
arm,2020,870
abw,2000,9
abw,2001,9
abw,2002,10
abw,2003,11
abw,2004,12
abw,2005,13
abw,2006,13
abw,2007,14
abw,2008,14
abw,2009,14
abw,2010,8
abw,2011,11
abw,2012,37
abw,2013,15
abw,2014,3
abw,2015,12
abw,2016,19
abw,2017,11
abw,2018,7
abw,2019,3
abw,2020,1
aus,2000,1400
aus,2001,1300
aus,2002,1300
aus,2003,1300
aus,2004,1400
aus,2005,1400
aus,2006,1500
aus,2007,1500
aus,2008,1600
aus,2009,1700
aus,2010,1700
aus,2011,1600
aus,2012,1700
aus,2013,1700
aus,2014,1800
aus,2015,1700
aus,2016,1800
aus,2017,1900
aus,2018,1900
aus,2019,2000
aus,2020,2100
aut,2000,1600
aut,2001,1300
aut,2002,1400
aut,2003,1300
aut,2004,1200
aut,2005,1200
aut,2006,1100
aut,2007,1100
aut,2008,1000
aut,2009,880
aut,2010,880
aut,2011,890
aut,2012,820
aut,2013,830
aut,2014,750
aut,2015,750
aut,2016,820
aut,2017,750
aut,2018,620
aut,2019,620
aut,2020,510
aze,2000,8800
aze,2001,8200
aze,2002,8700
aze,2003,6000
aze,2004,9200
aze,2005,11000
aze,2006,9800
aze,2007,9400
aze,2008,14000
aze,2009,19000
aze,2010,14000
aze,2011,18000
aze,2012,11000
aze,2013,9900
aze,2014,9700
aze,2015,9000
aze,2016,8300
aze,2017,8500
aze,2018,8100
aze,2019,7600
aze,2020,7500
bhs,2000,110
bhs,2001,83
bhs,2002,58
bhs,2003,50
bhs,2004,70
bhs,2005,64
bhs,2006,80
bhs,2007,61
bhs,2008,65
bhs,2009,60
bhs,2010,41
bhs,2011,54
bhs,2012,43
bhs,2013,44
bhs,2014,66
bhs,2015,82
bhs,2016,120
bhs,2017,68
bhs,2018,62
bhs,2019,68
bhs,2020,41
bhr,2000,280
bhr,2001,250
bhr,2002,250
bhr,2003,350
bhr,2004,320
bhr,2005,370
bhr,2006,370
bhr,2007,390
bhr,2008,400
bhr,2009,430
bhr,2010,330
bhr,2011,300
bhr,2012,300
bhr,2013,280
bhr,2014,250
bhr,2015,230
bhr,2016,200
bhr,2017,200
bhr,2018,200
bhr,2019,240
bhr,2020,260
bgd,2000,371000
bgd,2001,378000
bgd,2002,385000
bgd,2003,392000
bgd,2004,398000
bgd,2005,404000
bgd,2006,410000
bgd,2007,415000
bgd,2008,420000
bgd,2009,424000
bgd,2010,429000
bgd,2011,434000
bgd,2012,439000
bgd,2013,444000
bgd,2014,449000
bgd,2015,454000
bgd,2016,459000
bgd,2017,464000
bgd,2018,469000
bgd,2019,474000
bgd,2020,462000
brb,2000,4
brb,2001,8
brb,2002,7
brb,2003,12
brb,2004,25
brb,2005,13
brb,2006,7
brb,2007,21
brb,2008,4
brb,2009,3
brb,2010,8
brb,2011,0
brb,2012,5
brb,2013,5
brb,2014,7
brb,2015,0
brb,2016,4
brb,2017,0
brb,2018,1
brb,2019,0
brb,2020,8
blr,2000,16000
blr,2001,12000
blr,2002,11000
blr,2003,13000
blr,2004,12000
blr,2005,11000
blr,2006,11000
blr,2007,11000
blr,2008,11000
blr,2009,11000
blr,2010,11000
blr,2011,9400
blr,2012,9600
blr,2013,8800
blr,2014,7200
blr,2015,6900
blr,2016,5600
blr,2017,4700
blr,2018,3800
blr,2019,3500
blr,2020,3100
bel,2000,1700
bel,2001,1800
bel,2002,1600
bel,2003,1400
bel,2004,1500
bel,2005,1400
bel,2006,1400
bel,2007,1300
bel,2008,1200
bel,2009,1200
bel,2010,1300
bel,2011,1300
bel,2012,1200
bel,2013,1200
bel,2014,1200
bel,2015,1200
bel,2016,1300
bel,2017,1200
bel,2018,1200
bel,2019,1200
bel,2020,1000
blz,2000,160
blz,2001,210
blz,2002,210
blz,2003,140
blz,2004,110
blz,2005,150
blz,2006,120
blz,2007,83
blz,2008,120
blz,2009,120
blz,2010,220
blz,2011,98
blz,2012,110
blz,2013,170
blz,2014,94
blz,2015,100
blz,2016,170
blz,2017,160
blz,2018,130
blz,2019,120
blz,2020,110
ben,2000,10000
ben,2001,9900
ben,2002,9700
ben,2003,9400
ben,2004,9300
ben,2005,9200
ben,2006,9200
ben,2007,9000
ben,2008,9300
ben,2009,9600
ben,2010,9700
ben,2011,9800
ben,2012,9700
ben,2013,9600
ben,2014,9400
ben,2015,9400
ben,2016,9400
ben,2017,9300
ben,2018,9300
ben,2019,9300
ben,2020,9600
bmu,2000,0
bmu,2001,0
bmu,2002,0
bmu,2003,4
bmu,2004,8
bmu,2005,6
bmu,2006,4
bmu,2007,3
bmu,2008,3
bmu,2009,2
bmu,2010,1
bmu,2011,1
bmu,2012,4
bmu,2013,0
bmu,2014,0
bmu,2015,0
bmu,2016,3
bmu,2017,3
bmu,2018,3
bmu,2019,3
bmu,2020,4
btn,2000,2000
btn,2001,1800
btn,2002,1900
btn,2003,1700
btn,2004,1600
btn,2005,1700
btn,2006,1500
btn,2007,1600
btn,2008,1500
btn,2009,1900
btn,2010,2300
btn,2011,2100
btn,2012,1900
btn,2013,1800
btn,2014,1700
btn,2015,1500
btn,2016,1900
btn,2017,1300
btn,2018,1400
btn,2019,1600
btn,2020,1600
bol,2000,28000
bol,2001,24000
bol,2002,24000
bol,2003,26000
bol,2004,23000
bol,2005,22000
bol,2006,24000
bol,2007,23000
bol,2008,22000
bol,2009,22000
bol,2010,21000
bol,2011,21000
bol,2012,20000
bol,2013,20000
bol,2014,19000
bol,2015,19000
bol,2016,18000
bol,2017,18000
bol,2018,18000
bol,2019,17000
bol,2020,17000
bih,2000,5900
bih,2001,5800
bih,2002,3300
bih,2003,3600
bih,2004,5400
bih,2005,4600
bih,2006,3600
bih,2007,5500
bih,2008,3400
bih,2009,3400
bih,2010,2400
bih,2011,2500
bih,2012,2600
bih,2013,2300
bih,2014,2100
bih,2015,1900
bih,2016,1500
bih,2017,1200
bih,2018,1000
bih,2019,1100
bih,2020,1100
bwa,2000,43000
bwa,2001,41000
bwa,2002,34000
bwa,2003,32000
bwa,2004,28000
bwa,2005,24000
bwa,2006,29000
bwa,2007,27000
bwa,2008,19000
bwa,2009,18000
bwa,2010,20000
bwa,2011,18000
bwa,2012,14000
bwa,2013,12000
bwa,2014,12000
bwa,2015,12000
bwa,2016,9400
bwa,2017,8600
bwa,2018,7900
bwa,2019,7300
bwa,2020,7000
bra,2000,105000
bra,2001,100000
bra,2002,110000
bra,2003,114000
bra,2004,119000
bra,2005,109000
bra,2006,101000
bra,2007,100000
bra,2008,103000
bra,2009,101000
bra,2010,100000
bra,2011,101000
bra,2012,101000
bra,2013,102000
bra,2014,100000
bra,2015,100000
bra,2016,100000
bra,2017,106000
bra,2018,111000
bra,2019,111000
bra,2020,112000
vgb,2000,1
vgb,2001,1
vgb,2002,1
vgb,2003,1
vgb,2004,3
vgb,2005,0
vgb,2006,0
vgb,2007,0
vgb,2008,0
vgb,2009,1
vgb,2010,1
vgb,2011,0
vgb,2012,0
vgb,2013,1
vgb,2014,0
vgb,2015,0
vgb,2016,0
vgb,2017,1
vgb,2018,1
vgb,2019,1
vgb,2020,1
brn,2000,410
brn,2001,290
brn,2002,310
brn,2003,280
brn,2004,250
brn,2005,220
brn,2006,270
brn,2007,280
brn,2008,300
brn,2009,280
brn,2010,310
brn,2011,310
brn,2012,320
brn,2013,280
brn,2014,260
brn,2015,280
brn,2016,320
brn,2017,320
brn,2018,330
brn,2019,320
brn,2020,420
bgr,2000,7200
bgr,2001,9000
bgr,2002,7300
bgr,2003,7100
bgr,2004,6300
bgr,2005,7000
bgr,2006,6700
bgr,2007,5900
bgr,2008,6200
bgr,2009,5300
bgr,2010,4700
bgr,2011,4100
bgr,2012,3800
bgr,2013,3500
bgr,2014,3200
bgr,2015,2800
bgr,2016,2600
bgr,2017,2300
bgr,2018,2100
bgr,2019,1800
bgr,2020,1700
bfa,2000,14000
bfa,2001,14000
bfa,2002,14000
bfa,2003,14000
bfa,2004,14000
bfa,2005,14000
bfa,2006,14000
bfa,2007,14000
bfa,2008,14000
bfa,2009,14000
bfa,2010,14000
bfa,2011,14000
bfa,2012,14000
bfa,2013,14000
bfa,2014,14000
bfa,2015,14000
bfa,2016,14000
bfa,2017,14000
bfa,2018,14000
bfa,2019,14000
bfa,2020,14000
bdi,2000,43000
bdi,2001,39000
bdi,2002,35000
bdi,2003,32000
bdi,2004,29000
bdi,2005,26000
bdi,2006,24000
bdi,2007,23000
bdi,2008,22000
bdi,2009,21000
bdi,2010,20000
bdi,2011,19000
bdi,2012,19000
bdi,2013,19000
bdi,2014,19000
bdi,2015,19000
bdi,2016,18000
bdi,2017,18000
bdi,2018,18000
bdi,2019,18000
bdi,2020,18000
cpv,2000,520
cpv,2001,550
cpv,2002,320
cpv,2003,600
cpv,2004,540
cpv,2005,540
cpv,2006,460
cpv,2007,490
cpv,2008,640
cpv,2009,630
cpv,2010,690
cpv,2011,750
cpv,2012,860
cpv,2013,540
cpv,2014,480
cpv,2015,460
cpv,2016,410
cpv,2017,420
cpv,2018,320
cpv,2019,320
cpv,2020,280
khm,2000,136000
khm,2001,134000
khm,2002,131000
khm,2003,129000
khm,2004,126000
khm,2005,122000
khm,2006,119000
khm,2007,115000
khm,2008,112000
khm,2009,108000
khm,2010,105000
khm,2011,103000
khm,2012,100000
khm,2013,96000
khm,2014,93000
khm,2015,88000
khm,2016,84000
khm,2017,79000
khm,2018,73000
khm,2019,68000
khm,2020,66000
cmr,2000,85000
cmr,2001,91000
cmr,2002,96000
cmr,2003,98000
cmr,2004,99000
cmr,2005,99000
cmr,2006,97000
cmr,2007,95000
cmr,2008,93000
cmr,2009,90000
cmr,2010,87000
cmr,2011,85000
cmr,2012,83000
cmr,2013,82000
cmr,2014,77000
cmr,2015,75000
cmr,2016,72000
cmr,2017,70000
cmr,2018,68000
cmr,2019,66000
cmr,2020,66000
can,2000,2300
can,2001,2400
can,2002,2200
can,2003,2200
can,2004,2100
can,2005,2100
can,2006,2000
can,2007,2000
can,2008,2100
can,2009,2100
can,2010,1800
can,2011,1900
can,2012,2200
can,2013,2200
can,2014,2100
can,2015,2200
can,2016,2300
can,2017,2400
can,2018,2400
can,2019,2500
can,2020,2600
cym,2000,7
cym,2001,1
cym,2002,0
cym,2003,0
cym,2004,1
cym,2005,1
cym,2006,0
cym,2007,1
cym,2008,1
cym,2009,3
cym,2010,5
cym,2011,3
cym,2012,8
cym,2013,7
cym,2014,0
cym,2015,9
cym,2016,4
cym,2017,5
cym,2018,4
cym,2019,5
cym,2020,3
caf,2000,28000
caf,2001,29000
caf,2002,29000
caf,2003,30000
caf,2004,31000
caf,2005,31000
caf,2006,32000
caf,2007,32000
caf,2008,33000
caf,2009,33000
caf,2010,34000
caf,2011,34000
caf,2012,34000
caf,2013,34000
caf,2014,34000
caf,2015,35000
caf,2016,35000
caf,2017,35000
caf,2018,36000
caf,2019,37000
caf,2020,37000
tcd,2000,18000
tcd,2001,19000
tcd,2002,20000
tcd,2003,21000
tcd,2004,22000
tcd,2005,22000
tcd,2006,23000
tcd,2007,24000
tcd,2008,24000
tcd,2009,25000
tcd,2010,26000
tcd,2011,26000
tcd,2012,27000
tcd,2013,28000
tcd,2014,28000
tcd,2015,29000
tcd,2016,30000
tcd,2017,31000
tcd,2018,32000
tcd,2019,32000
tcd,2020,34000
chl,2000,4000
chl,2001,4000
chl,2002,3300
chl,2003,3000
chl,2004,3500
chl,2005,3300
chl,2006,3400
chl,2007,3200
chl,2008,3200
chl,2009,3200
chl,2010,3200
chl,2011,3300
chl,2012,3200
chl,2013,3200
chl,2014,3200
chl,2015,3400
chl,2016,3400
chl,2017,3600
chl,2018,3900
chl,2019,3900
chl,2020,3200
chn,2000,2150000
chn,2001,2040000
chn,2002,1920000
chn,2003,1820000
chn,2004,1710000
chn,2005,1620000
chn,2006,1520000
chn,2007,1440000
chn,2008,1360000
chn,2009,1340000
chn,2010,1250000
chn,2011,1230000
chn,2012,1220000
chn,2013,1150000
chn,2014,1100000
chn,2015,1070000
chn,2016,1040000
chn,2017,1030000
chn,2018,1010000
chn,2019,957000
chn,2020,978000
hkg,2000,8000
hkg,2001,9000
hkg,2002,8300
hkg,2003,7900
hkg,2004,7600
hkg,2005,7500
hkg,2006,7400
hkg,2007,7100
hkg,2008,7400
hkg,2009,6900
hkg,2010,6600
hkg,2011,6300
hkg,2012,6400
hkg,2013,6300
hkg,2014,6300
hkg,2015,6000
hkg,2016,5900
hkg,2017,5700
hkg,2018,5700
hkg,2019,5400
hkg,2020,4900
mac,2000,600
mac,2001,620
mac,2002,520
mac,2003,500
mac,2004,450
mac,2005,530
mac,2006,550
mac,2007,510
mac,2008,520
mac,2009,460
mac,2010,520
mac,2011,500
mac,2012,540
mac,2013,580
mac,2014,520
mac,2015,490
mac,2016,480
mac,2017,500
mac,2018,430
mac,2019,480
mac,2020,480
col,2000,19000
col,2001,18000
col,2002,18000
col,2003,18000
col,2004,18000
col,2005,16000
col,2006,17000
col,2007,17000
col,2008,18000
col,2009,17000
col,2010,18000
col,2011,18000
col,2012,19000
col,2013,18000
col,2014,18000
col,2015,18000
col,2016,20000
col,2017,20000
col,2018,20000
col,2019,23000
col,2020,24000
com,2000,310
com,2001,310
com,2002,310
com,2003,310
com,2004,310
com,2005,320
com,2006,320
com,2007,320
com,2008,320
com,2009,320
com,2010,330
com,2011,340
com,2012,350
com,2013,360
com,2014,370
com,2015,380
com,2016,390
com,2017,400
com,2018,410
com,2019,420
com,2020,430
cog,2000,13000
cog,2001,15000
cog,2002,17000
cog,2003,21000
cog,2004,21000
cog,2005,23000
cog,2006,24000
cog,2007,24000
cog,2008,24000
cog,2009,24000
cog,2010,24000
cog,2011,23000
cog,2012,23000
cog,2013,25000
cog,2014,26000
cog,2015,26000
cog,2016,27000
cog,2017,28000
cog,2018,28000
cog,2019,29000
cog,2020,30000
cok,2000,1
cok,2001,3
cok,2002,1
cok,2003,0
cok,2004,1
cok,2005,1
cok,2006,1
cok,2007,1
cok,2008,3
cok,2009,3
cok,2010,0
cok,2011,1
cok,2012,1
cok,2013,3
cok,2014,3
cok,2015,0
cok,2016,3
cok,2017,0
cok,2018,0
cok,2019,3
cok,2020,3
cri,2000,1100
cri,2001,1200
cri,2002,990
cri,2003,990
cri,2004,1400
cri,2005,950
cri,2006,840
cri,2007,980
cri,2008,860
cri,2009,740
cri,2010,840
cri,2011,880
cri,2012,800
cri,2013,660
cri,2014,770
cri,2015,680
cri,2016,570
cri,2017,590
cri,2018,630
cri,2019,640
cri,2020,670
civ,2000,138000
civ,2001,131000
civ,2002,121000
civ,2003,112000
civ,2004,102000
civ,2005,93000
civ,2006,85000
civ,2007,79000
civ,2008,74000
civ,2009,69000
civ,2010,66000
civ,2011,63000
civ,2012,60000
civ,2013,54000
civ,2014,57000
civ,2015,55000
civ,2016,54000
civ,2017,53000
civ,2018,52000
civ,2019,51000
civ,2020,51000
hrv,2000,2200
hrv,2001,1800
hrv,2002,1900
hrv,2003,1800
hrv,2004,1600
hrv,2005,1400
hrv,2006,1400
hrv,2007,1300
hrv,2008,1300
hrv,2009,1100
hrv,2010,910
hrv,2011,820
hrv,2012,720
hrv,2013,680
hrv,2014,660
hrv,2015,640
hrv,2016,600
hrv,2017,480
hrv,2018,480
hrv,2019,390
hrv,2020,310
cub,2000,1800
cub,2001,1300
cub,2002,1300
cub,2003,1200
cub,2004,1100
cub,2005,1100
cub,2006,1000
cub,2007,1000
cub,2008,1100
cub,2009,960
cub,2010,1100
cub,2011,1100
cub,2012,1000
cub,2013,1000
cub,2014,990
cub,2015,940
cub,2016,920
cub,2017,960
cub,2018,960
cub,2019,850
cub,2020,840
cuw,2010,7
cuw,2011,1
cuw,2012,1
cuw,2013,3
cuw,2014,7
cuw,2015,11
cuw,2016,5
cuw,2017,12
cuw,2018,12
cuw,2019,14
cuw,2020,15
cyp,2000,44
cyp,2001,53
cyp,2002,27
cyp,2003,47
cyp,2004,40
cyp,2005,45
cyp,2006,48
cyp,2007,54
cyp,2008,64
cyp,2009,68
cyp,2010,81
cyp,2011,68
cyp,2012,84
cyp,2013,54
cyp,2014,52
cyp,2015,84
cyp,2016,76
cyp,2017,69
cyp,2018,68
cyp,2019,88
cyp,2020,80
cze,2000,1900
cze,2001,1700
cze,2002,1500
cze,2003,1500
cze,2004,1400
cze,2005,1300
cze,2006,1300
cze,2007,1000
cze,2008,1100
cze,2009,840
cze,2010,820
cze,2011,750
cze,2012,750
cze,2013,630
cze,2014,630
cze,2015,680
cze,2016,680
cze,2017,660
cze,2018,580
cze,2019,610
cze,2020,480
prk,2000,134000
prk,2001,135000
prk,2002,136000
prk,2003,137000
prk,2004,139000
prk,2005,140000
prk,2006,140000
prk,2007,141000
prk,2008,142000
prk,2009,143000
prk,2010,143000
prk,2011,144000
prk,2012,145000
prk,2013,146000
prk,2014,146000
prk,2015,147000
prk,2016,148000
prk,2017,149000
prk,2018,149000
prk,2019,150000
prk,2020,155000
cod,2000,222000
cod,2001,228000
cod,2002,234000
cod,2003,241000
cod,2004,249000
cod,2005,257000
cod,2006,266000
cod,2007,275000
cod,2008,284000
cod,2009,294000
cod,2010,304000
cod,2011,314000
cod,2012,324000
cod,2013,334000
cod,2014,344000
cod,2015,354000
cod,2016,364000
cod,2017,375000
cod,2018,386000
cod,2019,397000
cod,2020,408000
dnk,2000,780
dnk,2001,660
dnk,2002,540
dnk,2003,520
dnk,2004,470
dnk,2005,520
dnk,2006,450
dnk,2007,470
dnk,2008,440
dnk,2009,390
dnk,2010,440
dnk,2011,480
dnk,2012,450
dnk,2013,440
dnk,2014,390
dnk,2015,430
dnk,2016,390
dnk,2017,340
dnk,2018,360
dnk,2019,350
dnk,2020,320
dji,2000,9200
dji,2001,9900
dji,2002,6600
dji,2003,6600
dji,2004,5800
dji,2005,6200
dji,2006,5900
dji,2007,6400
dji,2008,7800
dji,2009,8000
dji,2010,9200
dji,2011,7600
dji,2012,6900
dji,2013,6000
dji,2014,4200
dji,2015,4800
dji,2016,4400
dji,2017,3400
dji,2018,3200
dji,2019,2900
dji,2020,2800
dma,2000,3
dma,2001,4
dma,2002,2
dma,2003,6
dma,2004,8
dma,2005,9
dma,2006,29
dma,2007,4
dma,2008,18
dma,2009,5
dma,2010,10
dma,2011,2
dma,2012,9
dma,2013,4
dma,2014,1
dma,2015,9
dma,2016,6
dma,2017,1
dma,2018,5
dma,2019,13
dma,2020,39
dom,2000,10000
dom,2001,8700
dom,2002,6900
dom,2003,8600
dom,2004,8000
dom,2005,9100
dom,2006,8000
dom,2007,7000
dom,2008,7300
dom,2009,7200
dom,2010,6600
dom,2011,7300
dom,2012,7200
dom,2013,7500
dom,2014,7400
dom,2015,7600
dom,2016,7000
dom,2017,6200
dom,2018,6200
dom,2019,5700
dom,2020,5700
ecu,2000,12000
ecu,2001,10000
ecu,2002,9700
ecu,2003,12000
ecu,2004,11000
ecu,2005,6800
ecu,2006,7100
ecu,2007,7600
ecu,2008,7500
ecu,2009,7200
ecu,2010,7400
ecu,2011,7900
ecu,2012,8600
ecu,2013,8200
ecu,2014,7900
ecu,2015,7800
ecu,2016,8100
ecu,2017,8900
ecu,2018,9300
ecu,2019,10000
ecu,2020,11000
egy,2000,21000
egy,2001,20000
egy,2002,19000
egy,2003,19000
egy,2004,18000
egy,2005,18000
egy,2006,17000
egy,2007,17000
egy,2008,17000
egy,2009,17000
egy,2010,17000
egy,2011,17000
egy,2012,17000
egy,2013,17000
egy,2014,15000
egy,2015,15000
egy,2016,15000
egy,2017,14000
egy,2018,14000
egy,2019,13000
egy,2020,13000
slv,2000,2100
slv,2001,2100
slv,2002,2200
slv,2003,1900
slv,2004,2000
slv,2005,2600
slv,2006,2400
slv,2007,2400
slv,2008,2500
slv,2009,2400
slv,2010,2400
slv,2011,2800
slv,2012,3000
slv,2013,3200
slv,2014,3300
slv,2015,3700
slv,2016,4800
slv,2017,6100
slv,2018,6000
slv,2019,4800
slv,2020,4600
gnq,2000,1400
gnq,2001,1500
gnq,2002,1600
gnq,2003,1600
gnq,2004,1700
gnq,2005,1800
gnq,2006,2000
gnq,2007,2200
gnq,2008,2300
gnq,2009,2300
gnq,2010,2700
gnq,2011,2900
gnq,2012,3300
gnq,2013,3600
gnq,2014,4000
gnq,2015,4500
gnq,2016,5100
gnq,2017,5200
gnq,2018,4600
gnq,2019,5500
gnq,2020,5600
eri,2000,6900
eri,2001,7000
eri,2002,7100
eri,2003,32000
eri,2004,26000
eri,2005,18000
eri,2006,13000
eri,2007,18000
eri,2008,12000
eri,2009,12000
eri,2010,11000
eri,2011,12000
eri,2012,13000
eri,2013,11000
eri,2014,8200
eri,2015,6500
eri,2016,7200
eri,2017,6300
eri,2018,5500
eri,2019,5300
eri,2020,5000
est,2000,1100
est,2001,940
est,2002,820
est,2003,770
est,2004,710
est,2005,640
est,2006,560
est,2007,610
est,2008,530
est,2009,480
est,2010,380
est,2011,390
est,2012,340
est,2013,350
est,2014,310
est,2015,270
est,2016,250
est,2017,230
est,2018,190
est,2019,200
est,2020,160
swz,2000,24000
swz,2001,25000
swz,2002,30000
swz,2003,37000
swz,2004,40000
swz,2005,46000
swz,2006,49000
swz,2007,47000
swz,2008,45000
swz,2009,58000
swz,2010,59000
swz,2011,41000
swz,2012,31000
swz,2013,27000
swz,2014,20000
swz,2015,13000
swz,2016,10000
swz,2017,9300
swz,2018,7800
swz,2019,6100
swz,2020,5400
eth,2000,692000
eth,2001,678000
eth,2002,653000
eth,2003,623000
eth,2004,591000
eth,2005,561000
eth,2006,534000
eth,2007,510000
eth,2008,488000
eth,2009,465000
eth,2010,442000
eth,2011,372000
eth,2012,392000
eth,2013,368000
eth,2014,336000
eth,2015,276000
eth,2016,266000
eth,2017,246000
eth,2018,228000
eth,2019,211000
eth,2020,205000
fji,2000,200
fji,2001,250
fji,2002,200
fji,2003,260
fji,2004,180
fji,2005,180
fji,2006,150
fji,2007,120
fji,2008,140
fji,2009,190
fji,2010,260
fji,2011,300
fji,2012,290
fji,2013,360
fji,2014,570
fji,2015,550
fji,2016,460
fji,2017,540
fji,2018,590
fji,2019,750
fji,2020,750
fin,2000,700
fin,2001,610
fin,2002,600
fin,2003,520
fin,2004,420
fin,2005,450
fin,2006,370
fin,2007,400
fin,2008,440
fin,2009,530
fin,2010,410
fin,2011,420
fin,2012,350
fin,2013,350
fin,2014,330
fin,2015,350
fin,2016,300
fin,2017,310
fin,2018,300
fin,2019,300
fin,2020,230
fra,2000,8400
fra,2001,7900
fra,2002,7800
fra,2003,8200
fra,2004,7000
fra,2005,6800
fra,2006,6800
fra,2007,7400
fra,2008,7400
fra,2009,6700
fra,2010,6600
fra,2011,6500
fra,2012,6400
fra,2013,6400
fra,2014,6200
fra,2015,6100
fra,2016,6400
fra,2017,6600
fra,2018,6500
fra,2019,6700
fra,2020,6000
pyf,2000,82
pyf,2001,82
pyf,2002,88
pyf,2003,68
pyf,2004,82
pyf,2005,84
pyf,2006,92
pyf,2007,85
pyf,2008,66
pyf,2009,70
pyf,2010,54
pyf,2011,85
pyf,2012,66
pyf,2013,69
pyf,2014,74
pyf,2015,61
pyf,2016,73
pyf,2017,69
pyf,2018,72
pyf,2019,72
pyf,2020,85
gab,2000,9000
gab,2001,10000
gab,2002,11000
gab,2003,12000
gab,2004,12000
gab,2005,12000
gab,2006,12000
gab,2007,12000
gab,2008,13000
gab,2009,13000
gab,2010,13000
gab,2011,14000
gab,2012,14000
gab,2013,14000
gab,2014,15000
gab,2015,15000
gab,2016,15000
gab,2017,16000
gab,2018,16000
gab,2019,16000
gab,2020,17000
gmb,2000,3400
gmb,2001,3500
gmb,2002,3600
gmb,2003,3700
gmb,2004,3600
gmb,2005,3900
gmb,2006,4600
gmb,2007,4600
gmb,2008,4100
gmb,2009,4200
gmb,2010,4800
gmb,2011,4300
gmb,2012,4400
gmb,2013,4600
gmb,2014,4700
gmb,2015,4800
gmb,2016,4800
gmb,2017,4800
gmb,2018,4800
gmb,2019,4800
gmb,2020,4900
geo,2000,30000
geo,2001,27000
geo,2002,24000
geo,2003,21000
geo,2004,18000
geo,2005,16000
geo,2006,14000
geo,2007,12000
geo,2008,9100
geo,2009,6500
geo,2010,6400
geo,2011,6000
geo,2012,6400
geo,2013,6800
geo,2014,5900
geo,2015,5100
geo,2016,4500
geo,2017,4100
geo,2018,3800
geo,2019,3500
geo,2020,3300
deu,2000,12000
deu,2001,9200
deu,2002,9200
deu,2003,9300
deu,2004,8200
deu,2005,7600
deu,2006,6800
deu,2007,6200
deu,2008,5500
deu,2009,5500
deu,2010,5400
deu,2011,5400
deu,2012,5400
deu,2013,5600
deu,2014,5800
deu,2015,7500
deu,2016,7600
deu,2017,7100
deu,2018,7000
deu,2019,6100
deu,2020,5300
gha,2000,88000
gha,2001,89000
gha,2002,89000
gha,2003,89000
gha,2004,89000
gha,2005,89000
gha,2006,88000
gha,2007,88000
gha,2008,87000
gha,2009,87000
gha,2010,86000
gha,2011,85000
gha,2012,83000
gha,2013,82000
gha,2014,82000
gha,2015,80000
gha,2016,78000
gha,2017,77000
gha,2018,76000
gha,2019,74000
gha,2020,76000
grc,2000,930
grc,2001,670
grc,2002,760
grc,2003,790
grc,2004,980
grc,2005,920
grc,2006,820
grc,2007,820
grc,2008,780
grc,2009,720
grc,2010,590
grc,2011,600
grc,2012,690
grc,2013,660
grc,2014,640
grc,2015,580
grc,2016,540
grc,2017,580
grc,2018,540
grc,2019,580
grc,2020,550
grl,2000,84
grl,2001,86
grl,2002,88
grl,2003,90
grl,2004,92
grl,2005,93
grl,2006,95
grl,2007,97
grl,2008,99
grl,2009,84
grl,2010,150
grl,2011,150
grl,2012,110
grl,2013,130
grl,2014,120
grl,2015,110
grl,2016,77
grl,2017,76
grl,2018,65
grl,2019,84
grl,2020,98
grd,2000,0
grd,2001,1
grd,2002,1
grd,2003,3
grd,2004,3
grd,2005,2
grd,2006,1
grd,2007,4
grd,2008,7
grd,2009,7
grd,2010,6
grd,2011,3
grd,2012,1
grd,2013,1
grd,2014,0
grd,2015,7
grd,2016,9
grd,2017,4
grd,2018,3
grd,2019,4
grd,2020,4
gum,2000,72
gum,2001,84
gum,2002,68
gum,2003,29
gum,2004,66
gum,2005,84
gum,2006,58
gum,2007,70
gum,2008,120
gum,2009,140
gum,2010,130
gum,2011,110
gum,2012,90
gum,2013,64
gum,2014,74
gum,2015,100
gum,2016,100
gum,2017,110
gum,2018,94
gum,2019,100
gum,2020,76
gtm,2000,4800
gtm,2001,3800
gtm,2002,4700
gtm,2003,4200
gtm,2004,5500
gtm,2005,6500
gtm,2006,6100
gtm,2007,5100
gtm,2008,5200
gtm,2009,4500
gtm,2010,5300
gtm,2011,4800
gtm,2012,5500
gtm,2013,5200
gtm,2014,4900
gtm,2015,5200
gtm,2016,5000
gtm,2017,5400
gtm,2018,5600
gtm,2019,5900
gtm,2020,6200
gin,2000,30000
gin,2001,29000
gin,2002,29000
gin,2003,29000
gin,2004,29000
gin,2005,29000
gin,2006,29000
gin,2007,29000
gin,2008,28000
gin,2009,28000
gin,2010,28000
gin,2011,28000
gin,2012,28000
gin,2013,28000
gin,2014,28000
gin,2015,29000
gin,2016,30000
gin,2017,30000
gin,2018,31000
gin,2019,32000
gin,2020,34000
gnb,2000,5000
gnb,2001,5300
gnb,2002,5700
gnb,2003,6200
gnb,2004,6600
gnb,2005,6900
gnb,2006,7100
gnb,2007,7300
gnb,2008,7500
gnb,2009,7700
gnb,2010,7900
gnb,2011,8100
gnb,2012,8300
gnb,2013,8500
gnb,2014,8700
gnb,2015,9000
gnb,2016,9200
gnb,2017,9400
gnb,2018,9700
gnb,2019,9900
gnb,2020,10000
guy,2000,650
guy,2001,650
guy,2002,980
guy,2003,1100
guy,2004,1000
guy,2005,1100
guy,2006,1200
guy,2007,990
guy,2008,1100
guy,2009,1400
guy,2010,1300
guy,2011,1200
guy,2012,1300
guy,2013,1200
guy,2014,890
guy,2015,940
guy,2016,950
guy,2017,840
guy,2018,820
guy,2019,790
guy,2020,790
hti,2000,39000
hti,2001,41000
hti,2002,42000
hti,2003,43000
hti,2004,43000
hti,2005,43000
hti,2006,42000
hti,2007,41000
hti,2008,39000
hti,2009,38000
hti,2010,36000
hti,2011,32000
hti,2012,29000
hti,2013,27000
hti,2014,28000
hti,2015,26000
hti,2016,26000
hti,2017,26000
hti,2018,25000
hti,2019,24000
hti,2020,24000
hnd,2000,18000
hnd,2001,12000
hnd,2002,9800
hnd,2003,8400
hnd,2004,7000
hnd,2005,6200
hnd,2006,5800
hnd,2007,4800
hnd,2008,4900
hnd,2009,5100
hnd,2010,4900
hnd,2011,5700
hnd,2012,5200
hnd,2013,5100
hnd,2014,4700
hnd,2015,4900
hnd,2016,4800
hnd,2017,4600
hnd,2018,4700
hnd,2019,3800
hnd,2020,3800
hun,2000,4100
hun,2001,3900
hun,2002,3600
hun,2003,3600
hun,2004,3000
hun,2005,2400
hun,2006,2200
hun,2007,2000
hun,2008,1900
hun,2009,1700
hun,2010,2000
hun,2011,1700
hun,2012,1500
hun,2013,1400
hun,2014,1100
hun,2015,1100
hun,2016,980
hun,2017,860
hun,2018,800
hun,2019,700
hun,2020,510
isl,2000,17
isl,2001,16
isl,2002,11
isl,2003,7
isl,2004,15
isl,2005,13
isl,2006,17
isl,2007,16
isl,2008,8
isl,2009,12
isl,2010,29
isl,2011,11
isl,2012,13
isl,2013,15
isl,2014,11
isl,2015,9
isl,2016,8
isl,2017,17
isl,2018,11
isl,2019,17
isl,2020,11
ind,2000,6110000
ind,2001,6190000
ind,2002,6260000
ind,2003,6300000
ind,2004,6310000
ind,2005,6280000
ind,2006,6200000
ind,2007,6090000
ind,2008,5950000
ind,2009,5790000
ind,2010,5630000
ind,2011,5470000
ind,2012,5310000
ind,2013,5180000
ind,2014,4540000
ind,2015,4300000
ind,2016,4010000
ind,2017,3830000
ind,2018,3730000
ind,2019,3630000
ind,2020,3550000
idn,2000,868000
idn,2001,878000
idn,2002,886000
idn,2003,893000
idn,2004,898000
idn,2005,903000
idn,2006,905000
idn,2007,907000
idn,2008,908000
idn,2009,909000
idn,2010,910000
idn,2011,912000
idn,2012,915000
idn,2013,918000
idn,2014,920000
idn,2015,922000
idn,2016,923000
idn,2017,923000
idn,2018,923000
idn,2019,923000
idn,2020,897000
irn,2000,22000
irn,2001,22000
irn,2002,21000
irn,2003,19000
irn,2004,18000
irn,2005,15000
irn,2006,16000
irn,2007,16000
irn,2008,16000
irn,2009,17000
irn,2010,18000
irn,2011,19000
irn,2012,19000
irn,2013,19000
irn,2014,17000
irn,2015,17000
irn,2016,15000
irn,2017,15000
irn,2018,14000
irn,2019,13000
irn,2020,13000
irq,2000,15000
irq,2001,15000
irq,2002,15000
irq,2003,15000
irq,2004,16000
irq,2005,16000
irq,2006,16000
irq,2007,16000
irq,2008,16000
irq,2009,16000
irq,2010,16000
irq,2011,17000
irq,2012,16000
irq,2013,16000
irq,2014,16000
irq,2015,15000
irq,2016,15000
irq,2017,14000
irq,2018,13000
irq,2019,13000
irq,2020,12000
irl,2000,510
irl,2001,520
irl,2002,500
irl,2003,540
irl,2004,540
irl,2005,560
irl,2006,590
irl,2007,580
irl,2008,570
irl,2009,570
irl,2010,510
irl,2011,520
irl,2012,450
irl,2013,470
irl,2014,390
irl,2015,390
irl,2016,390
irl,2017,400
irl,2018,390
irl,2019,330
irl,2020,300
isr,2000,710
isr,2001,680
isr,2002,620
isr,2003,630
isr,2004,610
isr,2005,490
isr,2006,450
isr,2007,530
isr,2008,430
isr,2009,460
isr,2010,450
isr,2011,550
isr,2012,670
isr,2013,410
isr,2014,480
isr,2015,370
isr,2016,330
isr,2017,310
isr,2018,390
isr,2019,290
isr,2020,210
ita,2000,4700
ita,2001,5700
ita,2002,5200
ita,2003,5800
ita,2004,5300
ita,2005,5100
ita,2006,5500
ita,2007,3700
ita,2008,5500
ita,2009,5400
ita,2010,6000
ita,2011,4500
ita,2012,4100
ita,2013,4000
ita,2014,4600
ita,2015,4600
ita,2016,5000
ita,2017,5100
ita,2018,5000
ita,2019,4200
ita,2020,4600
jam,2000,240
jam,2001,230
jam,2002,190
jam,2003,220
jam,2004,210
jam,2005,150
jam,2006,160
jam,2007,180
jam,2008,180
jam,2009,270
jam,2010,240
jam,2011,180
jam,2012,150
jam,2013,160
jam,2014,140
jam,2015,180
jam,2016,180
jam,2017,220
jam,2018,130
jam,2019,120
jam,2020,89
jpn,2000,52000
jpn,2001,47000
jpn,2002,44000
jpn,2003,42000
jpn,2004,40000
jpn,2005,36000
jpn,2006,34000
jpn,2007,33000
jpn,2008,32000
jpn,2009,31000
jpn,2010,30000
jpn,2011,29000
jpn,2012,28000
jpn,2013,27000
jpn,2014,26000
jpn,2015,24000
jpn,2016,23000
jpn,2017,22000
jpn,2018,21000
jpn,2019,19000
jpn,2020,17000
jor,2000,520
jor,2001,600
jor,2002,530
jor,2003,540
jor,2004,550
jor,2005,640
jor,2006,650
jor,2007,560
jor,2008,590
jor,2009,620
jor,2010,540
jor,2011,520
jor,2012,510
jor,2013,540
jor,2014,610
jor,2015,680
jor,2016,660
jor,2017,870
jor,2018,610
jor,2019,710
jor,2020,610
kaz,2000,56000
kaz,2001,63000
kaz,2002,68000
kaz,2003,71000
kaz,2004,71000
kaz,2005,67000
kaz,2006,61000
kaz,2007,55000
kaz,2008,52000
kaz,2009,50000
kaz,2010,46000
kaz,2011,42000
kaz,2012,37000
kaz,2013,31000
kaz,2014,25000
kaz,2015,21000
kaz,2016,19000
kaz,2017,18000
kaz,2018,17000
kaz,2019,18000
kaz,2020,19000
ken,2000,268000
ken,2001,323000
ken,2002,368000
ken,2003,469000
ken,2004,513000
ken,2005,521000
ken,2006,560000
ken,2007,534000
ken,2008,474000
ken,2009,489000
ken,2010,454000
ken,2011,433000
ken,2012,398000
ken,2013,372000
ken,2014,355000
ken,2015,312000
ken,2016,281000
ken,2017,254000
ken,2018,229000
ken,2019,208000
ken,2020,205000
kir,2000,390
kir,2001,270
kir,2002,290
kir,2003,440
kir,2004,490
kir,2005,530
kir,2006,620
kir,2007,530
kir,2008,530
kir,2009,420
kir,2010,430
kir,2011,540
kir,2012,540
kir,2013,660
kir,2014,670
kir,2015,830
kir,2016,880
kir,2017,600
kir,2018,490
kir,2019,650
kir,2020,640
kwt,2000,680
kwt,2001,660
kwt,2002,780
kwt,2003,750
kwt,2004,740
kwt,2005,690
kwt,2006,860
kwt,2007,860
kwt,2008,1200
kwt,2009,1200
kwt,2010,1300
kwt,2011,890
kwt,2012,980
kwt,2013,940
kwt,2014,980
kwt,2015,990
kwt,2016,1100
kwt,2017,1300
kwt,2018,1100
kwt,2019,1100
kwt,2020,920
kgz,2000,8600
kgz,2001,9300
kgz,2002,9300
kgz,2003,8800
kgz,2004,8400
kgz,2005,8800
kgz,2006,8500
kgz,2007,8400
kgz,2008,9400
kgz,2009,8100
kgz,2010,7600
kgz,2011,8100
kgz,2012,8400
kgz,2013,9800
kgz,2014,8700
kgz,2015,9600
kgz,2016,9600
kgz,2017,9000
kgz,2018,8500
kgz,2019,8200
kgz,2020,8000
lao,2000,35000
lao,2001,33000
lao,2002,32000
lao,2003,30000
lao,2004,29000
lao,2005,28000
lao,2006,27000
lao,2007,26000
lao,2008,24000
lao,2009,23000
lao,2010,23000
lao,2011,22000
lao,2012,21000
lao,2013,20000
lao,2014,19000
lao,2015,19000
lao,2016,18000
lao,2017,17000
lao,2018,17000
lao,2019,16000
lao,2020,16000
lva,2000,2600
lva,2001,2700
lva,2002,2400
lva,2003,2200
lva,2004,2100
lva,2005,1900
lva,2006,1700
lva,2007,1600
lva,2008,1400
lva,2009,1300
lva,2010,1200
lva,2011,1100
lva,2012,1300
lva,2013,1200
lva,2014,980
lva,2015,930
lva,2016,850
lva,2017,720
lva,2018,650
lva,2019,570
lva,2020,500
lbn,2000,800
lbn,2001,700
lbn,2002,580
lbn,2003,490
lbn,2004,510
lbn,2005,500
lbn,2006,480
lbn,2007,620
lbn,2008,690
lbn,2009,660
lbn,2010,680
lbn,2011,650
lbn,2012,840
lbn,2013,920
lbn,2014,890
lbn,2015,860
lbn,2016,840
lbn,2017,800
lbn,2018,860
lbn,2019,1000
lbn,2020,1000
lso,2000,27000
lso,2001,32000
lso,2002,36000
lso,2003,40000
lso,2004,43000
lso,2005,46000
lso,2006,47000
lso,2007,48000
lso,2008,48000
lso,2009,48000
lso,2010,45000
lso,2011,41000
lso,2012,37000
lso,2013,33000
lso,2014,28000
lso,2015,25000
lso,2016,23000
lso,2017,21000
lso,2018,20000
lso,2019,20000
lso,2020,20000
lbr,2000,9100
lbr,2001,9700
lbr,2002,10000
lbr,2003,11000
lbr,2004,11000
lbr,2005,12000
lbr,2006,12000
lbr,2007,13000
lbr,2008,14000
lbr,2009,15000
lbr,2010,16000
lbr,2011,17000
lbr,2012,18000
lbr,2013,19000
lbr,2014,19000
lbr,2015,20000
lbr,2016,20000
lbr,2017,21000
lbr,2018,21000
lbr,2019,22000
lbr,2020,23000
lby,2000,2700
lby,2001,2600
lby,2002,2500
lby,2003,2500
lby,2004,2700
lby,2005,2500
lby,2006,2600
lby,2007,2600
lby,2008,2700
lby,2009,2700
lby,2010,3000
lby,2011,3200
lby,2012,3200
lby,2013,3200
lby,2014,3300
lby,2015,3300
lby,2016,3400
lby,2017,3400
lby,2018,3500
lby,2019,5900
lby,2020,6000
ltu,2000,3500
ltu,2001,3500
ltu,2002,3200
ltu,2003,3500
ltu,2004,2700
ltu,2005,2800
ltu,2006,3100
ltu,2007,3000
ltu,2008,2800
ltu,2009,2500
ltu,2010,2300
ltu,2011,2300
ltu,2012,2200
ltu,2013,2100
ltu,2014,2000
ltu,2015,1900
ltu,2016,1800
ltu,2017,1700
ltu,2018,1400
ltu,2019,1300
ltu,2020,910
lux,2000,58
lux,2001,41
lux,2002,41
lux,2003,72
lux,2004,41
lux,2005,49
lux,2006,44
lux,2007,52
lux,2008,37
lux,2009,36
lux,2010,39
lux,2011,33
lux,2012,60
lux,2013,50
lux,2014,32
lux,2015,40
lux,2016,39
lux,2017,43
lux,2018,56
lux,2019,64
lux,2020,43
mdg,2000,72000
mdg,2001,71000
mdg,2002,71000
mdg,2003,71000
mdg,2004,71000
mdg,2005,71000
mdg,2006,72000
mdg,2007,72000
mdg,2008,72000
mdg,2009,73000
mdg,2010,74000
mdg,2011,75000
mdg,2012,76000
mdg,2013,76000
mdg,2014,79000
mdg,2015,81000
mdg,2016,83000
mdg,2017,85000
mdg,2018,87000
mdg,2019,90000
mdg,2020,94000
mwi,2000,122000
mwi,2001,131000
mwi,2002,137000
mwi,2003,142000
mwi,2004,145000
mwi,2005,146000
mwi,2006,146000
mwi,2007,144000
mwi,2008,140000
mwi,2009,134000
mwi,2010,126000
mwi,2011,116000
mwi,2012,104000
mwi,2013,90000
mwi,2014,74000
mwi,2015,61000
mwi,2016,53000
mwi,2017,48000
mwi,2018,45000
mwi,2019,44000
mwi,2020,43000
mys,2000,19000
mys,2001,19000
mys,2002,18000
mys,2003,20000
mys,2004,19000
mys,2005,20000
mys,2006,21000
mys,2007,21000
mys,2008,22000
mys,2009,22000
mys,2010,24000
mys,2011,26000
mys,2012,29000
mys,2013,31000
mys,2014,32000
mys,2015,31000
mys,2016,33000
mys,2017,34000
mys,2018,33000
mys,2019,34000
mys,2020,35000
mdv,2000,240
mdv,2001,250
mdv,2002,220
mdv,2003,240
mdv,2004,200
mdv,2005,210
mdv,2006,160
mdv,2007,210
mdv,2008,200
mdv,2009,160
mdv,2010,150
mdv,2011,130
mdv,2012,170
mdv,2013,180
mdv,2014,200
mdv,2015,250
mdv,2016,280
mdv,2017,210
mdv,2018,210
mdv,2019,240
mdv,2020,260
mli,2000,14000
mli,2001,14000
mli,2002,14000
mli,2003,14000
mli,2004,14000
mli,2005,14000
mli,2006,14000
mli,2007,14000
mli,2008,14000
mli,2009,13000
mli,2010,14000
mli,2011,14000
mli,2012,15000
mli,2013,15000
mli,2014,14000
mli,2015,15000
mli,2016,14000
mli,2017,15000
mli,2018,15000
mli,2019,15000
mli,2020,15000
mlt,2000,21
mlt,2001,21
mlt,2002,32
mlt,2003,9
mlt,2004,24
mlt,2005,29
mlt,2006,40
mlt,2007,50
mlt,2008,64
mlt,2009,56
mlt,2010,39
mlt,2011,40
mlt,2012,56
mlt,2013,66
mlt,2014,60
mlt,2015,43
mlt,2016,66
mlt,2017,56
mlt,2018,73
mlt,2019,130
mlt,2020,190
mhl,2000,44
mhl,2001,75
mhl,2002,68
mhl,2003,81
mhl,2004,170
mhl,2005,160
mhl,2006,200
mhl,2007,240
mhl,2008,180
mhl,2009,210
mhl,2010,300
mhl,2011,200
mhl,2012,210
mhl,2013,220
mhl,2014,210
mhl,2015,200
mhl,2016,270
mhl,2017,320
mhl,2018,820
mhl,2019,360
mhl,2020,360
mrt,2000,16000
mrt,2001,14000
mrt,2002,13000
mrt,2003,12000
mrt,2004,11000
mrt,2005,11000
mrt,2006,9900
mrt,2007,9300
mrt,2008,8800
mrt,2009,8300
mrt,2010,7900
mrt,2011,7500
mrt,2012,7200
mrt,2013,6800
mrt,2014,6800
mrt,2015,6600
mrt,2016,6300
mrt,2017,6100
mrt,2018,5900
mrt,2019,5800
mrt,2020,5800
mus,2000,280
mus,2001,200
mus,2002,230
mus,2003,230
mus,2004,230
mus,2005,200
mus,2006,180
mus,2007,160
mus,2008,170
mus,2009,180
mus,2010,190
mus,2011,180
mus,2012,210
mus,2013,210
mus,2014,200
mus,2015,210
mus,2016,190
mus,2017,190
mus,2018,210
mus,2019,190
mus,2020,200
mex,2000,29000
mex,2001,30000
mex,2002,28000
mex,2003,30000
mex,2004,23000
mex,2005,29000
mex,2006,28000
mex,2007,29000
mex,2008,29000
mex,2009,29000
mex,2010,32000
mex,2011,31000
mex,2012,32000
mex,2013,32000
mex,2014,33000
mex,2015,34000
mex,2016,35000
mex,2017,36000
mex,2018,37000
mex,2019,37000
mex,2020,39000
fsm,2000,150
fsm,2001,170
fsm,2002,220
fsm,2003,180
fsm,2004,200
fsm,2005,160
fsm,2006,170
fsm,2007,260
fsm,2008,320
fsm,2009,280
fsm,2010,320
fsm,2011,280
fsm,2012,270
fsm,2013,290
fsm,2014,380
fsm,2015,170
fsm,2016,270
fsm,2017,250
fsm,2018,160
fsm,2019,140
fsm,2020,110
mco,2000,0
mco,2001,0
mco,2002,0
mco,2003,0
mco,2004,0
mco,2005,0
mco,2006,0
mco,2007,0
mco,2008,0
mco,2009,0
mco,2010,1
mco,2011,0
mco,2012,0
mco,2013,0
mco,2014,0
mco,2015,0
mco,2016,3
mco,2017,0
mco,2018,1
mco,2019,0
mco,2020,0
mng,2000,17000
mng,2001,17000
mng,2002,17000
mng,2003,17000
mng,2004,18000
mng,2005,18000
mng,2006,18000
mng,2007,18000
mng,2008,19000
mng,2009,19000
mng,2010,19000
mng,2011,19000
mng,2012,20000
mng,2013,20000
mng,2014,21000
mng,2015,21000
mng,2016,21000
mng,2017,22000
mng,2018,22000
mng,2019,23000
mng,2020,24000
mne,2005,240
mne,2006,260
mne,2007,220
mne,2008,190
mne,2009,160
mne,2010,150
mne,2011,150
mne,2012,130
mne,2013,170
mne,2014,160
mne,2015,110
mne,2016,120
mne,2017,99
mne,2018,110
mne,2019,110
mne,2020,120
msr,2000,0
msr,2001,0
msr,2002,0
msr,2003,2
msr,2004,0
msr,2005,2
msr,2006,0
msr,2007,3
msr,2008,2
msr,2009,1
msr,2010,0
msr,2011,0
msr,2012,0
msr,2013,0
msr,2014,0
msr,2015,0
msr,2016,0
msr,2017,0
msr,2018,0
msr,2019,0
msr,2020,0
mar,2000,39000
mar,2001,38000
mar,2002,41000
mar,2003,36000
mar,2004,35000
mar,2005,35000
mar,2006,35000
mar,2007,34000
mar,2008,36000
mar,2009,36000
mar,2010,38000
mar,2011,38000
mar,2012,38000
mar,2013,39000
mar,2014,40000
mar,2015,41000
mar,2016,42000
mar,2017,41000
mar,2018,41000
mar,2019,41000
mar,2020,42000
moz,2000,86000
moz,2001,89000
moz,2002,92000
moz,2003,95000
moz,2004,98000
moz,2005,102000
moz,2006,105000
moz,2007,110000
moz,2008,114000
moz,2009,119000
moz,2010,123000
moz,2011,128000
moz,2012,132000
moz,2013,136000
moz,2014,140000
moz,2015,144000
moz,2016,148000
moz,2017,152000
moz,2018,157000
moz,2019,162000
moz,2020,170000
mmr,2000,515000
mmr,2001,519000
mmr,2002,521000
mmr,2003,522000
mmr,2004,522000
mmr,2005,520000
mmr,2006,518000
mmr,2007,514000
mmr,2008,511000
mmr,2009,507000
mmr,2010,467000
mmr,2011,432000
mmr,2012,400000
mmr,2013,371000
mmr,2014,345000
mmr,2015,321000
mmr,2016,299000
mmr,2017,279000
mmr,2018,260000
mmr,2019,245000
mmr,2020,234000
nam,2000,30000
nam,2001,36000
nam,2002,41000
nam,2003,45000
nam,2004,46000
nam,2005,47000
nam,2006,45000
nam,2007,42000
nam,2008,39000
nam,2009,35000
nam,2010,31000
nam,2011,28000
nam,2012,25000
nam,2013,24000
nam,2014,23000
nam,2015,21000
nam,2016,20000
nam,2017,19000
nam,2018,17000
nam,2019,16000
nam,2020,16000
nru,2000,5
nru,2001,4
nru,2002,7
nru,2003,4
nru,2004,9
nru,2005,15
nru,2006,16
nru,2007,4
nru,2008,7
nru,2009,5
nru,2010,4
nru,2011,7
nru,2012,8
nru,2013,9
nru,2014,11
nru,2015,13
nru,2016,13
nru,2017,12
nru,2018,7
nru,2019,23
nru,2020,23
npl,2000,156000
npl,2001,154000
npl,2002,152000
npl,2003,150000
npl,2004,147000
npl,2005,145000
npl,2006,143000
npl,2007,140000
npl,2008,137000
npl,2009,134000
npl,2010,131000
npl,2011,127000
npl,2012,123000
npl,2013,118000
npl,2014,114000
npl,2015,111000
npl,2016,108000
npl,2017,106000
npl,2018,104000
npl,2019,103000
npl,2020,104000
ant,2000,7
ant,2001,12
ant,2002,20
ant,2003,12
ant,2004,15
ant,2005,11
ant,2006,7
ant,2007,8
ant,2008,7
ant,2009,7
nld,2000,1700
nld,2001,1900
nld,2002,1800
nld,2003,1700
nld,2004,1700
nld,2005,1500
nld,2006,1300
nld,2007,1200
nld,2008,1300
nld,2009,1500
nld,2010,1400
nld,2011,1300
nld,2012,1200
nld,2013,1100
nld,2014,1100
nld,2015,1100
nld,2016,1200
nld,2017,1000
nld,2018,1100
nld,2019,990
nld,2020,820
ncl,2000,120
ncl,2001,81
ncl,2002,86
ncl,2003,50
ncl,2004,81
ncl,2005,62
ncl,2006,66
ncl,2007,62
ncl,2008,66
ncl,2009,72
ncl,2010,65
ncl,2011,69
ncl,2012,50
ncl,2013,57
ncl,2014,39
ncl,2015,74
ncl,2016,50
ncl,2017,45
ncl,2018,49
ncl,2019,31
ncl,2020,34
nzl,2000,460
nzl,2001,500
nzl,2002,440
nzl,2003,560
nzl,2004,490
nzl,2005,440
nzl,2006,460
nzl,2007,360
nzl,2008,390
nzl,2009,400
nzl,2010,400
nzl,2011,410
nzl,2012,390
nzl,2013,360
nzl,2014,390
nzl,2015,390
nzl,2016,390
nzl,2017,400
nzl,2018,400
nzl,2019,410
nzl,2020,420
nic,2000,4100
nic,2001,4200
nic,2002,3400
nic,2003,3800
nic,2004,3700
nic,2005,3000
nic,2006,3200
nic,2007,3800
nic,2008,3900
nic,2009,3700
nic,2010,4100
nic,2011,4600
nic,2012,4800
nic,2013,4600
nic,2014,4400
nic,2015,4000
nic,2016,3800
nic,2017,3600
nic,2018,3300
nic,2019,3600
nic,2020,3600
ner,2000,45000
ner,2001,42000
ner,2002,39000
ner,2003,38000
ner,2004,36000
ner,2005,34000
ner,2006,33000
ner,2007,32000
ner,2008,31000
ner,2009,30000
ner,2010,30000
ner,2011,29000
ner,2012,29000
ner,2013,29000
ner,2014,29000
ner,2015,28000
ner,2016,28000
ner,2017,28000
ner,2018,28000
ner,2019,28000
ner,2020,29000
nga,2000,380000
nga,2001,390000
nga,2002,400000
nga,2003,410000
nga,2004,421000
nga,2005,432000
nga,2006,443000
nga,2007,455000
nga,2008,468000
nga,2009,480000
nga,2010,493000
nga,2011,507000
nga,2012,520000
nga,2013,534000
nga,2014,549000
nga,2015,564000
nga,2016,579000
nga,2017,594000
nga,2018,609000
nga,2019,625000
nga,2020,641000
niu,2000,0
niu,2001,0
niu,2002,7
niu,2003,0
niu,2004,0
niu,2005,0
niu,2006,0
niu,2007,0
niu,2008,0
niu,2009,0
niu,2010,0
niu,2011,2
niu,2012,0
niu,2013,0
niu,2014,0
niu,2015,0
niu,2016,1
niu,2017,0
niu,2018,3
niu,2019,0
niu,2020,1
mkd,2000,1600
mkd,2001,1600
mkd,2002,1800
mkd,2003,1800
mkd,2004,1600
mkd,2005,1400
mkd,2006,1300
mkd,2007,1200
mkd,2008,930
mkd,2009,930
mkd,2010,740
mkd,2011,610
mkd,2012,640
mkd,2013,570
mkd,2014,490
mkd,2015,490
mkd,2016,450
mkd,2017,350
mkd,2018,350
mkd,2019,310
mkd,2020,310
mnp,2000,100
mnp,2001,77
mnp,2002,70
mnp,2003,60
mnp,2004,70
mnp,2005,76
mnp,2006,68
mnp,2007,58
mnp,2008,37
mnp,2009,50
mnp,2010,43
mnp,2011,44
mnp,2012,43
mnp,2013,44
mnp,2014,35
mnp,2015,37
mnp,2016,37
mnp,2017,54
mnp,2018,62
mnp,2019,68
mnp,2020,54
nor,2000,290
nor,2001,370
nor,2002,320
nor,2003,440
nor,2004,380
nor,2005,370
nor,2006,370
nor,2007,380
nor,2008,390
nor,2009,440
nor,2010,390
nor,2011,430
nor,2012,460
nor,2013,480
nor,2014,400
nor,2015,380
nor,2016,370
nor,2017,310
nor,2018,250
nor,2019,200
nor,2020,190
pse,2000,300
pse,2001,210
pse,2002,140
pse,2003,77
pse,2004,41
pse,2005,53
pse,2006,94
pse,2007,65
pse,2008,85
pse,2009,70
pse,2010,58
pse,2011,60
pse,2012,60
pse,2013,73
pse,2014,89
pse,2015,82
pse,2016,68
pse,2017,51
pse,2018,52
pse,2019,33
pse,2020,31
omn,2000,430
omn,2001,390
omn,2002,390
omn,2003,340
omn,2004,390
omn,2005,350
omn,2006,450
omn,2007,440
omn,2008,470
omn,2009,440
omn,2010,410
omn,2011,450
omn,2012,510
omn,2013,440
omn,2014,480
omn,2015,440
omn,2016,460
omn,2017,360
omn,2018,330
omn,2019,490
omn,2020,420
pak,2000,568000
pak,2001,583000
pak,2002,597000
pak,2003,612000
pak,2004,626000
pak,2005,641000
pak,2006,656000
pak,2007,671000
pak,2008,686000
pak,2009,701000
pak,2010,717000
pak,2011,733000
pak,2012,748000
pak,2013,762000
pak,2014,760000
pak,2015,759000
pak,2016,734000
pak,2017,746000
pak,2018,755000
pak,2019,764000
pak,2020,764000
plw,2000,14
plw,2001,14
plw,2002,15
plw,2003,12
plw,2004,7
plw,2005,13
plw,2006,16
plw,2007,15
plw,2008,20
plw,2009,25
plw,2010,25
plw,2011,16
plw,2012,5
plw,2013,11
plw,2014,19
plw,2015,19
plw,2016,31
plw,2017,27
plw,2018,23
plw,2019,8
plw,2020,13
pan,2000,2000
pan,2001,3300
pan,2002,2900
pan,2003,3000
pan,2004,3200
pan,2005,3000
pan,2006,3000
pan,2007,2800
pan,2008,2900
pan,2009,2700
pan,2010,2700
pan,2011,2900
pan,2012,2600
pan,2013,2400
pan,2014,2400
pan,2015,2800
pan,2016,3200
pan,2017,3300
pan,2018,3000
pan,2019,2000
pan,2020,1800
png,2000,36000
png,2001,37000
png,2002,38000
png,2003,38000
png,2004,39000
png,2005,40000
png,2006,41000
png,2007,42000
png,2008,43000
png,2009,44000
png,2010,45000
png,2011,46000
png,2012,47000
png,2013,44000
png,2014,41000
png,2015,42000
png,2016,43000
png,2017,44000
png,2018,45000
png,2019,46000
png,2020,48000
pry,2000,2600
pry,2001,2700
pry,2002,2800
pry,2003,3100
pry,2004,3100
pry,2005,2800
pry,2006,3300
pry,2007,3000
pry,2008,2900
pry,2009,3100
pry,2010,3000
pry,2011,3100
pry,2012,3200
pry,2013,2900
pry,2014,2900
pry,2015,3100
pry,2016,3200
pry,2017,3400
pry,2018,3400
pry,2019,3800
pry,2020,4000
per,2000,69000
per,2001,65000
per,2002,62000
per,2003,53000
per,2004,56000
per,2005,57000
per,2006,58000
per,2007,54000
per,2008,53000
per,2009,52000
per,2010,51000
per,2011,51000
per,2012,48000
per,2013,48000
per,2014,48000
per,2015,48000
per,2016,47000
per,2017,47000
per,2018,48000
per,2019,49000
per,2020,49000
phl,2000,752000
phl,2001,748000
phl,2002,745000
phl,2003,741000
phl,2004,737000
phl,2005,733000
phl,2006,728000
phl,2007,727000
phl,2008,744000
phl,2009,762000
phl,2010,780000
phl,2011,799000
phl,2012,819000
phl,2013,838000
phl,2014,858000
phl,2015,878000
phl,2016,898000
phl,2017,911000
phl,2018,924000
phl,2019,936000
phl,2020,918000
pol,2000,15000
pol,2001,13000
pol,2002,13000
pol,2003,13000
pol,2004,12000
pol,2005,11000
pol,2006,11000
pol,2007,11000
pol,2008,9900
pol,2009,10000
pol,2010,9300
pol,2011,11000
pol,2012,9400
pol,2013,9400
pol,2014,8700
pol,2015,8300
pol,2016,8200
pol,2017,7400
pol,2018,6900
pol,2019,6600
pol,2020,4200
prt,2000,5600
prt,2001,5700
prt,2002,5800
prt,2003,5300
prt,2004,4800
prt,2005,4400
prt,2006,4300
prt,2007,3900
prt,2008,3700
prt,2009,3600
prt,2010,3500
prt,2011,3300
prt,2012,3300
prt,2013,3100
prt,2014,2900
prt,2015,2800
prt,2016,2400
prt,2017,2300
prt,2018,2500
prt,2019,2300
prt,2020,1800
pri,2000,230
pri,2001,160
pri,2002,170
pri,2003,150
pri,2004,160
pri,2005,150
pri,2006,150
pri,2007,130
pri,2008,130
pri,2009,84
pri,2010,110
pri,2011,66
pri,2012,94
pri,2013,65
pri,2014,58
pri,2015,69
pri,2016,86
pri,2017,52
pri,2018,33
pri,2019,48
pri,2020,36
qat,2000,370
qat,2001,380
qat,2002,370
qat,2003,370
qat,2004,360
qat,2005,430
qat,2006,450
qat,2007,530
qat,2008,750
qat,2009,820
qat,2010,770
qat,2011,730
qat,2012,970
qat,2013,810
qat,2014,620
qat,2015,700
qat,2016,670
qat,2017,800
qat,2018,1000
qat,2019,1100
qat,2020,1100
kor,2000,25000
kor,2001,43000
kor,2002,40000
kor,2003,42000
kor,2004,40000
kor,2005,49000
kor,2006,48000
kor,2007,48000
kor,2008,46000
kor,2009,50000
kor,2010,50000
kor,2011,53000
kor,2012,50000
kor,2013,48000
kor,2014,46000
kor,2015,43000
kor,2016,42000
kor,2017,38000
kor,2018,36000
kor,2019,32000
kor,2020,27000
mda,2000,3900
mda,2001,5000
mda,2002,5200
mda,2003,6100
mda,2004,7000
mda,2005,7600
mda,2006,7300
mda,2007,7100
mda,2008,6400
mda,2009,6400
mda,2010,5800
mda,2011,6000
mda,2012,6300
mda,2013,6500
mda,2014,5700
mda,2015,5000
mda,2016,4900
mda,2017,4600
mda,2018,4100
mda,2019,3700
mda,2020,3500
rou,2000,43000
rou,2001,45000
rou,2002,47000
rou,2003,47000
rou,2004,45000
rou,2005,40000
rou,2006,37000
rou,2007,34000
rou,2008,32000
rou,2009,30000
rou,2010,27000
rou,2011,24000
rou,2012,23000
rou,2013,22000
rou,2014,21000
rou,2015,20000
rou,2016,17000
rou,2017,17000
rou,2018,15000
rou,2019,15000
rou,2020,14000
rus,2000,261000
rus,2001,247000
rus,2002,237000
rus,2003,230000
rus,2004,226000
rus,2005,226000
rus,2006,228000
rus,2007,234000
rus,2008,233000
rus,2009,229000
rus,2010,217000
rus,2011,202000
rus,2012,186000
rus,2013,175000
rus,2014,164000
rus,2015,153000
rus,2016,142000
rus,2017,130000
rus,2018,117000
rus,2019,104000
rus,2020,98000
rwa,2000,11000
rwa,2001,9500
rwa,2002,11000
rwa,2003,13000
rwa,2004,12000
rwa,2005,13000
rwa,2006,16000
rwa,2007,15000
rwa,2008,14000
rwa,2009,13000
rwa,2010,12000
rwa,2011,11000
rwa,2012,10000
rwa,2013,9300
rwa,2014,9400
rwa,2015,8900
rwa,2016,9300
rwa,2017,8900
rwa,2018,9300
rwa,2019,9100
rwa,2020,9600
kna,2000,0
kna,2001,3
kna,2002,4
kna,2003,1
kna,2004,3
kna,2005,0
kna,2006,1
kna,2007,5
kna,2008,7
kna,2009,5
kna,2010,3
kna,2011,1
kna,2012,3
kna,2013,0
kna,2014,9
kna,2015,3
kna,2016,0
kna,2017,1
kna,2018,0
kna,2019,3
kna,2020,3
lca,2000,13
lca,2001,25
lca,2002,30
lca,2003,25
lca,2004,25
lca,2005,23
lca,2006,25
lca,2007,35
lca,2008,40
lca,2009,15
lca,2010,13
lca,2011,10
lca,2012,16
lca,2013,13
lca,2014,8
lca,2015,22
lca,2016,4
lca,2017,16
lca,2018,6
lca,2019,8
lca,2020,5
vct,2000,31
vct,2001,16
vct,2002,16
vct,2003,26
vct,2004,12
vct,2005,10
vct,2006,23
vct,2007,21
vct,2008,21
vct,2009,14
vct,2010,28
vct,2011,34
vct,2012,84
vct,2013,4
vct,2014,7
vct,2015,10
vct,2016,9
vct,2017,2
vct,2018,9
vct,2019,5
vct,2020,9
wsm,2000,71
wsm,2001,31
wsm,2002,47
wsm,2003,39
wsm,2004,52
wsm,2005,34
wsm,2006,36
wsm,2007,29
wsm,2008,15
wsm,2009,21
wsm,2010,18
wsm,2011,27
wsm,2012,30
wsm,2013,30
wsm,2014,32
wsm,2015,26
wsm,2016,17
wsm,2017,44
wsm,2018,14
wsm,2019,24
wsm,2020,14
smr,2000,1
smr,2001,0
smr,2002,1
smr,2003,1
smr,2004,0
smr,2005,0
smr,2006,0
smr,2007,0
smr,2008,0
smr,2009,0
smr,2010,0
smr,2011,0
smr,2012,0
smr,2013,0
smr,2014,0
smr,2015,0
smr,2016,0
smr,2017,0
smr,2018,0
smr,2019,0
smr,2020,0
stp,2000,330
stp,2001,320
stp,2002,310
stp,2003,370
stp,2004,440
stp,2005,530
stp,2006,630
stp,2007,280
stp,2008,180
stp,2009,210
stp,2010,400
stp,2011,480
stp,2012,370
stp,2013,530
stp,2014,590
stp,2015,700
stp,2016,760
stp,2017,460
stp,2018,510
stp,2019,460
stp,2020,480
sau,2000,4600
sau,2001,4400
sau,2002,4500
sau,2003,4400
sau,2004,4400
sau,2005,4700
sau,2006,5000
sau,2007,5300
sau,2008,5300
sau,2009,5400
sau,2010,5900
sau,2011,5200
sau,2012,4900
sau,2013,4600
sau,2014,4300
sau,2015,4400
sau,2016,3900
sau,2017,3800
sau,2018,3900
sau,2019,3900
sau,2020,3300
sen,2000,22000
sen,2001,22000
sen,2002,22000
sen,2003,22000
sen,2004,22000
sen,2005,22000
sen,2006,22000
sen,2007,23000
sen,2008,23000
sen,2009,23000
sen,2010,23000
sen,2011,23000
sen,2012,24000
sen,2013,24000
sen,2014,24000
sen,2015,24000
sen,2016,25000
sen,2017,25000
sen,2018,25000
sen,2019,25000
sen,2020,26000
scg,2000,4700
scg,2001,7500
scg,2002,7000
scg,2003,7600
scg,2004,6000
srb,2005,5400
srb,2006,5200
srb,2007,4700
srb,2008,4300
srb,2009,4000
srb,2010,3600
srb,2011,3300
srb,2012,2700
srb,2013,3100
srb,2014,2600
srb,2015,2300
srb,2016,2000
srb,2017,2000
srb,2018,1800
srb,2019,1500
srb,2020,1300
syc,2000,27
syc,2001,25
syc,2002,39
syc,2003,13
syc,2004,24
syc,2005,19
syc,2006,24
syc,2007,23
syc,2008,8
syc,2009,20
syc,2010,23
syc,2011,28
syc,2012,27
syc,2013,32
syc,2014,17
syc,2015,11
syc,2016,16
syc,2017,21
syc,2018,20
syc,2019,19
syc,2020,12
sle,2000,20000
sle,2001,21000
sle,2002,22000
sle,2003,24000
sle,2004,25000
sle,2005,26000
sle,2006,27000
sle,2007,28000
sle,2008,29000
sle,2009,29000
sle,2010,27000
sle,2011,28000
sle,2012,29000
sle,2013,31000
sle,2014,32000
sle,2015,32000
sle,2016,32000
sle,2017,32000
sle,2018,33000
sle,2019,33000
sle,2020,34000
sgp,2000,2300
sgp,2001,2000
sgp,2002,2000
sgp,2003,2100
sgp,2004,1900
sgp,2005,1800
sgp,2006,1800
sgp,2007,1800
sgp,2008,2100
sgp,2009,2000
sgp,2010,2100
sgp,2011,2200
sgp,2012,3100
sgp,2013,2900
sgp,2014,2900
sgp,2015,2900
sgp,2016,3300
sgp,2017,3100
sgp,2018,3100
sgp,2019,2800
sgp,2020,3100
sxm,2010,4
sxm,2011,3
sxm,2012,1
sxm,2013,3
sxm,2014,0
sxm,2015,3
sxm,2016,0
sxm,2017,7
sxm,2018,9
sxm,2019,7
sxm,2020,1
svk,2000,1300
svk,2001,1300
svk,2002,1300
svk,2003,1300
svk,2004,880
svk,2005,940
svk,2006,890
svk,2007,830
svk,2008,780
svk,2009,600
svk,2010,540
svk,2011,500
svk,2012,430
svk,2013,530
svk,2014,430
svk,2015,410
svk,2016,370
svk,2017,300
svk,2018,360
svk,2019,280
svk,2020,200
svn,2000,490
svn,2001,480
svn,2002,450
svn,2003,380
svn,2004,330
svn,2005,360
svn,2006,280
svn,2007,280
svn,2008,280
svn,2009,250
svn,2010,220
svn,2011,240
svn,2012,180
svn,2013,180
svn,2014,190
svn,2015,170
svn,2016,160
svn,2017,150
svn,2018,130
svn,2019,130
svn,2020,100
slb,2000,520
slb,2001,490
slb,2002,410
slb,2003,490
slb,2004,590
slb,2005,710
slb,2006,650
slb,2007,700
slb,2008,670
slb,2009,620
slb,2010,560
slb,2011,680
slb,2012,600
slb,2013,590
slb,2014,560
slb,2015,700
slb,2016,670
slb,2017,600
slb,2018,630
slb,2019,560
slb,2020,570
som,2000,37000
som,2001,39000
som,2002,40000
som,2003,41000
som,2004,43000
som,2005,44000
som,2006,45000
som,2007,47000
som,2008,48000
som,2009,50000
som,2010,51000
som,2011,52000
som,2012,54000
som,2013,55000
som,2014,54000
som,2015,55000
som,2016,56000
som,2017,56000
som,2018,56000
som,2019,57000
som,2020,59000
zaf,2000,544000
zaf,2001,663000
zaf,2002,793000
zaf,2003,925000
zaf,2004,1050000
zaf,2005,1160000
zaf,2006,1230000
zaf,2007,1280000
zaf,2008,1100000
zaf,2009,1060000
zaf,2010,1050000
zaf,2011,981000
zaf,2012,1050000
zaf,2013,995000
zaf,2014,962000
zaf,2015,874000
zaf,2016,668000
zaf,2017,604000
zaf,2018,547000
zaf,2019,489000
zaf,2020,444000
ssd,2011,32000
ssd,2012,33000
ssd,2013,34000
ssd,2014,34000
ssd,2015,35000
ssd,2016,35000
ssd,2017,35000
ssd,2018,36000
ssd,2019,36000
ssd,2020,37000
esp,2000,11000
esp,2001,9100
esp,2002,9700
esp,2003,13000
esp,2004,8000
esp,2005,9700
esp,2006,10000
esp,2007,9800
esp,2008,10000
esp,2009,9600
esp,2010,9200
esp,2011,8500
esp,2012,7500
esp,2013,7000
esp,2014,6400
esp,2015,5300
esp,2016,6300
esp,2017,5800
esp,2018,6000
esp,2019,5400
esp,2020,3900
lka,2000,17000
lka,2001,18000
lka,2002,17000
lka,2003,16000
lka,2004,17000
lka,2005,17000
lka,2006,18000
lka,2007,18000
lka,2008,17000
lka,2009,17000
lka,2010,17000
lka,2011,17000
lka,2012,18000
lka,2013,18000
lka,2014,18000
lka,2015,18000
lka,2016,18000
lka,2017,18000
lka,2018,18000
lka,2019,18000
lka,2020,18000
sdn,2000,123000
sdn,2001,114000
sdn,2002,116000
sdn,2003,118000
sdn,2004,128000
sdn,2005,133000
sdn,2006,142000
sdn,2007,142000
sdn,2008,103000
sdn,2009,113000
sdn,2010,112000
sdn,2011,73000
sdn,2012,73000
sdn,2013,71000
sdn,2014,66000
sdn,2015,57000
sdn,2016,49000
sdn,2017,45000
sdn,2018,42000
sdn,2019,39000
sdn,2020,38000
sur,2000,140
sur,2001,110
sur,2002,150
sur,2003,160
sur,2004,150
sur,2005,190
sur,2006,210
sur,2007,210
sur,2008,170
sur,2009,310
sur,2010,350
sur,2011,200
sur,2012,200
sur,2013,230
sur,2014,240
sur,2015,230
sur,2016,180
sur,2017,200
sur,2018,290
sur,2019,210
sur,2020,210
swe,2000,550
swe,2001,520
swe,2002,500
swe,2003,530
swe,2004,570
swe,2005,720
swe,2006,650
swe,2007,610
swe,2008,680
swe,2009,760
swe,2010,820
swe,2011,710
swe,2012,790
swe,2013,810
swe,2014,840
swe,2015,1000
swe,2016,930
swe,2017,650
swe,2018,630
swe,2019,640
swe,2020,420
che,2000,770
che,2001,730
che,2002,790
che,2003,760
che,2004,730
che,2005,680
che,2006,630
che,2007,560
che,2008,620
che,2009,670
che,2010,680
che,2011,700
che,2012,550
che,2013,620
che,2014,560
che,2015,710
che,2016,760
che,2017,700
che,2018,630
che,2019,530
che,2020,470
syr,2000,10000
syr,2001,9700
syr,2002,9000
syr,2003,9100
syr,2004,8400
syr,2005,7700
syr,2006,6700
syr,2007,7300
syr,2008,6100
syr,2009,6800
syr,2010,6000
syr,2011,5900
syr,2012,4700
syr,2013,4200
syr,2014,5800
syr,2015,4700
syr,2016,5000
syr,2017,4400
syr,2018,4200
syr,2019,4100
syr,2020,4200
tjk,2000,24000
tjk,2001,25000
tjk,2002,25000
tjk,2003,24000
tjk,2004,23000
tjk,2005,22000
tjk,2006,20000
tjk,2007,19000
tjk,2008,17000
tjk,2009,15000
tjk,2010,14000
tjk,2011,12000
tjk,2012,11000
tjk,2013,11000
tjk,2014,9700
tjk,2015,9300
tjk,2016,9400
tjk,2017,9500
tjk,2018,9600
tjk,2019,9700
tjk,2020,10000
tha,2000,312000
tha,2001,323000
tha,2002,323000
tha,2003,316000
tha,2004,304000
tha,2005,288000
tha,2006,272000
tha,2007,255000
tha,2008,240000
tha,2009,212000
tha,2010,194000
tha,2011,186000
tha,2012,188000
tha,2013,180000
tha,2014,176000
tha,2015,171000
tha,2016,157000
tha,2017,139000
tha,2018,136000
tha,2019,133000
tha,2020,134000
tls,2002,6600
tls,2003,6300
tls,2004,6000
tls,2005,6200
tls,2006,6600
tls,2007,7400
tls,2008,7500
tls,2009,5800
tls,2010,6200
tls,2011,6600
tls,2012,7400
tls,2013,7800
tls,2014,8400
tls,2015,8500
tls,2016,8700
tls,2017,8800
tls,2018,9000
tls,2019,9200
tls,2020,9600
tgo,2000,4100
tgo,2001,4400
tgo,2002,4800
tgo,2003,5500
tgo,2004,6600
tgo,2005,7500
tgo,2006,8200
tgo,2007,8900
tgo,2008,9300
tgo,2009,9500
tgo,2010,9500
tgo,2011,9200
tgo,2012,8700
tgo,2013,8000
tgo,2014,7100
tgo,2015,5600
tgo,2016,4400
tgo,2017,3900
tgo,2018,3600
tgo,2019,3600
tgo,2020,3600
tkl,2000,0
tkl,2001,0
tkl,2002,0
tkl,2003,0
tkl,2004,0
tkl,2005,0
tkl,2006,0
tkl,2007,0
tkl,2008,0
tkl,2009,0
tkl,2010,0
tkl,2011,0
tkl,2012,0
tkl,2013,0
tkl,2014,0
tkl,2015,8
tkl,2016,0
tkl,2017,0
tkl,2018,0
tkl,2019,0
tkl,2020,1
ton,2000,39
ton,2001,17
ton,2002,50
ton,2003,23
ton,2004,17
ton,2005,27
ton,2006,27
ton,2007,37
ton,2008,18
ton,2009,10
ton,2010,15
ton,2011,12
ton,2012,15
ton,2013,13
ton,2014,18
ton,2015,20
ton,2016,10
ton,2017,15
ton,2018,12
ton,2019,13
ton,2020,12
tto,2000,260
tto,2001,270
tto,2002,180
tto,2003,200
tto,2004,240
tto,2005,220
tto,2006,310
tto,2007,290
tto,2008,370
tto,2009,360
tto,2010,290
tto,2011,300
tto,2012,360
tto,2013,330
tto,2014,330
tto,2015,260
tto,2016,280
tto,2017,270
tto,2018,340
tto,2019,290
tto,2020,290
tun,2000,3000
tun,2001,2900
tun,2002,2800
tun,2003,2900
tun,2004,3000
tun,2005,3100
tun,2006,3200
tun,2007,3400
tun,2008,3400
tun,2009,3200
tun,2010,3600
tun,2011,4800
tun,2012,5200
tun,2013,4800
tun,2014,5000
tun,2015,5500
tun,2016,5500
tun,2017,4900
tun,2018,5000
tun,2019,5200
tun,2020,5500
tur,2000,28000
tur,2001,26000
tur,2002,28000
tur,2003,27000
tur,2004,26000
tur,2005,31000
tur,2006,30000
tur,2007,29000
tur,2008,26000
tur,2009,25000
tur,2010,23000
tur,2011,21000
tur,2012,20000
tur,2013,18000
tur,2014,18000
tur,2015,17000
tur,2016,16000
tur,2017,16000
tur,2018,15000
tur,2019,15000
tur,2020,15000
tkm,2000,8700
tkm,2001,8400
tkm,2002,7500
tkm,2003,9500
tkm,2004,6600
tkm,2005,6100
tkm,2006,6100
tkm,2007,6600
tkm,2008,7500
tkm,2009,5900
tkm,2010,6000
tkm,2011,4800
tkm,2012,5200
tkm,2013,5500
tkm,2014,4300
tkm,2015,3500
tkm,2016,3300
tkm,2017,3100
tkm,2018,3400
tkm,2019,3300
tkm,2020,3600
tca,2000,4
tca,2001,4
tca,2002,4
tca,2003,8
tca,2004,8
tca,2005,9
tca,2006,9
tca,2007,9
tca,2008,9
tca,2009,9
tca,2010,8
tca,2011,12
tca,2012,11
tca,2013,3
tca,2014,1
tca,2015,3
tca,2016,3
tca,2017,5
tca,2018,3
tca,2019,5
tca,2020,5
tuv,2000,20
tuv,2001,20
tuv,2002,16
tuv,2003,43
tuv,2004,20
tuv,2005,15
tuv,2006,11
tuv,2007,23
tuv,2008,21
tuv,2009,23
tuv,2010,17
tuv,2011,15
tuv,2012,24
tuv,2013,23
tuv,2014,19
tuv,2015,25
tuv,2016,25
tuv,2017,30
tuv,2018,35
tuv,2019,40
tuv,2020,40
uga,2000,125000
uga,2001,106000
uga,2002,98000
uga,2003,93000
uga,2004,91000
uga,2005,95000
uga,2006,95000
uga,2007,95000
uga,2008,95000
uga,2009,97000
uga,2010,97000
uga,2011,96000
uga,2012,101000
uga,2013,103000
uga,2014,109000
uga,2015,117000
uga,2016,122000
uga,2017,126000
uga,2018,130000
uga,2019,134000
uga,2020,135000
ukr,2000,93000
ukr,2001,98000
ukr,2002,101000
ukr,2003,104000
ukr,2004,105000
ukr,2005,104000
ukr,2006,101000
ukr,2007,97000
ukr,2008,93000
ukr,2009,87000
ukr,2010,82000
ukr,2011,77000
ukr,2012,72000
ukr,2013,68000
ukr,2014,65000
ukr,2015,62000
ukr,2016,58000
ukr,2017,55000
ukr,2018,51000
ukr,2019,48000
ukr,2020,45000
are,2000,150
are,2001,98
are,2002,120
are,2003,160
are,2004,120
are,2005,140
are,2006,120
are,2007,130
are,2008,120
are,2009,150
are,2010,170
are,2011,140
are,2012,100
are,2013,110
are,2014,80
are,2015,81
are,2016,85
are,2017,88
are,2018,110
are,2019,110
are,2020,90
gbr,2000,7700
gbr,2001,7500
gbr,2002,8500
gbr,2003,8800
gbr,2004,8700
gbr,2005,10000
gbr,2006,10000
gbr,2007,9900
gbr,2008,10000
gbr,2009,10000
gbr,2010,9700
gbr,2011,10000
gbr,2012,10000
gbr,2013,9200
gbr,2014,8200
gbr,2015,7300
gbr,2016,7200
gbr,2017,6500
gbr,2018,5900
gbr,2019,6000
gbr,2020,5200
tza,2000,416000
tza,2001,424000
tza,2002,431000
tza,2003,439000
tza,2004,445000
tza,2005,452000
tza,2006,453000
tza,2007,450000
tza,2008,440000
tza,2009,427000
tza,2010,409000
tza,2011,391000
tza,2012,375000
tza,2013,335000
tza,2014,331000
tza,2015,308000
tza,2016,289000
tza,2017,270000
tza,2018,253000
tza,2019,237000
tza,2020,229000
usa,2000,22000
usa,2001,21000
usa,2002,20000
usa,2003,20000
usa,2004,19000
usa,2005,19000
usa,2006,18000
usa,2007,18000
usa,2008,17000
usa,2009,15000
usa,2010,15000
usa,2011,14000
usa,2012,13000
usa,2013,12000
usa,2014,12000
usa,2015,12000
usa,2016,12000
usa,2017,12000
usa,2018,11000
usa,2019,11000
usa,2020,9100
ury,2000,860
ury,2001,920
ury,2002,710
ury,2003,850
ury,2004,970
ury,2005,830
ury,2006,740
ury,2007,810
ury,2008,910
ury,2009,940
ury,2010,930
ury,2011,1100
ury,2012,1100
ury,2013,1200
ury,2014,1100
ury,2015,1200
ury,2016,1200
ury,2017,1200
ury,2018,1300
ury,2019,1400
ury,2020,1300
uzb,2000,40000
uzb,2001,46000
uzb,2002,43000
uzb,2003,40000
uzb,2004,56000
uzb,2005,51000
uzb,2006,43000
uzb,2007,48000
uzb,2008,49000
uzb,2009,41000
uzb,2010,45000
uzb,2011,43000
uzb,2012,42000
uzb,2013,31000
uzb,2014,33000
uzb,2015,34000
uzb,2016,34000
uzb,2017,32000
uzb,2018,31000
uzb,2019,30000
uzb,2020,30000
vut,2000,350
vut,2001,430
vut,2002,190
vut,2003,200
vut,2004,340
vut,2005,330
vut,2006,260
vut,2007,270
vut,2008,300
vut,2009,220
vut,2010,250
vut,2011,250
vut,2012,220
vut,2013,220
vut,2014,250
vut,2015,220
vut,2016,220
vut,2017,200
vut,2018,180
vut,2019,160
vut,2020,150
ven,2000,9600
ven,2001,9200
ven,2002,9100
ven,2003,10000
ven,2004,10000
ven,2005,10000
ven,2006,9900
ven,2007,9400
ven,2008,9300
ven,2009,9400
ven,2010,9400
ven,2011,9100
ven,2012,9400
ven,2013,9500
ven,2014,9200
ven,2015,10000
ven,2016,12000
ven,2017,17000
ven,2018,18000
ven,2019,16000
ven,2020,17000
vnm,2000,499000
vnm,2001,478000
vnm,2002,459000
vnm,2003,441000
vnm,2004,423000
vnm,2005,406000
vnm,2006,389000
vnm,2007,374000
vnm,2008,360000
vnm,2009,347000
vnm,2010,334000
vnm,2011,322000
vnm,2012,311000
vnm,2013,301000
vnm,2014,290000
vnm,2015,281000
vnm,2016,271000
vnm,2017,263000
vnm,2018,254000
vnm,2019,246000
vnm,2020,247000
wlf,2000,2
wlf,2001,1
wlf,2002,25
wlf,2003,23
wlf,2004,15
wlf,2005,9
wlf,2006,8
wlf,2007,3
wlf,2008,7
wlf,2009,12
wlf,2010,6
wlf,2011,3
wlf,2012,3
wlf,2013,3
wlf,2014,0
wlf,2015,0
wlf,2016,0
wlf,2017,0
wlf,2018,0
wlf,2019,1
wlf,2020,0
yem,2000,25000
yem,2001,23000
yem,2002,22000
yem,2003,21000
yem,2004,19000
yem,2005,18000
yem,2006,17000
yem,2007,15000
yem,2008,14000
yem,2009,14000
yem,2010,13000
yem,2011,13000
yem,2012,13000
yem,2013,14000
yem,2014,14000
yem,2015,14000
yem,2016,15000
yem,2017,15000
yem,2018,15000
yem,2019,16000
yem,2020,17000
zmb,2000,164000
zmb,2001,157000
zmb,2002,130000
zmb,2003,113000
zmb,2004,114000
zmb,2005,117000
zmb,2006,115000
zmb,2007,121000
zmb,2008,118000
zmb,2009,115000
zmb,2010,112000
zmb,2011,109000
zmb,2012,106000
zmb,2013,103000
zmb,2014,96000
zmb,2015,94000
zmb,2016,91000
zmb,2017,89000
zmb,2018,87000
zmb,2019,85000
zmb,2020,84000
zwe,2000,157000
zwe,2001,147000
zwe,2002,138000
zwe,2003,147000
zwe,2004,146000
zwe,2005,174000
zwe,2006,162000
zwe,2007,147000
zwe,2008,130000
zwe,2009,100000
zwe,2010,82000
zwe,2011,81000
zwe,2012,75000
zwe,2013,59000
zwe,2014,55000
zwe,2015,46000
zwe,2016,44000
zwe,2017,42000
zwe,2018,40000
zwe,2019,38000
zwe,2020,37000
